,Reference area,TIME_PERIOD,Air pollution exposure (Exposure to PM2.5): % of population,Air pollution exposure (Exposure to PM2.5): Micrograms per cubic metre,Average wages (Total): US dollars,Employment rate (Men): % of working age population,Employment rate (Men): Thousand persons,Employment rate (Total): % of working age population,Employment rate (Total): Thousand persons,Employment rate (Women): % of working age population,Employment rate (Women): Thousand persons,Exchange rates (Total): National currency units/US dollar,GDP per hour worked (Total): 2015=100,GDP per hour worked (Total): US dollars,Gender wage gap (Employees): Percentage,Gender wage gap (Self-employed): Percentage,Gross domestic product (GDP) (Total): Million US dollars,Gross domestic product (GDP) (Total): US dollars/capita,Purchasing power parities (PPP) (Total): National currency units/US dollar,Trust in government (Total): Percentage
71,Australia,1994,,,43873.85695,75.05529,4532.231,66.00251,7899.284,56.85906,3367.054,1.367751,69.609837,37.690439,14.40972222,,381647.453,21434.24519,1.299225,
72,Australia,1995,3.002,7.496,43715.0,76.38482,4665.304,67.62838,8188.812,58.79062,3523.509,1.349033,71.70309,38.823836,14.47811448,,404102.992,22444.05647,1.308996,
73,Australia,1996,,,44976.27559,76.3037,4715.818,67.66373,8298.891,58.95956,3583.072,1.277863,74.188297,40.169459,,,424472.904,23290.94992,1.311426,
74,Australia,1997,,,46355.55509,75.84586,4742.123,67.36479,8366.658,58.84204,3624.535,1.34738,76.737507,41.549735,15.25423729,,450962.701,24478.24464,1.306627,
75,Australia,1998,,,46999.6351,76.17059,4812.578,67.80048,8517.424,59.40298,3704.846,1.591828,79.220391,42.8941,13.24200913,,478691.653,25725.59883,1.298972,
76,Australia,1999,,,48064.87024,76.59881,4890.84,68.23203,8672.614,59.85204,3781.775,1.54995,79.911126,43.2681,14.28571429,,510947.993,27160.31497,1.29695,
77,Australia,2000,0.005,7.366,48213.08868,76.92454,4978.391,69.09614,8901.732,61.2659,3923.342,1.724827,80.804204,43.75166,17.2,,539145.522,28333.13305,1.31208,
78,Australia,2001,,,48693.3023,76.35796,5008.421,69.00098,9015.015,61.65271,4006.594,1.933443,83.605592,45.268479,14.34210526,,569807.996,29562.48326,1.327545,
79,Australia,2002,,,49140.63129,76.68957,5101.588,69.35914,9190.267,62.03787,4088.678,1.840563,84.855358,45.945168,15.0,,600908.415,30823.40346,1.33649,
80,Australia,2003,,,49849.37515,77.05504,5192.441,70.01125,9396.537,62.97922,4204.096,1.541914,86.823406,47.010774,13.04347826,,639129.361,32409.0606,1.351978,
81,Australia,2004,,,51414.31839,77.60509,5296.681,70.29926,9558.361,63.00517,4261.68,1.359752,86.532484,46.853253,14.35294118,,678093.52,34019.15042,1.36477,
82,Australia,2005,0.005,6.91,52013.93975,78.50571,5443.297,71.54403,9880.634,64.5948,4437.336,1.309473,86.854971,47.027864,15.77777778,,719977.551,35683.436,1.388356,
83,Australia,2006,,,52368.0,78.8098,5559.523,72.12262,10124.23,65.44512,4564.704,1.327973,87.298147,47.267823,16.66666667,,776413.103,37964.55444,1.402633,53.20633284
84,Australia,2007,,,53805.0,79.54396,5732.45,72.80006,10434.27,66.06055,4701.819,1.195073,88.292555,47.806248,15.4,,826927.984,39703.46962,1.42652,52.69328107
85,Australia,2008,,,54149.0,79.6843,5880.447,73.20431,10731.17,66.71808,4850.724,1.192178,91.356643,49.465307,11.93737769,,852859.354,40136.06886,1.479073,64.46754241
86,Australia,2009,,,53644.0,77.78976,5879.186,72.05107,10805.58,66.30235,4926.391,1.282189,90.614407,49.063422,16.36363636,,904209.158,41684.56865,1.442566,
87,Australia,2010,0.004,6.787,55536.0,78.59275,6021.409,72.37024,11022.24,66.14607,5000.834,1.090159,92.059829,49.846049,14.04293381,,943488.216,42823.92797,1.503623,60.97529188
88,Australia,2011,0.004,6.712,57361.0,78.67326,6107.871,72.65694,11213.82,66.6507,5105.946,0.969463,93.143265,50.432679,15.96638656,,993249.916,44460.60502,1.511052,53.07867193
89,Australia,2012,0.004,7.001,57752.0,78.136,6163.553,72.34558,11350.8,66.57001,5187.249,0.965801,95.393843,51.65126,13.75,,998266.252,43911.6833,1.540115,42.04191789
90,Australia,2013,0.004,6.965,57579.0,77.5471,6200.635,71.97044,11456.71,66.41943,5256.074,1.035843,97.059185,52.552964,18.0,,1105431.18,47796.02217,1.447123,45.58714682
91,Australia,2014,0.004,6.877,58102.0,77.07588,6231.923,71.56635,11540.16,66.09975,5308.238,1.109363,97.516292,52.800466,15.77335375,,1118585.036,47648.63396,1.452489,46.46762335
92,Australia,2015,0.004,6.848,57744.0,77.54211,6327.085,72.15796,11766.27,66.83152,5439.183,1.33109,100.0,54.145277,13.30769231,,1125701.148,47266.59172,1.473691,47.85568371
93,Australia,2016,0.004,6.822,57885.0,77.53742,6403.566,72.43098,11972.74,67.39288,5569.173,1.345214,99.750519,54.010195,13.72843211,,1213233.545,50152.47657,1.450156,45.27317501
94,Australia,2017,0.004,6.673,57619.0,77.8993,6530.419,72.98665,12249.01,68.14085,5718.59,1.304758,100.911727,54.638934,13.00094822,,1248366.725,50758.58232,1.477553,45.34069629
95,Australia,2018,0.004,6.741,57843.0,78.36475,6683.232,73.75645,12576.78,69.20642,5893.544,1.338412,100.940094,54.654293,13.44856744,,1326195.638,53118.79224,1.470403,46.88368745
96,Australia,2019,0.004,6.749,58620.0,78.69668,6815.487,74.30875,12863.33,69.97153,6047.843,1.438507,101.875067,55.160537,15.31165312,,1360009.549,53670.04007,1.459253,46.87000149
97,Australia,2020,,,60377.0,76.83199,6693.649,72.67477,12658.38,68.56551,5964.732,1.453085,103.672917,56.133988,10.53333333,,1459486.518,56888.30448,1.431257,44.64222495
98,Australia,2021,,,60681.49855,78.76196,6875.72,74.92894,13045.73,71.13477,6170.014,1.331224,105.35434,57.044399,10.47024531,,1649096.43,64196.90167,1.414848,51.92263873
99,Australia,2022,,,59407.88998,80.73112,7141.941,77.25888,13625.38,73.81777,6483.437,1.441664,103.344327,55.956072,9.875,,1868119.485,71861.52867,1.371019,49.91188168
100,Austria,1994,,,54743.42406,,2117.0,,3698.0,,1581.0,0.830056,,,,,179568.169,22626.70101,0.940894,
101,Austria,1995,99.823,20.368,55184.0,,2133.0,,3729.0,,1596.0,0.732651,75.995147,51.115702,,,188224.843,23681.21028,0.938286,
102,Austria,1996,,,54819.61652,,2100.0,,3679.0,,1579.0,0.769355,76.071946,51.167358,,,195409.962,24552.02525,0.934143,
103,Austria,1997,,,54346.94505,,2094.0,,3684.0,,1590.0,0.886917,76.743248,51.618888,,,202563.72,25422.02277,0.931676,
104,Austria,1998,,,56101.14252,,2091.0,,3689.0,,1598.0,0.899622,79.645085,53.570716,,,212779.598,26674.84344,0.92277,
105,Austria,1999,,,57354.89958,77.575,2108.0,68.525,3731.0,59.55,1623.0,0.938283,81.066854,54.527023,,,220639.939,27606.48424,0.923906,
106,Austria,2000,99.324,17.429,57529.01747,77.375,2110.0,68.5,3741.0,59.625,1631.0,1.082705,82.995462,55.82424,23.14194309,,235377.699,29379.73666,0.907505,
107,Austria,2001,,,57344.65956,76.7,2069.0,68.375,3708.0,60.125,1639.0,1.116533,84.054622,56.53665,22.80181782,,238949.141,29711.56876,0.922895,
108,Austria,2002,,,58229.16778,76.375,2075.0,68.75,3757.0,61.25,1682.0,1.057559,85.648082,57.608439,24.48922362,,251984.784,31178.05144,0.899797,
109,Austria,2003,,,58368.87321,76.375,2085.0,68.95,3790.0,61.575,1705.0,0.884048,86.323544,58.062767,21.13692198,51.79603577,261071.507,32158.61393,0.888119,
110,Austria,2004,,,59473.25479,73.325,2050.0,66.525,3732.0,59.75,1682.0,0.803922,88.009843,59.197002,22.43079216,49.96606827,276006.322,33785.21514,0.878053,
111,Austria,2005,97.799,16.554,59801.36993,73.75,2046.1,67.4,3747.425,61.1,1701.375,0.8038,90.130666,60.623506,22.03208575,49.89718247,288086.722,35024.55748,0.881939,
112,Austria,2006,,,60698.0,74.95,2084.975,68.575,3825.975,62.225,1740.975,0.796433,92.526896,62.235253,21.85513043,47.26454544,311412.986,37665.08765,0.86003,49.7037786
113,Austria,2007,,,61047.0,76.325,2138.025,69.875,3923.575,63.475,1785.575,0.729672,94.8488,63.797008,21.63427637,48.46804047,327170.595,39441.00548,0.867981,
114,Austria,2008,,,62081.0,76.85,2163.525,70.825,3994.0,64.825,1830.525,0.679923,94.853068,63.799879,20.91732027,48.60409927,343812.976,41316.02264,0.854424,25.72421933
115,Austria,2009,,,63135.0,75.525,2133.45,70.325,3982.1,65.2,1848.675,0.716958,94.187636,63.352297,19.35596592,46.53011704,341382.982,40925.93388,0.843756,48.105214
116,Austria,2010,97.069,15.872,62831.0,75.975,2147.95,70.775,4016.625,65.65,1868.7,0.754309,95.612437,64.310644,19.18886268,45.36217117,351280.998,42013.88575,0.842336,49.18410776
117,Austria,2011,98.692,16.252,62159.0,76.225,2162.325,71.1,4052.425,66.075,1890.1,0.718414,96.561153,64.948767,18.55055412,44.05809784,373031.477,44469.20964,0.831374,40.69201162
118,Austria,2012,96.542,14.63,62515.0,76.225,2171.325,71.425,4084.4,66.625,1913.125,0.778338,97.610973,65.654895,18.18505684,45.36979675,391635.176,46477.65508,0.813648,37.65738622
119,Austria,2013,96.43,14.622,62568.0,76.0,2180.2,71.4,4104.55,66.85,1924.325,0.752945,98.238885,66.07724,18.05321141,46.31814575,406370.245,47936.67796,0.797081,41.70992387
120,Austria,2014,89.034,12.913,62801.0,75.25,2175.2,71.075,4112.675,66.925,1937.475,0.752728,98.591347,66.314312,17.72888425,48.71694565,417059.519,48813.53441,0.798797,40.76954037
121,Austria,2015,92.085,13.453,63231.0,75.15,2194.125,71.1,4148.275,67.1,1954.125,0.901296,100.0,67.261798,17.04325299,52.27589417,430975.924,49942.05629,0.798813,45.47898635
122,Austria,2016,88.978,12.391,63860.0,75.425,2234.4,71.55,4220.175,67.65,1985.775,0.903421,99.874312,67.177258,15.67089964,52.44672012,460282.647,52665.08746,0.776931,43.26382185
123,Austria,2017,80.686,12.023,63856.0,76.15,2254.35,72.2,4260.1,68.175,2005.75,0.885206,101.103167,68.003808,15.38215397,44.67564011,476590.588,54188.36067,0.775009,43.59079409
124,Austria,2018,83.825,12.385,64101.0,77.475,2295.525,73.025,4319.0,68.625,2023.5,0.846773,101.575145,68.321268,14.87669089,40.95563889,503361.417,56956.11056,0.765403,48.86787248
125,Austria,2019,82.411,12.225,64623.0,77.95,2312.9,73.525,4354.65,69.15,2041.75,0.893276,101.427562,68.222001,14.01174081,33.4299736,537897.798,60590.19965,0.738332,51.23382601
126,Austria,2020,,,64648.0,76.05,2277.45,71.725,4296.8,67.425,2019.375,0.875506,103.701761,69.751669,12.38153967,34.54325104,522625.408,58611.02311,0.728798,62.61778268
127,Austria,2021,,,65402.3163,76.65,2288.675,72.4,4305.9,68.125,2017.2,0.845494,103.137449,69.372102,12.15720849,,567988.073,63451.57837,0.713468,61.04589633
128,Austria,2022,,,63801.6205,78.025,2352.975,74.025,4442.475,70.0,2089.475,0.949624,105.001025,70.625577,,,641754.415,70889.71865,0.696867,
129,Azerbaijan,1995,99.835,26.519,,,,,,,,,,,,,,,,
130,Azerbaijan,2000,99.996,25.158,,,,,,,,,,,,,,,,
131,Azerbaijan,2005,99.996,23.783,,,,,,,,,,,,,,,,
132,Azerbaijan,2010,99.996,25.842,,,,,,,,,,,,,,,,
133,Azerbaijan,2011,99.996,27.727,,,,,,,,,,,,,,,,
134,Azerbaijan,2012,99.996,29.593,,,,,,,,,,,,,,,,
135,Azerbaijan,2013,99.996,29.048,,,,,,,,,,,,,,,,
136,Azerbaijan,2014,99.996,28.289,,,,,,,,,,,,,,,,
137,Azerbaijan,2015,99.996,26.816,,,,,,,,,,,,,,,,
138,Azerbaijan,2016,99.828,25.058,,,,,,,,,,,,,,,,
139,Azerbaijan,2017,99.913,25.803,,,,,,,,,,,,,,,,
140,Azerbaijan,2018,99.977,25.884,,,,,,,,,,,,,,,,
141,Azerbaijan,2019,99.959,26.269,,,,,,,,,,,,,,,,
155,Belgium,1994,,,56952.77711,,2153.7,,3687.0,,1533.4,0.829365,81.486426,58.348072,,,217526.018,21503.5893,0.933713,
156,Belgium,1995,99.975,19.684,56759.0,,2158.8,,3715.0,,1556.9,0.730791,81.829314,58.593596,,,227383.563,22431.49347,0.925701,
157,Belgium,1996,,,57470.55687,,2159.0,,3738.1,,1579.1,0.767516,82.850141,59.324556,,,230928.943,22736.83546,0.927935,
158,Belgium,1997,,,58203.37514,,2160.3,,3762.2,,1601.9,0.886812,85.03396,60.888272,,,241579.449,23729.15899,0.927651,
159,Belgium,1998,,,58238.2834,,2176.2,,3810.4,,1634.2,0.89982,85.638558,61.321192,,,248634.506,24370.19781,0.935605,
160,Belgium,1999,,,61484.41221,68.1,2321.475,59.3,4007.0,50.35,1685.575,0.938283,87.413018,62.591788,15.18298714,,260168.781,25440.89624,0.931348,
161,Belgium,2000,99.564,17.751,60929.14052,69.45,2367.575,60.525,4092.65,51.475,1725.1,1.082705,88.10764,63.08917,13.59923114,,284862.733,27788.23284,0.9,
162,Belgium,2001,,,61114.83036,68.8,2346.725,59.95,4055.55,50.95,1708.825,1.116533,88.309445,63.233672,13.18681319,,296218.133,28796.50541,0.892366,
163,Belgium,2002,,,62692.58577,68.25,2339.175,59.9,4069.825,51.4,1730.675,1.057559,88.915037,63.667303,11.60471442,,312900.475,30282.25412,0.8733,
164,Belgium,2003,,,63066.29518,67.25,2316.95,59.6,4070.375,51.825,1753.425,0.884048,89.66458,64.204011,15.20518359,42.56760025,320981.268,30934.67369,0.876064,
165,Belgium,2004,,,62735.50011,67.875,2354.175,60.35,4138.95,52.65,1784.8,0.803922,92.561794,66.278551,11.83206107,44.5397644,334143.284,32064.10874,0.888301,
166,Belgium,2005,98.859,15.901,62139.94835,68.25,2386.85,61.075,4235.425,53.8,1848.55,0.8038,93.971437,67.287921,11.51109251,46.87301254,347658.439,33177.94734,0.891788,
167,Belgium,2006,,,62562.0,67.925,2391.65,61.0,4263.975,53.975,1872.325,0.796433,94.459137,67.637137,10.25326797,45.03698731,371910.192,35258.83507,0.874274,55.17049955
168,Belgium,2007,,,62446.0,68.7,2443.275,62.025,4379.675,55.3,1936.425,0.729672,96.205262,68.887444,9.873617694,41.820961,391020.992,36799.5513,0.878774,60.22382747
169,Belgium,2008,,,62715.0,68.575,2460.675,62.4,4445.875,56.15,1985.175,0.679923,95.614367,68.464336,8.915753683,35.68281174,405729.43,37883.23342,0.86694,46.31370746
170,Belgium,2009,,,63590.0,67.15,2429.325,61.6,4420.7,55.975,1991.375,0.716958,94.994876,68.020751,7.480461481,32.34273529,407550.484,37748.38921,0.850135,
171,Belgium,2010,99.416,16.982,63295.0,67.45,2457.775,62.025,4488.725,56.525,2030.925,0.754309,96.437346,69.053627,7.04379562,30.24333572,434005.977,39833.14154,0.836717,33.65164788
172,Belgium,2011,99.41,16.243,63944.0,67.1,2461.95,61.925,4509.275,56.675,2047.35,0.718414,95.778661,68.581978,5.838108883,32.93947601,451932.625,40942.23072,0.831911,28.91294675
173,Belgium,2012,98.18,15.201,64461.0,66.9,2466.075,61.825,4523.9,56.775,2057.825,0.778338,96.255207,68.923207,6.411149826,34.08844757,469720.336,42290.85843,0.822137,44.01171825
174,Belgium,2013,98.343,14.305,65099.0,66.35,2450.5,61.8,4530.3,57.175,2079.8,0.752945,97.085446,69.517696,5.912863071,32.97843933,487343.796,43671.14688,0.806166,55.41245049
175,Belgium,2014,92.876,12.908,65461.0,65.825,2435.3,61.9,4543.55,57.95,2108.225,0.752728,98.476362,70.513657,3.298900367,31.24487686,503619.623,44929.53249,0.800214,46.91116095
176,Belgium,2015,95.2,13.265,65017.0,65.5,2433.5,61.8,4551.625,58.025,2118.125,0.901296,100.0,71.604653,4.672,28.72033501,520877.807,46200.86629,0.799998,45.9024212
177,Belgium,2016,91.983,12.437,65157.0,66.425,2465.4,62.3,4586.425,58.1,2121.05,0.903421,100.097921,71.674769,3.701298701,28.63306427,550677.566,48597.48712,0.781011,41.91775057
178,Belgium,2017,92.502,12.891,64700.0,67.55,2495.7,63.125,4637.775,58.7,2142.075,0.885206,99.90136,71.534022,4.190296156,27.93323708,573788.528,50442.06063,0.775634,44.97319109
179,Belgium,2018,93.224,12.82,65083.0,68.2,2531.25,64.45,4755.15,60.75,2223.925,0.846773,100.107505,71.681631,3.408756979,27.3945694,600269.926,52530.38181,0.766407,44.19445308
180,Belgium,2019,93.062,12.726,65700.0,68.85,2566.9,65.3,4832.025,61.675,2265.1,0.893276,100.91419,72.259255,3.798185941,21.2167511,650523.59,56621.42834,0.735832,32.79011543
181,Belgium,2020,,,63677.0,68.05,2556.4,64.45,4802.175,60.825,2245.775,0.875506,104.218911,74.625589,1.173184358,18.83637238,643354.972,55729.23194,0.716164,29.47996007
182,Belgium,2021,,,65520.82131,68.75,2575.225,65.3,4853.7,61.8,2278.45,0.845494,103.229623,73.917213,,,719586.058,62077.16304,0.705864,47.31331053
183,Belgium,2022,,,64847.62388,69.8,2638.625,66.525,4990.275,63.225,2351.65,0.949624,101.839995,72.922175,,,797599.248,68285.85291,0.69464,57.24084193
226,Bulgaria,1994,,,,,,,,,,0.054134,,,,,,,,
227,Bulgaria,1995,99.814,27.381,,,,,,,,0.067171,62.700939,14.60228,,,65090.556,7743.283027,0.019598,
228,Bulgaria,1996,,,,,,,,,,0.177889,64.298408,14.974311,,,57275.504,6848.821661,0.038186,
229,Bulgaria,1997,,,,,,,,,,1.681879,57.017495,13.278676,,,47797.792,5750.409216,0.398185,
230,Bulgaria,1998,,,,,,,,,,1.760358,61.85356,14.404936,,,51008.977,6177.824718,0.518733,
231,Bulgaria,1999,,,,,,,,,,1.836383,58.525388,13.629845,,,47685.653,5807.79884,0.525167,
232,Bulgaria,2000,99.81,26.722,,,,,,,,2.123275,63.819963,14.862887,,,52478.641,6423.199103,0.53593,
233,Bulgaria,2001,,,,,,,,,,2.184708,66.295349,15.439374,,,55746.265,7044.628379,0.555852,
234,Bulgaria,2002,,,,,,,,,,2.076975,70.05283,16.314445,12.01269266,,62206.233,7905.327623,0.547674,
235,Bulgaria,2003,,,,,,,,,,1.732702,72.073582,16.785054,,,65448.576,8365.577989,0.559797,
236,Bulgaria,2004,,,,,,,,,,1.575109,73.783435,17.183257,,,71006.975,9125.4988,0.580243,
237,Bulgaria,2005,99.81,24.48,,,,,,,,1.574133,77.147492,17.966705,,,78822.024,10183.85561,0.596499,
238,Bulgaria,2006,,,,,,,,,,1.559267,79.950856,18.619574,,,86708.002,11262.21291,0.618264,
239,Bulgaria,2007,,,,,,,,,,1.42905,82.625744,19.242523,,,96738.612,12629.45078,0.656351,
240,Bulgaria,2008,,,,,,,,,,1.337117,83.692916,19.491054,,,107495.144,14100.69187,0.677678,
241,Bulgaria,2009,,,,,,,,,,1.406692,84.667213,19.717956,,,105572.154,13918.30335,0.693189,
242,Bulgaria,2010,99.8,23.417,,,,,,,,1.477392,89.531554,20.850802,6.934306569,,110621.355,14682.38806,0.676972,
243,Bulgaria,2011,99.8,26.332,,,,,,,,1.406458,93.531266,21.782285,,,115717.181,15747.41642,0.701074,
244,Bulgaria,2012,99.8,23.273,,,,,,,,1.52205,96.598767,22.496669,,,119285.493,16327.30922,0.692815,
245,Bulgaria,2013,99.793,21.803,,,,,,,,1.473567,96.459257,22.464179,,,120960.195,16649.45352,0.680004,
246,Bulgaria,2014,99.8,22.244,,,,,,,,1.474183,97.072424,22.606978,4.0625,,127258.737,17616.25791,0.661233,
247,Bulgaria,2015,99.793,20.864,,,,,,,,1.7644,100.0,23.288774,,,131975.364,18386.11446,0.678698,
248,Bulgaria,2016,99.792,19.951,,,,,,,,1.768042,102.569014,23.887066,,,143025.182,20065.76365,0.666662,
249,Bulgaria,2017,99.792,20.223,,,,,,,,1.735458,103.550308,24.115597,,,151835.515,21457.97946,0.676278,
250,Bulgaria,2018,99.792,20.213,,,,,,,,1.657042,106.367902,24.77178,3.03030303,,161617.658,23005.9528,0.680096,
251,Bulgaria,2019,99.792,19.927,,,,,,,,1.747042,110.240885,25.673751,3.357796768,,178072.556,25527.3323,0.675803,
252,Bulgaria,2020,,,,,,,,,,1.716333,111.108316,25.875765,2.5546879,,178455.505,25736.24441,0.675196,
253,Bulgaria,2021,,,,,,,,,,1.653775,118.314483,27.553993,2.454109636,,202250.908,29406.58335,0.687163,
254,Bulgaria,2022,,,,,,,,,,1.860142,123.530359,28.768706,,,229317.044,35470.00819,0.731777,
268,Canada,1994,,,42464.17584,73.0,7141.892,67.025,13058.74,61.09167,5916.858,1.365673,78.043471,39.985071,,,656367.112,22632.83127,1.206599,
269,Canada,1995,47.665,9.731,42369.0,73.43333,7260.792,67.525,13295.38,61.59167,6034.583,1.372445,78.996329,40.473261,,,688183.628,23485.64344,1.208429,
270,Canada,1996,,,42745.09125,73.15833,7319.125,67.35,13420.13,61.50834,6101.0,1.363522,78.822612,40.384258,,,712130.958,24050.17614,1.20741,
271,Canada,1997,,,44053.76661,73.83334,7473.975,67.98333,13708.17,62.11666,6234.183,1.384598,80.075322,41.026076,24.70588235,,755416.033,25259.72536,1.200565,
272,Canada,1998,,,44793.20601,74.35,7616.7,68.95,14047.01,63.49166,6430.292,1.483505,81.584776,41.799436,24.85549133,,793682.05,26319.93026,1.185044,
273,Canada,1999,,,45157.23019,75.36667,7791.742,69.98333,14401.98,64.625,6610.242,1.485705,83.677097,42.871423,24.0,,846421.343,27841.62958,1.19081,
274,Canada,2000,38.445,9.204,46526.33928,76.15833,7971.033,70.9,14760.13,65.63333,6789.083,1.485394,86.352597,44.242198,23.875,,901003.29,29362.28957,1.227599,
275,Canada,2001,,,46335.18499,75.675,8025.267,70.79166,14932.3,65.86667,6907.042,1.54884,87.739834,44.95294,24.32457913,,937793.044,30231.00503,1.220464,
276,Canada,2002,,,45961.56042,75.85833,8173.792,71.41666,15291.33,66.94167,7117.55,1.570343,89.15379,45.677371,24.0131579,,971009.088,30963.22201,1.229333,
277,Canada,2003,,,45975.75017,76.375,8340.908,72.18333,15660.84,67.975,7319.942,1.401015,89.343178,45.774403,22.50234034,,1023686.549,32350.07088,1.225714,
278,Canada,2004,,,46969.11817,76.575,8463.275,72.45,15915.03,68.34167,7451.742,1.301282,90.086512,46.155246,22.71794872,,1083615.23,33925.89256,1.232662,
279,Canada,2005,39.453,9.02,48325.74464,76.59167,8578.934,72.44167,16123.52,68.225,7544.583,1.211405,92.079882,47.176536,21.25,,1171340.162,36327.66206,1.213644,
280,Canada,2006,,,49797.0,76.875,8712.566,72.84167,16413.75,68.81667,7701.175,1.134345,93.238892,47.770347,21.47836539,42.69449997,1241618.911,38120.17679,1.205365,44.28175519
281,Canada,2007,,,51127.0,77.175,8855.75,73.46667,16756.82,69.75833,7901.092,1.074046,93.284306,47.793614,21.71752196,43.91199875,1301593.852,39575.32497,1.212099,63.78238098
282,Canada,2008,,,52025.0,77.14167,8972.509,73.45834,16996.83,69.83334,8024.308,1.067087,93.076429,47.68711,20.68156425,44.25500107,1342396.613,40376.33017,1.23439,59.03709613
283,Canada,2009,,,52363.0,74.06667,8742.542,71.50833,16755.44,68.925,8012.9,1.141535,93.382989,47.844174,19.99566724,43.76966476,1307000.658,38865.40602,1.202244,60.82640148
284,Canada,2010,11.481,7.902,52457.0,74.275,8878.217,71.55833,16978.19,68.80833,8099.992,1.030113,94.397347,48.363874,20.16806723,45.02733231,1363578.975,40099.49789,1.22182,55.1076449
285,Canada,2011,5.572,7.349,53088.0,75.14167,9063.65,71.975,17244.28,68.81667,8180.667,0.989258,96.043985,49.207519,19.875,43.95533371,1430807.125,41666.71885,1.239904,55.32905175
286,Canada,2012,6.081,7.611,53717.0,75.39167,9176.583,72.31667,17475.66,69.25,8299.042,0.999365,96.028176,49.199419,20.15966047,44.08633423,1468094.965,42290.87908,1.244607,52.34481477
287,Canada,2013,1.767,7.282,54286.0,75.66666,9290.708,72.71667,17712.18,69.79166,8421.45,1.030137,97.416474,49.910705,20.0,40.93199921,1554122.745,44298.51446,1.224,50.59759947
288,Canada,2014,2.215,7.498,54995.0,75.54166,9346.017,72.5,17783.16,69.45,8437.125,1.104747,100.198092,51.335848,17.58241758,39.04933548,1621396.709,45753.78294,1.230358,51.69536076
289,Canada,2015,1.21,7.283,55400.0,75.875,9417.825,72.74167,17905.93,69.60833,8488.092,1.278786,100.0,51.234357,18.65384615,36.81399918,1594850.842,44670.05437,1.248042,64.41041443
290,Canada,2016,0.193,6.207,54350.0,75.64167,9442.967,72.675,18008.69,69.73333,8565.708,1.325615,100.674545,51.579956,18.19213313,33.53933334,1678093.396,46472.36877,1.207045,61.81952864
291,Canada,2017,1.828,7.278,55122.0,76.61667,9662.925,73.56667,18394.97,70.51667,8732.05,1.297936,102.256561,52.390492,18.75580316,33.54102325,1765763.154,48317.19116,1.212304,65.27359715
292,Canada,2018,1.497,7.073,56083.0,77.15,9842.017,74.025,18723.3,70.925,8881.267,1.295818,102.40232,52.46517,18.44322344,31.75894928,1852987.755,49992.81142,1.206524,61.04669154
293,Canada,2019,1.767,7.09,56370.0,77.54166,10039.79,74.6,19121.14,71.68333,9081.366,1.326793,102.851455,52.695282,18.64645753,29.91265488,1899694.991,50522.15024,1.21786,54.92809663
294,Canada,2020,,,59160.0,73.26667,9540.025,70.125,18043.75,66.91666,8503.733,1.341153,110.959993,56.849639,17.57290529,28.24594307,1838806.492,48380.52098,1.201693,60.04241101
295,Canada,2021,,,59568.78279,76.48333,9973.217,73.475,18942.25,70.46667,8969.075,1.253877,105.228293,53.913039,16.66666667,,2126695.672,55634.07018,1.180055,61.04111673
296,Canada,2022,,,59050.40728,78.4,10316.07,75.58334,19692.97,72.79166,9376.892,1.301555,104.046567,53.30759,17.14285714,,2389540.664,61380.59798,1.16451,50.66680333
413,Croatia,1994,,,,,,,,,,0.796073,,,,,,,,
414,Croatia,1995,99.853,24.95,,,,,,,,0.694241,63.219763,21.790498,,,37211.145,8054.307992,0.422459,
415,Croatia,1996,,,,,,,,,,0.721237,67.108307,23.130796,,,40121.289,8804.133233,0.431521,
416,Croatia,1997,,,,,,,,,,0.81765,71.231191,24.551866,,,43236.364,9534.096363,0.454429,
417,Croatia,1998,,,,,,,,,,0.844553,73.055298,25.180597,,,44810.556,9887.292989,0.484978,
418,Croatia,1999,,,,,,,,,,0.94389,72.393157,24.95237,,,44855.041,9939.959321,0.497227,
419,Croatia,2000,99.84,23.347,,,,,,,,1.098635,74.736774,25.760165,,,47676.962,10670.04029,0.502525,
420,Croatia,2001,,,,,,,,,,1.107113,77.603354,26.748214,,,50094.464,11648.6562,0.514048,
421,Croatia,2002,,,,,,,,,,1.044752,81.520002,28.098199,,,56024.592,13012.51552,0.505088,
422,Croatia,2003,,,,,,,,,,0.889902,84.044725,28.968416,,,58945.571,13690.58607,0.528741,
423,Croatia,2004,,,,,,,,,,0.800895,86.819074,29.924675,,,63253.538,14681.80964,0.53196,
424,Croatia,2005,99.439,22.797,,,,,,,,0.789599,89.738429,30.930914,,,66614.062,15449.69813,0.543299,
425,Croatia,2006,,,,,,,,,,0.774808,91.379979,31.496721,,,76040.038,17630.39161,0.51952,
426,Croatia,2007,,,,,,,,,,0.711996,93.062049,32.076495,,,84376.568,19564.45134,0.512981,
427,Croatia,2008,,,,,,,,,,0.654992,92.958938,32.040955,,,90645.499,21027.13526,0.513955,
428,Croatia,2009,,,,,,,,,,0.7013,86.95267,29.970723,,,87281.687,20268.26759,0.509991,
429,Croatia,2010,99.375,20.824,,,,,,,,0.729711,88.644695,30.553928,3.832335329,,86297.296,20086.1792,0.51413,
430,Croatia,2011,99.827,22.821,,,,,,,,0.709253,92.339836,31.827563,,,90492.346,21128.65177,0.49806,
431,Croatia,2012,99.375,20.227,,,,,,,,0.776467,94.347202,32.51946,,,91795.047,21502.39247,0.486314,
432,Croatia,2013,99.357,19.698,,,,,,,,0.757168,97.444543,33.587046,,,94402.112,22188.89798,0.474497,
433,Croatia,2014,99.357,19.266,,,,,,,,0.762913,95.425044,32.890969,,,94978.464,22421.40022,0.470303,
434,Croatia,2015,99.357,19.639,,,,,,,,0.910253,100.0,34.467858,,,98327.643,23366.8743,0.466172,
435,Croatia,2016,96.651,17.484,,,,,,,,0.90331,102.874767,35.458729,,,105691.007,25330.73734,0.448868,
436,Croatia,2017,96.794,18.077,,,,,,,,0.879133,104.443618,35.999478,,,112465.316,27232.28059,0.441257,
437,Croatia,2018,96.919,18.375,,,,,,,,0.83337,105.407024,36.331543,7.915057915,,118467.661,28959.03831,0.439451,
438,Croatia,2019,96.89,18.227,,,,,,,,0.878963,104.212855,35.919939,7.574852294,,130592.514,32108.65495,0.420468,
439,Croatia,2020,,,,,,,,,,0.877836,96.628247,33.305687,7.377247452,,123240.484,30450.35017,0.41033,
440,Croatia,2021,,,,,,,,,,0.844128,108.571454,37.422254,7.311379171,,143346.26,36219.44979,0.407459,
441,Croatia,2022,,,,,,,,,,0.950261,112.702828,38.846251,,,162595.846,41607.68582,0.418172,
442,Czechia,1994,,,,,2695.863,,4863.016,,2167.153,28.785083,56.304211,22.178276,,,131544.827,12726.66074,10.470713,
443,Czechia,1995,100.0,25.409,16612.0,,2731.025,,4908.005,,2176.98,26.540667,59.801825,23.555989,,,143033.992,13845.44849,11.160326,
444,Czechia,1996,,,18320.98996,,2746.82,,4914.538,,2167.718,27.144917,62.109112,24.464831,18.28985624,,151475.232,14684.44481,12.076265,
445,Czechia,1997,,,18606.93905,,2736.876,,4884.378,,2147.502,31.698417,61.934603,24.396092,18.42904374,,152727.012,14822.62404,12.905536,
446,Czechia,1998,,,18603.82613,75.95,2709.337,67.325,4817.696,58.725,2108.359,32.281167,62.028377,24.433029,,,154185.181,14976.78818,13.987233,
447,Czechia,1999,,,19344.54932,74.0,2644.8,65.625,4714.025,57.375,2069.25,34.56925,63.261133,24.918613,19.03031426,,158333.514,15397.92282,14.22935,
448,Czechia,2000,99.983,21.636,20070.48242,73.15,2625.7,64.975,4681.2,56.9,2055.475,38.598417,66.001504,25.998047,,,166517.019,16209.97523,14.330601,
449,Czechia,2001,,,21105.60748,73.175,2630.05,65.025,4683.55,56.925,2053.5,38.035328,71.069051,27.994158,16.87662165,,180080.574,17613.18392,14.322067,
450,Czechia,2002,,,22382.42264,73.875,2666.525,65.425,4731.1,57.025,2064.625,32.738518,72.17471,28.429678,15.95069783,,186119.946,18245.66901,14.458321,
451,Czechia,2003,,,24089.04188,73.1,2654.125,64.725,4701.15,56.35,2047.025,28.209,75.911047,29.901424,15.63749732,,199182.067,19524.49335,14.175232,
452,Czechia,2004,,,25174.10387,72.325,2647.025,64.175,4690.55,56.0,2043.525,25.69975,79.07466,31.147574,16.14681968,32.04641342,213452.586,20912.53027,14.425719,
453,Czechia,2005,99.983,21.158,25914.06806,73.275,2705.5,64.8,4764.025,56.25,2058.5,23.957417,83.181538,32.765277,15.93892946,30.81534576,225620.781,22045.99888,14.562493,
454,Czechia,2006,,,26952.0,73.675,2741.925,65.275,4828.075,56.775,2086.15,22.595583,88.300324,34.781571,15.35176621,28.94941902,244951.0,23858.91162,14.414642,28.29114798
455,Czechia,2007,,,27757.0,74.825,2806.05,66.075,4921.95,57.275,2115.9,20.293667,92.043508,36.256014,16.93153188,29.3561306,270739.151,26227.57995,14.255541,26.88384169
456,Czechia,2008,,,27906.0,75.425,2863.15,66.55,5002.5,57.575,2139.35,17.071667,91.746867,36.139167,17.87301988,29.20800781,290503.947,27853.5499,13.916713,
457,Czechia,2009,,,27793.0,73.85,2823.725,65.375,4934.275,56.675,2110.55,19.063,89.624169,35.303035,15.10501797,29.65451241,289930.922,27634.86089,13.638835,35.45533839
458,Czechia,2010,99.983,20.619,28648.0,73.525,2798.15,64.975,4885.1,56.25,2086.925,19.09825,91.719351,36.128328,15.79850307,29.79795837,291996.64,27763.60007,13.67437,31.20663292
459,Czechia,2011,99.983,20.929,28882.0,74.025,2777.5,65.725,4872.7,57.25,2095.2,17.695917,93.258994,36.734795,16.3296567,31.07322884,304400.914,28999.75476,13.345305,20.62866984
460,Czechia,2012,99.983,19.194,28934.0,74.625,2778.5,66.55,4889.975,58.25,2111.475,19.5775,93.645328,36.886973,15.26297988,31.23534584,307490.199,29258.90485,13.297699,16.98113317
461,Czechia,2013,99.98,18.865,28754.0,75.65,2794.05,67.725,4937.075,59.625,2143.05,19.570583,93.944265,37.004724,15.37883532,29.83840752,324029.978,30828.52641,12.785271,24.25426177
462,Czechia,2014,99.924,18.334,29360.0,77.0,2816.85,68.975,4974.175,60.675,2157.275,20.7575,95.029948,37.432375,16.2545602,29.45221901,342099.837,32504.21758,12.70321,33.97328112
463,Czechia,2015,99.943,17.808,30224.0,77.875,2837.325,70.225,5041.9,62.375,2204.6,24.59875,100.0,39.390083,16.45515416,29.87954712,357503.881,33909.30924,12.93798,43.54258731
464,Czechia,2016,99.783,16.886,31291.0,79.3,2876.65,71.95,5138.4,64.4,2261.7,24.439917,99.648324,39.251558,16.02343084,31.31771469,381420.335,36101.2856,12.576343,41.51207123
465,Czechia,2017,99.551,16.919,32891.0,80.875,2915.775,73.625,5221.475,66.175,2305.675,23.376333,103.061394,40.595969,15.61401089,32.03011322,411327.86,38842.89627,12.424986,34.3870808
466,Czechia,2018,99.728,17.166,34633.0,81.75,2946.3,74.825,5293.65,67.625,2347.3,21.729917,104.496517,41.161265,15.12741386,32.3183403,437355.916,41157.37041,12.371528,42.07833058
467,Czechia,2019,99.673,16.965,36071.0,81.95,2950.65,75.125,5302.9,68.075,2352.275,22.93225,107.318049,42.272668,14.71433226,29.50245285,478737.95,44870.50441,12.097428,
468,Czechia,2020,,,35552.0,81.4,2928.25,74.4,5234.925,67.075,2306.7,23.21025,109.900343,43.289836,12.37286209,27.95311737,469877.742,43913.17157,12.150248,31.88589912
469,Czechia,2021,,,36269.70799,81.325,2916.925,74.4,5213.375,67.15,2296.45,21.678167,110.389704,43.482596,11.51874831,,508670.374,47551.22401,12.009186,28.44754293
470,Czechia,2022,,,33475.51974,82.175,2883.05,75.475,5173.0,68.475,2289.925,23.357,108.038487,42.55645,13.57571214,,551699.16,51619.04213,12.299914,34.08267475
471,Denmark,1994,,,47871.62872,,1376.1,,2537.0,,1160.9,6.360552,79.241655,55.487238,,,112843.713,21675.7037,8.80232,
472,Denmark,1995,91.616,14.339,48894.0,,1427.0,,2602.0,,1175.0,5.602367,80.420834,56.312932,,,118698.013,22695.60487,8.732097,
473,Denmark,1996,,,49781.44476,,1440.0,,2627.0,,1187.0,5.798672,82.33821,57.655533,,,124908.903,23737.9139,8.710538,
474,Denmark,1997,,,50577.44707,,1466.0,,2681.0,,1215.0,6.604459,82.935028,58.073442,,,131722.042,24923.75445,8.701121,
475,Denmark,1998,,,51462.33537,,1460.0,,2693.0,,1233.0,6.700827,82.839508,58.006556,,,136922.456,25819.8106,8.661746,
476,Denmark,1999,,,52066.95467,80.875,1463.0,76.05,2707.0,71.125,1244.0,6.97624,83.683262,58.597376,,,141846.299,26657.82737,8.752578,
477,Denmark,2000,99.638,14.558,52018.88005,80.775,1458.0,76.25,2722.0,71.625,1264.0,8.083144,85.621617,59.954667,,,153042.813,28670.44087,8.670198,
478,Denmark,2001,,,52328.67186,80.225,1456.0,76.2,2725.0,72.025,1269.0,8.322817,85.319344,59.743007,,,157794.793,29455.81349,8.691834,
479,Denmark,2002,,,53520.32821,79.975,1450.0,75.875,2715.0,71.7,1266.0,7.894714,86.020806,60.234191,10.79707571,,164720.391,30639.95369,8.561606,
480,Denmark,2003,,,54841.25092,79.675,1447.0,75.125,2692.0,70.525,1245.0,6.587673,87.440463,61.228274,9.921804094,9.217194557,166148.764,30825.37357,8.647378,
481,Denmark,2004,,,56061.80687,79.7,1452.0,75.675,2720.0,71.575,1268.0,5.991057,90.232667,63.183454,10.18220538,6.21394825,178022.993,32948.91589,8.459586,
482,Denmark,2005,98.039,13.083,57030.2442,79.85,1457.0,75.9,2732.0,71.9,1277.0,5.99691,91.467821,64.048343,10.16733044,12.367589,185074.466,34152.88166,8.569438,
483,Denmark,2006,,,57991.0,81.225,1483.0,77.375,2787.0,73.45,1305.0,5.946778,92.67329,64.892447,10.17206126,12.00833225,202995.977,37336.02666,8.28716,66.86833166
484,Denmark,2007,,,58638.0,80.775,1492.0,77.0,2803.7,73.175,1311.7,5.443701,92.844194,65.012119,9.850297951,17.15914536,213078.339,39025.33681,8.160592,59.25059535
485,Denmark,2008,,,59414.0,80.25,1498.05,76.325,2806.225,72.35,1308.175,5.098131,91.462002,64.044269,10.18354903,11.08505154,226767.494,41282.99547,7.944128,66.59338948
486,Denmark,2009,,,60853.0,76.125,1428.75,73.525,2718.925,70.875,1290.125,5.360867,90.618973,63.453957,10.17200506,15.07169342,222747.658,40330.9177,7.731361,62.65781415
487,Denmark,2010,97.494,13.351,61537.0,74.125,1394.575,71.8,2661.4,69.5,1266.8,5.624075,94.165396,65.937261,8.895098479,15.31985664,238526.048,43000.91009,7.59215,58.66894372
488,Denmark,2011,98.991,13.617,61213.0,74.4,1402.15,71.625,2659.525,68.775,1257.375,5.368712,94.491438,66.165566,7.947197254,19.16475868,247352.237,44407.94207,7.466492,47.18233288
489,Denmark,2012,77.026,10.866,61121.0,73.55,1391.775,71.025,2644.825,68.475,1253.05,5.792476,96.297436,67.430176,6.999844876,21.04070091,250524.599,44808.54921,7.564136,53.42527898
490,Denmark,2013,68.03,10.488,61548.0,73.2,1385.625,70.775,2636.3,68.275,1250.625,5.616312,97.054659,67.960405,6.768911945,-8.811937332,262368.12,46742.93966,7.354846,39.14051067
491,Denmark,2014,80.751,11.056,62723.0,74.125,1409.5,71.1,2663.9,68.075,1254.4,5.612467,98.592133,69.036988,6.323865695,5.956777573,270330.607,47905.47708,7.328674,45.78369066
492,Denmark,2015,58.894,10.185,63828.0,75.175,1443.25,71.975,2709.025,68.7,1265.775,6.727907,100.0,70.022816,5.836048113,0.52541852,278748.365,49058.14234,7.305357,57.98886425
493,Denmark,2016,20.933,9.302,63894.0,75.525,1462.3,72.675,2760.225,69.825,1297.975,6.731718,101.19061,70.856515,5.732628038,8.301862717,297719.06,51967.02044,7.079856,46.76607078
494,Denmark,2017,65.621,10.288,64281.0,75.925,1475.525,73.225,2788.525,70.45,1313.05,6.602893,103.081941,72.180878,5.296691966,2.958868265,319130.165,55356.49009,6.871679,57.23533155
495,Denmark,2018,41.147,9.873,64765.0,76.95,1502.225,74.125,2832.275,71.25,1330.025,6.314619,105.350786,73.769587,4.86320601,8.79658699,333035.355,57479.35022,6.765997,63.24784592
496,Denmark,2019,36.413,9.785,65222.0,77.975,1528.85,75.0,2877.65,72.0,1348.775,6.669447,106.133113,74.317394,5.059215628,-2.174784422,353443.959,60760.52243,6.538391,63.29990317
497,Denmark,2020,,,66203.0,77.35,1514.1,74.425,2852.375,71.375,1338.225,6.542152,106.725461,74.732173,4.994399736,-1.681695938,364633.902,62544.4086,6.365047,71.57975887
498,Denmark,2021,,,66503.04779,78.45,1537.375,75.55,2900.125,72.55,1362.725,6.287113,107.513663,75.284094,5.576082633,,409262.845,69911.65791,6.232196,65.17097161
499,Denmark,2022,,,64126.65162,78.975,1574.725,76.775,2994.425,74.525,1419.725,7.076152,106.085182,74.283831,,,460165.318,77914.88629,6.153536,63.53599264
513,Estonia,1994,,,10671.30121,,353.4,,673.6,,320.2,0.830292,,,,,8717.114,5901.904959,0.238906,
514,Estonia,1995,18.552,7.527,10186.0,,325.2,,631.0,,305.8,0.732731,,,,,9302.773,6424.123259,0.307611,
515,Estonia,1996,,,10838.19821,,316.0,,617.0,,301.0,0.769368,,,,,9752.442,6842.858814,0.377338,
516,Estonia,1997,,,11838.41473,,316.6,,615.0,,298.3,0.887206,,,,,11165.366,7941.22763,0.40957,
517,Estonia,1998,,,12637.14182,,307.0,,604.0,,297.1,0.899535,,,,,11713.743,8408.400587,0.435423,
518,Estonia,1999,,,13189.70292,,292.3,,577.2,,284.9,0.938069,,,,,11694.818,8479.421302,0.462332,
519,Estonia,2000,7.32,8.499,14253.99896,63.375,296.85,60.275,585.275,57.35,288.45,1.084494,60.560492,21.160621,,,13163.079,9393.477124,0.46886,
520,Estonia,2001,,,14756.02802,64.2,299.875,61.075,589.625,58.1,289.775,1.117052,64.075408,22.388778,,,14321.616,10283.34596,0.487869,
521,Estonia,2002,,,15621.98837,64.625,297.8,61.325,589.875,58.275,292.1,1.061687,68.349719,23.882277,25.00065194,,16087.747,11628.29595,0.486245,
522,Estonia,2003,,,17131.06282,66.25,305.275,62.95,602.95,59.875,297.675,0.885586,71.797424,25.08695,,18.58316803,18002.068,13090.50889,0.485746,
523,Estonia,2004,,,18486.64097,65.675,301.15,63.15,601.9,60.725,300.775,0.805003,76.674982,26.791231,,14.18298626,19807.059,14496.8595,0.493635,
524,Estonia,2005,7.493,8.375,19715.3331,66.725,304.25,64.825,615.55,63.1,311.275,0.804251,81.218156,28.378675,,9.0828228,22536.556,16584.41109,0.503328,
525,Estonia,2006,,,21504.0,71.4,329.7,68.425,651.7,65.575,321.975,0.79669,85.312512,29.809296,27.85602504,2.404143572,26054.3,19289.47954,0.520794,44.24676909
526,Estonia,2007,,,25012.0,73.475,334.85,69.725,657.6,66.25,322.725,0.730756,91.72215,32.048907,,-7.364863873,29763.43,22163.54931,0.551057,42.02641155
527,Estonia,2008,,,25382.0,73.725,334.275,70.075,656.0,66.6,321.725,0.683499,88.552101,30.941251,,-23.14301491,30488.762,22780.0071,0.545055,33.09790032
528,Estonia,2009,,,24704.0,64.35,291.275,64.2,593.875,64.05,302.6,0.719481,90.417521,31.593052,,-28.11709785,27327.223,20459.10207,0.517135,22.44861318
529,Estonia,2010,17.231,8.65,24461.0,61.825,277.55,61.95,567.975,62.075,290.425,0.754595,95.231714,33.275193,27.79783394,-30.37996864,28780.803,21586.14156,0.512185,
530,Estonia,2011,1.871,7.788,23907.0,67.8,302.725,65.7,603.225,63.75,300.475,0.718414,93.662779,32.726987,,-25.50544167,32598.245,24515.48857,0.5116,41.754021
531,Estonia,2012,1.871,7.524,24256.0,69.725,309.375,67.975,614.925,66.275,305.525,0.778338,96.81262,33.827583,,-24.27906418,34384.891,25946.94489,0.521063,27.29759427
532,Estonia,2013,1.871,7.587,24859.0,71.4,314.725,69.175,621.35,67.05,306.6,0.752945,98.046719,34.258793,,-22.17424011,36198.154,27418.68964,0.522424,26.06375703
533,Estonia,2014,5.309,8.177,26232.0,73.0,320.05,70.225,624.825,67.525,304.775,0.752728,100.577555,35.143099,28.33935018,-25.08417702,38050.086,28917.83366,0.52689,41.49858852
534,Estonia,2015,0.0,6.617,27434.0,74.8,327.95,72.075,640.9,69.4,312.925,0.901296,100.0,34.941294,,-19.22379303,38378.235,29222.74808,0.53758,33.66897898
535,Estonia,2016,0.0,6.57,28837.0,75.2,329.35,72.4,644.625,69.65,315.25,0.903421,102.659699,35.870628,,-5.487162113,41201.029,31310.1521,0.527849,33.98342922
536,Estonia,2017,0.0,5.726,29500.0,76.575,337.775,74.5,658.575,72.475,320.8,0.885206,105.677056,36.924931,,1.909476638,44556.482,33867.80354,0.534908,40.59462528
537,Estonia,2018,0.0,6.042,31391.0,77.55,342.4,75.05,664.75,72.525,322.325,0.846773,112.555701,39.328419,22.68115942,-15.17355156,48133.366,36488.63742,0.538757,42.0202571
538,Estonia,2019,0.0,5.95,33006.0,78.075,346.075,75.55,671.35,73.025,325.275,0.893276,116.175364,40.593175,23.17204532,-40.53519058,52516.041,39640.13326,0.52869,40.33065368
539,Estonia,2020,,,35128.0,75.875,337.875,73.975,656.6,72.1,318.7,0.875506,122.892588,42.94026,19.60168201,-53.28339005,53309.194,40115.61098,0.515202,46.48059768
540,Estonia,2021,,,37317.82297,75.6,331.675,74.0,654.225,72.35,322.525,0.845494,122.809256,42.911145,20.42962056,,59955.001,45076.64382,0.524475,51.92639922
541,Estonia,2022,,,34704.57152,77.475,343.45,76.425,680.85,75.35,337.375,0.949624,115.69194,40.424262,20.52092235,,64971.672,48785.003,0.55688,50.84958594
542,Finland,1994,,,37886.782,,1050.0,,2045.0,,995.0,0.878532,72.776298,43.169754,23.14957875,,93962.871,18466.45656,0.965796,
543,Finland,1995,12.348,8.079,39377.0,,1088.0,,2090.0,,1003.0,0.734421,74.08653,43.946963,22.40219409,,99978.553,19573.70158,0.985701,
544,Finland,1996,,,40279.37664,,1108.0,,2119.0,,1011.0,0.77258,75.59111,44.839456,20.58266966,,102905.738,20080.73564,0.992005,
545,Finland,1997,,,40313.69135,,1135.0,,2162.0,,1027.0,0.873137,77.927402,46.225308,21.33201166,,111999.412,21790.61674,0.989353,
546,Finland,1998,,,41377.92759,67.225,1164.125,64.05,2203.45,60.8,1039.3,0.898807,81.054584,48.080303,20.80042641,,121502.906,23576.77426,0.991532,
547,Finland,1999,,,42345.81863,69.125,1205.575,66.275,2295.925,63.425,1090.375,0.938283,82.913218,49.182815,21.71623611,,127934.786,24767.16397,0.992037,
548,Finland,2000,6.695,7.646,43072.84404,70.075,1227.675,67.15,2335.425,64.225,1107.75,1.082705,86.503324,51.312409,20.42748918,,138660.875,26788.16027,0.983998,
549,Finland,2001,,,43299.41239,70.825,1239.925,68.125,2367.025,65.4,1127.125,1.116533,88.169606,52.300822,21.23909129,,144246.877,27803.94699,1.002642,
550,Finland,2002,,,43532.03048,69.975,1228.6,68.075,2372.35,66.2,1143.7,1.057559,88.969225,52.775143,20.37320281,,148763.802,28605.12292,0.998133,
551,Finland,2003,,,44359.35125,69.675,1227.4,67.7,2364.925,65.7,1137.5,0.884048,90.866184,53.900389,20.09925558,32.75013351,151454.235,29053.18154,1.001946,
552,Finland,2004,,,45807.9322,69.7,1228.75,67.65,2364.65,65.55,1135.875,0.803922,93.926272,55.715585,20.01515104,35.39672852,163132.753,31202.46989,0.973183,
553,Finland,2005,1.708,7.206,46788.14618,70.275,1242.9,68.375,2400.825,66.55,1157.95,0.8038,95.692185,56.763097,18.94169403,41.99132919,168146.753,32051.76289,0.979424,
554,Finland,2006,,,47757.0,71.375,1265.925,69.35,2443.475,67.275,1177.55,0.796433,98.01956,58.143659,19.37479454,39.51993942,181448.725,34454.68831,0.95287,75.79262856
555,Finland,2007,,,48395.0,72.125,1289.5,70.3,2491.625,68.475,1202.125,0.729672,101.2072,60.034517,21.37690409,39.91036224,200161.833,37847.07646,0.934604,
556,Finland,2008,,,48809.0,73.125,1314.725,71.05,2530.875,68.975,1216.175,0.679923,100.029482,59.335913,21.23395266,36.90219879,212980.742,40083.70194,0.912125,72.32434526
557,Finland,2009,,,49229.0,68.625,1254.875,67.9,2457.275,67.1,1202.4,0.716958,95.574834,56.693486,19.67567279,35.94009018,202723.117,37970.95232,0.896528,
558,Finland,2010,0.902,7.353,49911.0,68.45,1259.075,67.15,2447.475,65.8,1188.425,0.754309,98.890126,58.660065,18.87699985,33.25018692,208901.132,38949.38509,0.900632,46.18436222
559,Finland,2011,0.626,7.17,49925.0,69.725,1277.825,68.0,2473.675,66.325,1195.825,0.718414,100.283015,59.486305,18.6076171,34.80309677,220471.171,40916.64733,0.898068,56.54023829
560,Finland,2012,0.0,6.484,49965.0,69.75,1277.15,68.45,2483.225,67.125,1206.075,0.778338,98.685671,58.538786,18.72607453,34.58147812,221285.636,40872.8548,0.908495,59.79415988
561,Finland,2013,0.0,6.099,49465.0,69.2,1261.275,68.075,2456.725,66.975,1195.425,0.752945,99.005839,58.728704,20.17843271,30.3151226,225679.983,41492.91842,0.905357,42.05937406
562,Finland,2014,0.0,6.49,49449.0,68.75,1253.95,67.95,2447.25,67.15,1193.25,0.752728,99.23664,58.865612,19.60907945,25.81993675,228058.636,41749.86473,0.90721,46.85588618
563,Finland,2015,0.0,5.719,49836.0,68.35,1248.725,67.55,2436.8,66.8,1188.075,0.901296,100.0,59.318425,18.05598132,23.62265205,232867.602,42490.21105,0.907748,55.76002853
564,Finland,2016,0.0,5.68,50274.0,69.575,1266.525,68.225,2448.1,66.825,1181.6,0.903421,102.402464,60.743529,16.47225837,25.35081291,246928.493,44934.48825,0.880895,48.57272591
565,Finland,2017,0.0,5.334,49985.0,70.6,1282.175,69.075,2473.2,67.55,1191.0,0.885206,104.965323,62.263776,17.71792064,25.29186821,262026.563,47570.27035,0.863657,59.75385833
566,Finland,2018,0.0,5.675,50354.0,72.55,1316.75,71.15,2539.925,69.7,1223.175,0.846773,103.730121,61.531074,18.85520372,20.91804314,273455.993,49573.25577,0.853746,55.51022126
567,Finland,2019,0.0,5.638,50873.0,73.35,1326.625,72.0,2565.6,70.625,1238.95,0.893276,104.021717,61.704044,17.15982964,9.763242722,290269.755,52569.86297,0.826328,63.9188147
568,Finland,2020,,,51092.0,72.65,1314.225,71.175,2528.2,69.625,1213.95,0.875506,104.199854,61.809712,15.97860496,3.984675169,296764.463,53657.66779,0.802111,80.86328801
569,Finland,2021,,,52785.31963,73.575,1339.65,72.65,2573.35,71.7,1233.725,0.845494,105.554282,62.613138,15.34078693,,320209.564,57783.91475,0.782812,71.37312499
570,Finland,2022,,,51835.87394,74.7,1360.55,74.3,2640.2,73.85,1279.6,0.949624,106.071557,62.919977,,,348748.936,62759.62066,0.76964,77.54499153
571,France,1994,,,40713.46882,,12419.83,,22713.89,,10294.07,0.846404,77.885244,50.872095,,,1185935.18,19993.84945,0.994883,
572,France,1995,96.485,16.877,41318.0,,12506.67,,22914.76,,10408.09,0.760947,79.8219,52.137055,,,1236310.187,20767.85129,0.98541,
573,France,1996,,,41440.29267,,12480.81,,22973.49,,10492.68,0.779856,80.691661,52.705155,,,1275806.005,21355.26104,0.981549,
574,France,1997,,,41903.0054,,12505.25,,23104.05,,10598.8,0.889798,82.026815,53.577234,,,1333595.864,22243.28019,0.969392,
575,France,1998,,,42550.45471,,12716.01,,23520.51,,10804.5,0.899375,84.055794,54.902497,,,1405908.123,23363.2698,0.961582,
576,France,1999,,,43487.38727,,12968.69,,24005.29,,11036.6,0.938283,85.267075,55.693666,,,1470523.886,24311.40386,0.952721,
577,France,2000,97.485,15.939,43694.34692,,13307.3,,24628.81,,11321.5,1.082705,87.525502,57.168797,,,1589447.426,26098.0153,0.930251,
578,France,2001,,,43969.03089,,13558.4,,25098.8,,11540.39,1.116533,89.163111,58.238429,,,1687216.739,27502.39191,0.911679,
579,France,2002,,,45155.67258,,13608.55,,25290.03,,11681.48,1.057559,91.766179,59.938668,13.30472103,,1762925.935,28528.15611,0.900678,
580,France,2003,,,45524.22596,69.675,13313.83,64.425,24704.82,59.3,11391.03,0.884048,92.289942,60.280773,,37.42920303,1753702.144,28178.71204,0.929842,
581,France,2004,,,46266.45679,69.3,13324.75,64.225,24808.03,59.325,11483.28,0.803922,93.309866,60.946954,,33.92564011,1822285.114,29065.8763,0.9351,
582,France,2005,96.187,14.768,46823.7931,69.0,13359.58,64.15,24984.18,59.5,11624.58,0.8038,94.138072,61.487911,,31.85079956,1926880.385,30504.05878,0.916458,
583,France,2006,,,47347.0,68.75,13397.0,64.15,25150.15,59.7,11753.13,0.796433,96.481781,63.018745,9.390746679,32.93478394,2065681.305,32474.15979,0.894693,32.48835252
584,France,2007,,,47520.0,68.95,13545.22,64.725,25586.68,60.65,12041.5,0.729672,96.0296,62.723395,,36.22702789,2184814.783,34136.13085,0.88857,36.13529111
585,France,2008,,,47429.0,69.4,13692.28,65.3,25926.43,61.325,12234.15,0.679923,95.416924,62.323215,,35.96268463,2259255.844,35102.87043,0.881874,45.26593941
586,France,2009,,,48938.0,68.175,13484.95,64.425,25674.38,60.85,12189.4,0.716958,94.440997,61.685771,,31.63294792,2243848.785,34685.10457,0.862991,47.44488849
587,France,2010,95.21,14.861,49926.0,68.15,13520.28,64.375,25730.68,60.75,12210.47,0.754309,95.663522,62.484285,9.118807541,29.94970894,2334273.268,35905.82006,0.85478,40.14662273
588,France,2011,95.774,14.78,49836.0,68.0,13530.53,64.3,25758.82,60.7,12228.3,0.718414,96.621402,63.109941,,30.46350288,2446474.544,37447.94954,0.841361,37.50892513
589,France,2012,92.406,13.529,50159.0,67.875,13507.97,64.375,25804.22,61.0,12296.25,0.778338,96.937089,63.316137,,30.18752098,2474005.287,37684.19807,0.844301,44.06253334
590,France,2013,92.082,13.448,50581.0,67.625,13434.08,64.375,25785.3,61.325,12351.15,0.752945,98.249867,64.173601,,24.59713554,2608523.504,39528.47364,0.811643,39.51305269
591,France,2014,71.802,11.509,50929.0,67.375,13660.7,64.525,26376.0,61.8,12715.33,0.752728,99.195227,64.791079,9.872102318,23.69845963,2662032.873,40144.05949,0.807565,26.38017223
592,France,2015,82.122,12.232,51415.0,67.35,13654.28,64.7,26441.8,62.075,12787.5,0.901296,100.0,65.316731,,20.22061539,2718495.127,40829.89331,0.808694,32.82526979
593,France,2016,71.933,11.439,52010.0,67.75,13731.78,65.0,26579.68,62.375,12847.9,0.903421,100.279427,65.499243,,17.93905067,2864105.631,42855.94456,0.780044,28.39781576
594,France,2017,67.486,11.387,52732.0,68.575,13882.6,65.55,26802.97,62.65,12920.4,0.885206,102.395091,66.881126,,11.41335201,2983010.673,44444.93456,0.770109,37.47935274
595,France,2018,71.593,11.492,52664.0,69.125,13968.55,66.15,27021.38,63.275,13052.83,0.846773,102.814627,67.155153,11.82380216,3.041776419,3125379.86,46336.93399,0.756166,38.0547431
596,France,2019,69.267,11.367,53172.0,69.05,13969.17,66.375,27132.18,63.85,13163.0,0.893276,103.215736,67.417144,12.07541465,-3.199722767,3452964.228,50961.74846,0.705954,38.18492358
597,France,2020,,,50550.0,68.7,13885.33,66.1,26995.32,63.625,13109.97,0.875506,103.5224,67.617447,11.76509258,-9.797081947,3344390.833,49180.77164,0.693051,41.0406651
598,France,2021,,,52542.18892,70.1,14159.17,67.25,27727.6,64.525,13568.42,0.845494,101.711063,66.434341,11.55821121,,3648082.843,53462.72999,0.685872,43.35204999
599,France,2022,,,52763.5938,70.8,14474.38,68.125,28341.1,65.575,13866.72,0.949624,99.761299,65.160819,,,3914760.609,57179.84064,0.674139,
600,Georgia,1994,,,,,,,,,,,,,,,,,0.10775,
601,Georgia,1995,93.352,18.79,,,,,,,,,,,,,,,0.277272,
602,Georgia,1996,,,,,,,,,,1.2628,,,,,,,0.389462,
603,Georgia,1997,,,,,,,,,,1.2975,,,,,,,0.407886,
604,Georgia,1998,,,,,,,,,,1.389817,,,,,,,0.431325,
605,Georgia,1999,,,,,,,,,,2.024517,,,,,,,0.466702,
606,Georgia,2000,99.274,17.744,,,,,,,,1.976167,,,,,,,0.477722,
607,Georgia,2001,,,,,,,,,,2.073017,,,,,,,0.492314,
608,Georgia,2002,,,,,,,,,,2.195675,,,,,,,0.513453,
609,Georgia,2003,,,,,,,,,,2.14565,,,,,,,0.520758,
610,Georgia,2004,,,,,,,,,,1.91665,,,,,,,0.549906,
611,Georgia,2005,99.102,16.843,,,,,,,,1.812675,,,,,,,0.575503,
612,Georgia,2006,,,,,,,,,,1.780433,,,,,,,0.605446,
613,Georgia,2007,,,,,,,,,,1.670492,,,,,,,0.645307,
614,Georgia,2008,,,,,,,,,,1.490792,,,,,,,0.693919,
615,Georgia,2009,,,,,,,,,,1.670487,,,,,,,0.674772,
616,Georgia,2010,99.798,18.536,,,,,,,,1.782342,,,,,28656.395,7567.653449,0.76149,
617,Georgia,2011,99.823,20.59,,,,,,,,1.686495,,,,,31404.993,8360.306333,0.811295,
618,Georgia,2012,99.815,20.889,,,,,,,,1.651258,,,,,36640.15,9826.064193,0.743101,
619,Georgia,2013,99.813,20.258,,,,,,,,1.66335,,,,,39450.982,10611.75655,0.724774,
620,Georgia,2014,99.823,19.993,,,,,,,,1.765667,,,,,43054.384,11575.58415,0.722902,
621,Georgia,2015,99.719,19.021,,,,,,,,2.269342,,,,,45035.513,12089.17496,0.753517,
622,Georgia,2016,99.63,18.199,,,,,,,,2.366725,,,,,47930.085,12858.48989,0.747673,
623,Georgia,2017,99.355,18.501,,,,,,,,2.509542,,,,,50662.562,13589.73038,0.804572,
624,Georgia,2018,99.338,18.241,,,,,,,,2.534111,,,,,54392.898,14596.05252,0.819948,
625,Georgia,2019,99.363,18.247,,,,,,,,2.818145,,,,,58127.404,15624.97002,0.847322,
626,Georgia,2020,,,,,,,,,,3.109017,,,,,54904.969,14748.63409,0.897309,
627,Georgia,2021,,,,,,,,,,3.221558,,,,,63375.995,17088.88104,0.946783,
628,Georgia,2022,,,,,,,,,,2.9162,,,,,74358.759,20158.81672,0.964973,
629,Germany,1994,,,48388.11912,,20688.0,,35756.0,,15068.0,0.829721,78.64403,50.628,21.07279694,,1855271.542,22863.09466,0.986136,
630,Germany,1995,99.743,18.865,49414.0,,20575.0,,35780.0,,15205.0,0.732749,79.828601,51.390581,19.54448662,,1923423.552,23656.0185,0.98502,
631,Germany,1996,,,49981.57145,,20333.75,,35636.75,,15303.0,0.769379,81.172291,52.255597,20.74468085,,1971699.808,24202.73253,0.974479,
632,Germany,1997,,,49770.36598,,20212.75,,35508.0,,15295.25,0.886609,83.161713,53.53631,21.57534247,,2015441.926,24726.31489,0.973062,
633,Germany,1998,,,50379.96932,,20461.25,,36061.25,,15600.0,0.899704,84.008588,54.081496,20.61405001,,2079477.388,25531.97687,0.968715,
634,Germany,1999,,,51050.10479,,20237.0,,36042.38,,15805.25,0.938283,84.962423,54.695538,20.58643861,,2158515.841,26510.2287,0.954119,
635,Germany,2000,99.825,16.606,51344.10119,,20243.5,,36235.5,,15992.0,1.082705,87.068634,56.051436,19.53642384,,2236357.417,27454.45348,0.943092,
636,Germany,2001,,,51718.79718,,20202.5,,36346.18,,16143.75,1.116533,89.255258,57.4591,19.1006514,,2336836.946,28666.86638,0.929693,
637,Germany,2002,,,52022.68323,,19879.0,,36061.38,,16182.5,1.057559,90.082726,57.991792,18.63354037,,2406900.908,29504.28924,0.913257,
638,Germany,2003,,,52195.61003,,19578.75,,35753.58,,16174.75,0.884048,90.775624,58.437853,19.8205378,,2468580.998,30271.13758,0.895887,
639,Germany,2004,,,52188.85901,,19518.75,,35875.68,,16357.0,0.803922,91.602335,58.970058,21.24478442,,2585625.033,31742.59764,0.875038,
640,Germany,2005,99.312,15.24,52377.65267,71.25,19963.5,65.45,36361.15,59.575,16397.65,0.8038,93.047959,59.900695,16.81415929,,2622039.802,32236.74099,0.872721,
641,Germany,2006,,,52367.0,72.775,20335.35,67.15,37172.1,61.45,16836.75,0.796433,94.536022,60.858653,18.54252199,,2813989.196,34666.56642,0.84758,32.17588027
642,Germany,2007,,,52208.0,74.65,20744.8,68.975,37988.35,63.175,17243.55,0.729672,95.652946,61.577685,16.95906433,,2985917.577,36866.82114,0.837113,34.976546
643,Germany,2008,,,52442.0,75.85,21032.75,70.1,38540.85,64.3,17508.1,0.679923,95.677826,61.593702,16.95906433,,3103958.247,38432.44821,0.820401,43.17076212
644,Germany,2009,,,52453.0,74.4,20815.72,69.375,38470.7,64.325,17654.97,0.716958,92.797837,59.739676,16.95859873,,3015212.783,37463.97106,0.81113,53.34152684
645,Germany,2010,99.598,16.254,52912.0,75.25,20422.5,70.3,37992.23,65.35,17569.75,0.754309,94.936987,61.116778,16.69471558,,3184879.755,39670.16784,0.80518,39.54240094
646,Germany,2011,99.612,15.741,53980.0,76.55,20800.78,71.775,38785.88,66.925,17985.07,0.718414,97.40629,62.706421,16.94444444,45.71246338,3415019.966,42541.51313,0.788739,42.45831309
647,Germany,2012,98.283,13.952,54699.0,76.85,21018.57,72.05,39125.95,67.2,18107.38,0.778338,98.007256,63.093299,16.30434783,45.3629303,3487234.448,43359.54105,0.787246,51.69281968
648,Germany,2013,98.646,13.716,55215.0,76.95,21142.07,72.525,39529.73,68.05,18387.6,0.752945,98.472527,63.392823,14.32328767,44.76649094,3628559.337,44993.66784,0.774784,55.77606812
649,Germany,2014,91.929,12.374,56141.0,77.025,21300.82,72.8,39869.52,68.575,18568.7,0.752728,99.49312,64.049842,17.1875,39.78903961,3807114.521,47011.2804,0.768937,60.13688612
650,Germany,2015,95.464,12.858,57431.0,76.9,21453.13,73.0,40208.73,69.025,18755.63,0.901296,100.0,64.376152,15.81632653,34.57794952,3889081.896,47609.55716,0.778122,62.80036467
651,Germany,2016,88.317,11.899,58311.0,77.35,22063.63,73.675,41265.13,69.875,19201.47,0.903421,101.355337,65.248665,15.51071879,28.27435112,4165169.905,50579.48372,0.752608,55.2613566
652,Germany,2017,87.046,12.007,58924.0,77.825,22288.4,74.25,41661.43,70.575,19373.05,0.885206,103.162111,66.411797,14.4278607,26.87146568,4386729.188,53071.47837,0.744783,62.29356524
653,Germany,2018,88.721,12.048,59750.0,78.625,22393.63,74.9,41912.8,71.15,19519.22,0.846773,103.375684,66.549287,15.71428571,30.74842072,4576056.532,55195.72205,0.735448,59.29905866
654,Germany,2019,86.831,11.928,60732.0,79.45,22622.43,75.65,42398.52,71.85,19776.1,0.893276,104.113236,67.024094,14.35185185,29.2847538,4840311.774,58251.7393,0.717745,56.84604275
655,Germany,2020,,,60309.0,79.03812,22094.57,76.15579,41859.23,73.19917,19764.78,0.875506,105.31975,67.800802,12.06257347,29.77264977,4815452.47,57905.17755,0.706835,65.40631043
656,Germany,2021,,,60291.24177,79.125,22060.25,75.6,41397.95,71.95,19337.68,0.845494,105.93029,68.193844,13.47505423,,5153144.247,61939.80777,0.701989,60.47599324
657,Germany,2022,,,58940.3278,80.55,22629.9,76.875,42528.6,73.175,19898.72,0.949624,106.460679,68.535288,,,5582314.669,66616.32341,0.694481,60.76037778
658,Greece,1994,,,,,2449.439,,3786.157,,1336.718,0.711967,84.819063,29.364841,,,156265.526,14834.30416,0.531278,
659,Greece,1995,97.341,19.263,22800.0,,2449.168,,3820.51,,1371.342,0.679861,86.571525,29.971554,,,162892.199,15422.23723,0.57132,
660,Greece,1996,,,23037.00194,,2467.371,,3868.283,,1400.912,0.706417,89.615005,31.025223,,,171271.217,16144.22729,0.601599,
661,Greece,1997,,,25629.7455,,2438.556,,3853.335,,1414.779,0.801344,94.067838,32.56682,,,182869.953,17152.66871,0.627288,
662,Greece,1998,,,27749.39801,71.75,2556.225,55.975,4017.9,40.475,1461.675,0.86729,93.596924,32.403787,,,193330.192,18033.58069,0.64792,
663,Greece,1999,,,28192.92259,71.1,2547.125,55.9,4031.3,40.975,1484.175,0.896982,96.605035,33.445211,,,198711.939,18464.72645,0.67328,
664,Greece,2000,99.31,20.779,29797.16544,71.525,2573.125,56.45,4088.475,41.65,1515.35,1.072336,99.931244,34.596764,,,210915.001,19518.6917,0.669688,
665,Greece,2001,,,30798.69545,71.275,2649.625,56.325,4202.175,41.575,1552.55,1.116533,104.006363,36.007593,,,227680.928,20960.95269,0.668452,
666,Greece,2002,,,33599.23855,71.875,2670.15,57.375,4264.775,43.0,1594.625,1.057559,105.903786,36.664492,23.56575463,,246559.281,22615.95744,0.662967,
667,Greece,2003,,,35079.24617,72.8,2709.15,58.5,4353.175,44.275,1643.95,0.884048,110.602216,38.291115,,,261158.099,23897.87008,0.685044,
668,Greece,2004,,,35722.5698,73.0,2711.275,59.075,4389.3,45.25,1678.0,0.803922,113.95015,39.450189,,,278930.943,25461.1404,0.694494,
669,Greece,2005,99.242,19.238,35603.3185,73.425,2733.5,59.625,4443.5,45.975,1709.975,0.8038,110.72315,38.332983,,,281028.396,25577.44544,0.708976,
670,Greece,2006,,,36027.0,73.925,2762.375,60.55,4527.525,47.3,1765.125,0.796433,115.482578,39.980724,17.72575251,41.97552109,314619.945,28548.88614,0.692459,48.75434897
671,Greece,2007,,,36033.0,74.2,2777.3,60.875,4563.975,47.675,1786.675,0.729672,118.477915,41.017727,,39.18744278,324017.772,29326.85898,0.718154,38.14284518
672,Greece,2008,,,35476.0,74.375,2786.675,61.425,4610.375,48.575,1823.675,0.679923,116.852308,40.454933,,38.11278153,341817.829,30855.93577,0.707951,
673,Greece,2009,,,37151.0,73.05,2722.3,60.675,4555.95,48.5,1833.65,0.716958,113.813902,39.403019,,42.14683914,337189.734,30358.24304,0.704453,31.62067696
674,Greece,2010,99.306,19.152,35454.0,70.425,2600.5,58.85,4389.675,47.425,1789.175,0.754309,112.768278,39.041018,9.90990991,44.00847626,310377.485,27908.17339,0.722101,23.65024106
675,Greece,2011,99.351,19.81,33205.0,65.375,2390.25,54.85,4054.325,44.525,1664.1,0.718414,104.811438,36.286315,,46.31140137,285079.561,25671.40912,0.713163,17.51512145
676,Greece,2012,98.927,17.438,31272.0,59.875,2168.275,50.425,3694.975,41.175,1526.7,0.778338,99.396383,34.411592,,39.44908142,275143.683,24911.13028,0.684663,12.62189916
677,Greece,2013,98.392,16.77,29229.0,57.675,2065.275,48.475,3513.15,39.525,1447.9,0.752945,97.136754,33.629296,,36.08771896,284949.076,25986.6407,0.631286,14.36085813
678,Greece,2014,97.671,15.799,29108.0,58.0,2056.05,49.225,3536.25,40.675,1480.2,0.752728,96.530055,33.419253,7.171581769,34.00093079,290011.379,26625.1593,0.611135,18.82927394
679,Greece,2015,98.385,16.155,29394.0,59.525,2086.4,50.7,3610.675,42.075,1524.325,0.901296,100.0,34.620568,,33.74463654,289570.644,26760.2808,0.60907,43.73189349
680,Greece,2016,96.987,14.54,28720.0,60.95,2129.275,51.775,3673.55,42.8,1544.25,0.903421,95.857787,33.18651,,33.97588348,296466.614,27511.8032,0.58858,13.24865551
681,Greece,2017,97.033,14.511,28903.0,62.7,2180.725,53.225,3752.675,43.875,1571.925,0.885206,97.192622,33.648638,,35.66890335,307636.013,28604.82915,0.575041,13.98809024
682,Greece,2018,97.082,14.586,27569.0,64.65,2238.175,54.525,3827.95,44.6,1589.75,0.846773,93.804184,32.475541,5.909090909,37.62820053,317881.481,29617.51863,0.564857,15.7048654
683,Greece,2019,96.611,14.32,27615.0,65.825,2266.325,56.125,3911.025,46.625,1644.7,0.893276,95.644556,33.112688,5.909090909,28.55332184,338922.204,31611.25941,0.540972,39.64246192
684,Greece,2020,,,27747.0,62.85,2233.475,53.675,3875.375,44.675,1641.925,0.875506,98.568151,34.124854,7.954545455,25.20206451,311203.829,29088.30316,0.53025,39.74697609
685,Greece,2021,,,27659.57173,66.45,2270.175,57.25,3928.0,48.225,1657.8,0.845494,98.555131,34.120346,6.931818182,,348976.941,32797.32392,0.520093,40.17363946
686,Greece,2022,,,25978.97924,70.35,2392.175,60.725,4140.6,51.2,1748.45,0.949624,99.755927,34.536068,,,405843.52,38396.65646,0.509113,25.62661441
687,Hungary,1994,,,,,1953.0,,3644.0,,1691.0,105.160458,53.732456,18.823015,15.18105405,,91569.586,8924.041165,49.55526,
688,Hungary,1995,100.0,25.025,16319.0,,1951.0,,3575.0,,1624.0,125.681425,62.092197,21.751516,15.75400169,,94882.261,9186.03762,61.5129,
689,Hungary,1996,,,16325.14871,,1951.0,,3557.0,,1606.0,152.646667,62.32868,21.834358,17.77534924,,96399.905,9349.01371,73.882904,
690,Hungary,1997,,,16727.99918,,1970.0,,3567.0,,1597.0,186.789167,63.371679,22.199732,,,101083.71,9823.025803,87.398455,
691,Hungary,1998,,,17103.68771,,1985.0,,3636.0,,1651.0,214.401667,65.56304,22.967387,15.67189287,,106752.095,10398.02924,97.823073,
692,Hungary,1999,,,17177.95276,62.45,2083.05,55.55,3791.475,49.025,1708.45,237.145833,66.016295,23.126167,15.30123115,,111315.201,10873.24787,104.545883,
693,Hungary,2000,100.0,21.5,17968.894,63.05,2102.4,56.225,3829.1,49.725,1726.725,282.179167,69.258313,24.261878,14.09876804,,121047.829,11854.68344,110.072623,
694,Hungary,2001,,,19334.73875,62.95,2113.65,56.2,3868.275,49.775,1754.625,286.49,73.252217,25.660983,13.68978149,,134596.492,13211.82702,114.406399,
695,Hungary,2002,,,20301.14339,62.95,2112.55,56.225,3870.65,49.85,1758.05,257.886667,77.419456,27.120808,9.129712294,,147567.884,14526.38825,118.141282,
696,Hungary,2003,,,21926.51318,63.45,2126.475,57.025,3921.9,50.9,1795.4,224.306667,80.214211,28.099839,1.47600449,,156796.359,15479.10108,122.005454,
697,Hungary,2004,,,23457.65428,63.15,2117.3,56.75,3900.35,50.7,1783.05,202.745833,85.031241,29.787292,3.034373765,29.28654671,164436.279,16269.30879,128.378355,
698,Hungary,2005,100.0,20.405,24491.94482,63.15,2116.1,56.9,3901.475,50.975,1785.35,199.5825,90.523321,31.711223,4.021526574,26.68621635,172572.944,17108.3406,130.929945,
699,Hungary,2006,,,24969.0,63.925,2138.625,57.35,3928.375,51.05,1789.725,210.39,94.371709,33.059351,0.384387036,26.58703232,185148.362,18383.63219,131.491355,36.05263611
700,Hungary,2007,,,24783.0,63.7,2129.275,57.025,3901.975,50.675,1772.7,183.625833,96.715796,33.880508,3.648106127,23.90537071,192051.584,19098.62628,134.036374,24.97135729
701,Hungary,2008,,,25128.0,62.725,2093.625,56.4,3848.325,50.325,1754.7,172.113333,99.270977,34.775614,2.22065446,27.65794563,208006.337,20721.50241,131.005355,19.99417805
702,Hungary,2009,,,23692.0,60.75,2025.05,57.2,3747.725,53.825,1722.7,202.341667,96.284461,33.729408,3.87608807,31.65866852,207690.009,20722.06542,127.694039,
703,Hungary,2010,100.0,20.212,24005.0,59.925,1992.55,57.05,3732.4,54.3,1739.85,207.944167,97.518148,34.16158,6.381712252,32.90966034,217389.466,21738.89665,126.432497,25.15681235
704,Hungary,2011,100.0,20.937,24316.0,60.8,2020.975,57.55,3759.05,54.5,1738.0,201.055,100.095506,35.064454,6.863905325,31.19514847,229643.36,23029.44718,124.271836,35.97941653
705,Hungary,2012,100.0,18.586,23506.0,61.65,2048.85,58.625,3827.2,55.7,1778.375,225.104167,98.813682,34.615419,11.33246244,24.95780754,230821.511,23267.44839,125.623608,20.97782681
706,Hungary,2013,100.0,17.641,23266.0,63.725,2103.7,60.125,3892.725,56.65,1789.025,223.695,99.585045,34.885635,8.723650635,21.69203377,242855.184,24547.98046,124.979432,32.78959496
707,Hungary,2014,100.0,17.676,22961.0,67.85,2220.5,63.65,4100.825,59.55,1880.375,232.601667,98.424617,34.479125,3.772605527,18.83894539,253484.632,25691.52734,129.414974,30.8385162
708,Hungary,2015,100.0,17.688,23140.0,70.275,2283.475,65.85,4210.5,61.55,1927.025,279.3325,100.0,35.030998,9.523809524,18.90466118,263781.873,26798.85423,132.55351,27.92119034
709,Hungary,2016,100.0,15.855,23349.0,73.0,2362.475,68.525,4351.65,64.2,1989.125,281.523333,97.739834,34.239239,9.364317181,11.1940403,274222.712,27941.92675,132.033797,30.37723301
710,Hungary,2017,100.0,16.698,25038.0,75.225,2417.35,70.175,4421.4,65.175,2004.075,274.433333,100.725809,35.285256,5.320268655,9.602656364,288707.448,29496.16375,136.036522,37.77704988
711,Hungary,2018,100.0,16.743,26265.0,76.3,2446.225,71.4,4469.475,66.575,2023.225,270.211667,104.807861,36.715239,5.063214286,10.70953941,311927.137,31908.86343,139.092451,38.80440386
712,Hungary,2019,100.0,16.596,27140.0,77.35,2479.675,72.225,4512.15,67.125,2032.45,290.66,109.181988,38.24754,12.7536732,14.05494404,343481.048,35152.6038,138.79714,48.39341864
713,Hungary,2020,,,27588.0,77.05,2461.0,71.95,4460.45,66.85,1999.475,307.996667,109.649229,38.411219,12.35001644,13.33415222,341413.077,35016.19072,141.838214,42.87332512
714,Hungary,2021,,,28462.42341,77.925,2476.125,73.075,4641.85,68.175,2165.7,303.140833,113.860246,39.88638,13.07661411,,375227.243,38643.81615,147.107994,41.65661382
715,Hungary,2022,,,28474.64324,78.8,2499.825,74.35,4709.025,69.875,2209.2,372.595833,116.57385,40.836983,,,421011.908,43476.16355,156.943756,44.19117255
716,Iceland,1994,,,43473.92063,,73.5,,137.7,,64.2,69.944378,61.220542,36.525802,,,6263.971,23548.76271,71.345633,
717,Iceland,1995,29.283,7.322,44521.0,,76.0,,142.0,,66.0,64.691667,60.532999,36.115595,,,6402.776,23944.56177,71.975026,
718,Iceland,1996,,,45932.14317,,76.143,,142.036,,65.893,66.5,62.486459,37.281082,,,6660.263,24768.54815,74.146397,
719,Iceland,1997,,,47880.31434,,76.443,,142.035,,65.592,70.904291,65.379376,39.007073,,,7284.697,26890.72473,73.678059,
720,Iceland,1998,,,52841.05592,,79.06,,147.917,,68.856,70.958333,68.98082,41.15579,,,7870.88,28746.8226,76.663296,
721,Iceland,1999,,,55312.62906,,82.196,,153.347,,71.151,72.335293,69.973351,41.74796,,,8198.7,29576.84157,79.246596,
722,Iceland,2000,27.223,7.711,57007.89517,,83.557,,156.364,,72.806,78.615947,71.996279,42.954892,,,8375.093,29783.40353,84.722798,
723,Iceland,2001,,,56571.30031,,85.035,,159.044,,74.009,97.424603,74.704431,44.570648,,,9086.333,31870.68826,88.294875,
724,Iceland,2002,,,58197.09048,,82.969,,156.727,,73.758,91.661667,76.135828,45.424657,28.72213492,,9375.293,32598.37602,91.105413,
725,Iceland,2003,,,56719.11933,86.3,81.65,83.25,155.0,80.125,73.35,76.708983,78.66312,46.932506,,44.34154511,9467.64,32726.02987,92.603085,
726,Iceland,2004,,,60144.38904,85.75,82.05,82.275,154.925,78.8,72.875,70.191667,84.015009,50.125586,,40.79682922,10402.862,35553.18543,93.284087,
727,Iceland,2005,27.217,7.475,64809.45494,86.875,85.025,83.775,159.85,80.525,74.825,62.981667,86.508456,51.613242,,34.34326172,11074.926,37427.93497,95.840665,
728,Iceland,2006,,,68219.0,88.05,91.175,84.6,167.825,80.875,76.65,70.18,88.730449,52.938942,23.2696281,28.28174973,12060.17,39632.50144,101.633396,
729,Iceland,2007,,,70267.0,89.125,95.9,85.15,175.525,80.8,79.65,64.055,94.059521,56.118409,,24.90111351,12921.528,41494.95317,107.33647,
730,Iceland,2008,,,62292.0,87.3,96.375,83.575,177.05,79.575,80.675,87.947917,91.303145,54.473883,,20.50067139,13879.916,43456.21676,114.527003,23.81031111
731,Iceland,2009,,,52694.0,80.0,87.525,78.325,166.225,76.55,78.725,123.638381,97.143961,57.958666,,15.90235615,13333.311,41771.02398,121.97951,
732,Iceland,2010,25.767,7.343,54268.0,80.1,86.475,78.175,165.75,76.2,79.275,122.241811,96.145908,57.363205,16.46039604,11.35181809,12647.987,39773.54448,132.90391,
733,Iceland,2011,25.769,7.57,56570.0,80.275,86.375,78.475,165.975,76.625,79.6,115.95404,96.228729,57.412617,,17.47073746,13059.434,40938.66455,135.152004,
734,Iceland,2012,3.469,6.903,56277.0,81.45,87.425,79.675,167.9,77.875,80.45,125.082787,96.367313,57.495299,,24.54683876,13471.498,42006.54335,136.96767,25.73355758
735,Iceland,2013,3.469,6.792,57135.0,83.175,90.45,81.1,173.225,78.95,82.775,122.179121,98.391482,58.702973,,25.99329186,14378.252,44404.73159,137.022617,45.65659337
736,Iceland,2014,3.469,6.624,57946.0,85.35,92.7,82.95,177.625,80.525,84.9,116.767353,98.347418,58.676681,13.84083045,16.88981056,15058.764,45995.00169,138.547869,
737,Iceland,2015,3.469,6.504,61777.0,87.1,96.075,84.725,183.65,82.3,87.55,131.918708,100.0,59.662657,,11.49161243,16276.45,49203.29499,141.974926,42.72281336
738,Iceland,2016,3.469,6.096,68732.0,89.4,101.225,86.525,190.475,83.575,89.25,120.811548,101.109382,60.324542,,15.07132721,17939.411,53486.61577,140.02995,36.35183024
739,Iceland,2017,3.469,6.376,75287.0,88.6,103.825,86.1,193.9,83.475,90.1,106.839572,101.932426,60.815593,,21.64995384,19106.258,55638.49198,138.277175,36.50419313
740,Iceland,2018,3.469,6.363,79476.0,87.525,106.825,85.075,198.325,82.5,91.55,108.300176,104.539241,62.370889,12.90124719,,20174.854,57201.17334,140.970278,
741,Iceland,2019,3.469,6.374,76444.0,86.2,108.125,84.1,201.025,81.875,92.875,122.606774,107.764504,64.295165,13.27519638,,21822.649,60517.6078,138.667852,52.13770605
742,Iceland,2020,,,71687.0,82.575,105.025,80.3,194.525,77.85,89.525,135.421712,106.094321,63.298688,11.40545041,,20386.798,55625.64284,143.253157,59.24072819
743,Iceland,2021,,,74654.51952,82.525,106.85,79.75,197.025,76.775,90.15,126.98886,110.009448,65.634561,9.722679041,,22903.075,61484.76587,141.919774,63.38867357
744,Iceland,2022,,,79473.35929,85.175,113.15,83.275,210.4,81.225,97.25,135.279902,110.268245,65.788966,,,27443.255,71840.98059,138.342442,51.53249871
774,Ireland,1994,,,33047.42797,,758.7,,1213.0,,454.2,0.848983,43.982693,41.442514,,,61037.171,17020.96224,0.794203,
775,Ireland,1995,82.535,11.586,33634.0,,789.5,,1272.2,,482.7,0.791978,46.150513,43.485133,,,68320.948,18971.19047,0.801493,
776,Ireland,1996,,,34125.71564,,806.2,,1319.2,,513.0,0.793622,47.998333,45.226234,,,74474.181,20538.36943,0.80763,
777,Ireland,1997,,,36047.54909,,832.2,,1371.6,,539.4,0.837574,51.268807,48.307824,,,83154.134,22693.04755,0.834603,
778,Ireland,1998,,,36168.17616,,916.225,,1520.75,,604.6,0.8917,51.094393,48.143484,,,93160.255,25082.32112,0.86336,
779,Ireland,1999,,,36975.79213,,963.325,,1614.425,,651.125,0.938283,53.679276,50.57908,,,101534.479,27041.4282,0.913882,
780,Ireland,2000,74.319,11.011,37873.93037,76.325,1002.475,65.15,1692.05,53.9,689.6,1.082705,56.645877,53.374347,,,114952.324,30216.78476,0.943829,
781,Ireland,2001,,,39371.66944,76.65,1028.525,65.825,1745.2,54.9,716.65,1.116533,58.726286,55.334605,,,125950.283,32597.55823,0.969344,
782,Ireland,2002,,,39798.91823,75.425,1036.1,65.45,1776.975,55.4,740.875,1.057559,61.778917,58.210933,17.76903826,,138490.842,35222.81925,0.981997,
783,Ireland,2003,,,41094.86945,75.2,1050.675,65.5,1810.475,55.7,759.825,0.884048,63.503808,59.836205,,25.48210335,145013.781,36280.71014,1.00388,
784,Ireland,2004,,,42554.29631,75.95,1080.325,66.275,1864.85,56.525,784.525,0.803922,66.250292,62.424068,,28.41180801,157659.724,38762.30928,0.991124,
785,Ireland,2005,63.236,10.459,44330.02565,76.85,1123.775,67.625,1951.95,58.3,828.175,0.8038,66.910261,63.045921,,28.56873322,168336.081,40465.31651,1.011707,
786,Ireland,2006,,,44703.0,77.85,1178.8,68.675,2043.65,59.25,864.875,0.796433,68.0426,64.112863,19.6020196,33.6466713,189029.924,44271.13828,0.978238,63.29269083
787,Ireland,2007,,,45969.0,80.4,1265.275,71.725,2221.275,62.9,956.05,0.729672,69.808855,65.77711,,29.99949265,205800.512,46770.88765,0.957575,
788,Ireland,2008,,,48089.0,77.025,1231.775,69.65,2198.875,62.2,967.125,0.679923,68.704214,64.736266,,26.54109955,198299.13,44105.36448,0.944447,51.37279097
789,Ireland,2009,,,52639.0,68.325,1090.6,63.625,2015.15,58.975,924.55,0.716958,73.266124,69.034707,,19.36640167,188081.37,41435.29914,0.901311,29.25692854
790,Ireland,2010,44.043,9.881,52793.0,64.95,1031.45,60.95,1925.425,56.975,893.975,0.754309,77.782264,73.290023,14.34586466,21.43107033,197012.285,43206.63733,0.84965,33.25793682
791,Ireland,2011,52.331,10.056,52035.0,63.85,1008.475,60.025,1888.3,56.175,879.825,0.718414,80.206619,75.574361,,23.74650383,206639.608,45132.17589,0.831513,52.91041444
792,Ireland,2012,19.156,9.145,51578.0,63.7,1002.75,59.9,1880.425,56.15,877.675,0.778338,80.701076,76.040261,,28.87628174,212883.421,46304.78419,0.823072,34.58727125
793,Ireland,2013,6.197,8.78,50323.0,66.425,1044.575,61.75,1937.775,57.075,893.2,0.752945,78.62888,74.087742,,31.34169006,221005.187,47836.18565,0.811228,28.50155412
794,Ireland,2014,6.06,8.513,50080.0,68.4,1077.35,63.125,1988.725,57.925,911.375,0.752728,82.822423,78.039091,10.60606061,33.57803345,238656.914,51296.92985,0.819041,45.98823715
795,Ireland,2015,4.901,8.376,50079.0,70.25,1115.975,64.7,2056.925,59.25,940.925,0.901296,100.0,94.224594,,36.0639801,325443.078,69305.5388,0.809686,57.18410825
796,Ireland,2016,0.552,7.833,50593.0,71.825,1153.0,66.425,2132.125,61.05,979.1,0.903421,96.815128,91.22366,,33.99488449,339580.36,71505.74628,0.794289,57.47397749
797,Ireland,2017,0.091,7.657,51180.0,72.975,1186.375,67.575,2193.95,62.25,1007.575,0.885206,101.578633,95.712054,,30.23192406,375788.611,78252.20562,0.794405,60.37996469
798,Ireland,2018,0.596,7.91,51852.0,74.025,1221.025,68.475,2257.275,63.05,1036.225,0.846773,106.271065,100.133479,8.284023669,27.33366966,413324.138,85034.72855,0.792214,61.84052888
799,Ireland,2019,0.596,7.848,52648.0,74.925,1253.025,69.45,2322.325,64.05,1069.3,0.893276,108.664237,102.388435,7.917473949,26.17709541,448731.77,91072.86681,0.794143,58.12159762
800,Ireland,2020,,,53651.0,72.225,1241.825,66.55,2294.075,60.95,1052.2,0.875506,128.246668,120.839902,7.257684453,29.9456234,483915.064,97165.33901,0.775445,58.81482669
801,Ireland,2021,,,53209.4764,74.25,1277.15,69.85,2389.225,65.5,1112.075,0.845494,138.554505,130.552419,7.257684453,,574387.948,114451.1903,0.755708,62.33894119
802,Ireland,2022,,,52242.6174,78.1,1357.875,73.175,2547.3,68.425,1189.4,0.949624,139.638032,131.573368,,,686134.933,134149.3327,0.737876,
803,Israel,1994,,,,,,,,,,3.011055,76.658378,30.857308,,,104811.426,,2.602139,
804,Israel,1995,99.999,23.258,30896.0,65.04195,1130.575,56.51433,1964.975,48.09135,834.375,3.011292,75.880615,30.544235,,,114074.954,20569.70474,2.779842,
805,Israel,1996,,,33565.35783,64.18484,1146.95,56.36247,2012.8,48.63482,865.85,3.19165,76.37102,30.741638,,,122982.112,21619.5222,2.981079,
806,Israel,1997,,,34604.6382,63.08815,1155.375,55.70263,2040.15,48.39839,884.8,3.44935,77.686049,31.270977,,,129799.827,22245.51978,3.168948,
807,Israel,1998,,,35944.71971,61.8531,1155.225,55.23224,2072.475,48.74572,917.2,3.800075,79.753182,32.10306,,,136595.647,22844.469,3.348368,
808,Israel,1999,,,36578.61825,61.25905,1176.15,55.46907,2136.6,49.79054,960.475,4.139717,79.799653,32.121766,,,143122.94,23321.79488,3.504641,
809,Israel,2000,99.999,23.156,37781.72496,61.35086,1211.725,56.07549,2221.25,50.90556,1009.5,4.077333,83.236229,33.505091,,,161814.573,25669.36979,3.432626,
810,Israel,2001,,,38369.97007,60.82014,1236.125,55.56511,2264.95,50.4116,1028.8,4.20565,85.091243,34.25179,27.97471833,,165742.202,25669.70132,3.415999,
811,Israel,2002,,,36922.70094,59.50874,1237.95,54.80782,2284.35,50.19362,1046.4,4.737825,84.170032,33.880975,24.20761246,,171106.706,25961.15178,3.462676,
812,Israel,2003,,,35655.64948,59.42385,1257.575,54.97932,2330.2,50.61163,1072.65,4.554133,85.35208,34.356785,25.32531132,,164972.8,24571.82865,3.624965,
813,Israel,2004,,,35106.85263,60.37016,1300.275,55.6702,2400.8,51.04422,1100.525,4.481983,88.485258,35.617984,25.01352814,,177329.086,25938.29304,3.535956,
814,Israel,2005,99.999,22.976,35173.89557,60.97253,1339.925,56.70815,2493.65,52.51103,1153.725,4.4877,89.561968,36.051392,21.92439863,,177607.495,25514.01096,3.716937,
815,Israel,2006,,,36161.0,61.83796,1383.65,57.55732,2573.575,53.34027,1189.975,4.455808,92.226553,37.123967,21.95521573,,185766.929,26207.26599,3.807122,34.17975613
816,Israel,2007,,,36502.0,63.31179,1441.875,58.94432,2681.975,54.63745,1240.125,4.108083,93.051358,37.455976,20.40924794,,202278.544,28022.14357,3.738271,21.78032427
817,Israel,2008,,,35979.0,64.08463,1489.1,59.82737,2776.7,55.63233,1287.575,3.588021,92.697001,37.313337,22.05882353,,204628.859,27836.58976,3.867205,18.44015531
818,Israel,2009,,,34890.0,62.54852,1502.25,59.21324,2841.0,55.9252,1338.725,3.932335,92.085907,37.067354,21.13599802,,209388.445,27985.43778,3.989863,40.41658166
819,Israel,2010,99.999,24.737,34993.0,63.43218,1551.775,60.1636,2938.25,56.93691,1386.475,3.738975,94.637881,38.0946,20.39157739,,223841.421,29372.33451,3.990721,44.89317017
820,Israel,2011,99.999,24.506,35189.0,64.33627,1603.9,60.87873,3024.675,57.46632,1420.775,3.578129,97.018045,39.052687,19.65966691,,242552.856,31244.4303,3.944763,27.10905334
821,Israel,2012,99.999,22.15,35792.0,70.7,1788.233,66.5,3358.975,62.35833,1570.742,3.855922,96.606782,38.887142,20.0,,256309.664,32414.61622,3.955358,34.35697559
822,Israel,2013,99.999,22.716,35900.0,71.20834,1835.142,67.05833,3449.517,63.0,1614.383,3.610758,98.321312,39.577292,20.34590182,,279898.839,34744.03807,3.839566,45.13020522
823,Israel,2014,99.999,21.538,36112.0,71.525,1880.383,67.86667,3555.767,64.23333,1675.367,3.577925,99.856005,40.195052,20.1081412,,285199.509,34729.39271,3.940387,44.3641848
824,Israel,2015,99.999,22.251,37213.0,72.14167,1928.317,68.31667,3643.8,64.55833,1715.492,3.886833,100.0,40.253014,20.43918919,,299862.537,35795.50641,3.923925,40.53432259
825,Israel,2016,99.999,18.628,38698.0,72.025,1971.983,68.575,3736.842,65.2,1764.883,3.840567,100.614375,40.500319,21.59333204,,325370.412,38084.52891,3.788511,43.81331691
826,Israel,2017,99.999,19.904,39898.0,72.44167,2019.175,69.025,3824.8,65.65,1805.625,3.599556,102.318954,41.186463,21.79178994,,342747.665,39352.29468,3.751633,38.93681556
827,Israel,2018,99.999,19.736,41059.0,71.65833,2038.617,69.03333,3905.108,66.41666,1866.508,3.590558,105.10882,42.309468,22.65919243,,355910.254,40082.4661,3.784664,42.23297305
828,Israel,2019,99.999,19.424,41964.0,71.44167,2070.067,68.94167,3966.925,66.44167,1896.833,3.564527,108.461745,43.659122,24.31886983,,373231.124,41236.22383,3.816864,49.56669122
829,Israel,2020,,,42130.0,68.71667,2029.675,66.78333,3913.425,64.86667,1883.758,3.442406,116.375853,46.844789,21.55833333,,378289.082,41054.45404,3.746722,38.89385207
830,Israel,2021,,,44338.86887,68.08334,2041.983,66.6,3956.967,65.09167,1915.0,3.230198,118.97185,47.889756,25.35751381,,433321.829,46258.7422,3.650544,43.95946815
831,Israel,2022,,,44155.94542,70.775,2154.925,69.19167,4187.0,67.625,2032.058,3.359614,117.956488,47.481042,,,498266.551,52169.3183,3.539884,
832,Italy,1994,,,44022.51456,,12973.89,,19972.18,,6998.286,0.832758,91.072919,48.470113,,,1211066.379,21305.31212,0.755886,
833,Italy,1995,96.419,24.331,43059.0,,12844.54,,19851.25,,7006.712,0.841274,93.772882,49.907066,,,1272155.857,22379.6556,0.776826,
834,Italy,1996,,,43400.69862,,12828.92,,19950.72,,7121.795,0.796866,93.880025,49.964089,,,1310681.246,23050.90276,0.797961,
835,Italy,1997,,,44646.69676,,12835.41,,20027.45,,7192.04,0.879576,95.612618,50.886196,,,1358054.328,23871.41465,0.804355,
836,Italy,1998,,,44793.69243,66.8,13083.83,51.925,20424.05,37.25,7340.2,0.896676,95.678224,50.921112,,,1423858.253,25020.92466,0.799838,
837,Italy,1999,,,45305.33264,67.275,13154.1,52.675,20682.3,38.275,7528.2,0.938283,96.351086,51.279218,,,1457193.11,25602.38648,0.806447,
838,Italy,2000,99.129,23.864,45289.58446,68.0,13313.13,53.7,21072.93,39.55,7759.775,1.082705,99.118059,52.751834,,,1541756.518,27075.86334,0.805259,
839,Italy,2001,,,45612.84355,68.55,13450.95,54.8,21506.75,41.1,8055.825,1.116533,99.78275,53.105591,,,1597668.505,28039.20872,0.816275,
840,Italy,2002,,,45290.10088,69.075,13588.4,55.55,21820.72,42.025,8232.3,1.057559,99.00028,52.689151,15.72510192,,1639680.501,28721.07628,0.823489,
841,Italy,2003,,,45168.00936,69.6,13685.08,56.1,22047.15,42.65,8362.075,0.884048,98.298734,52.31578,,,1673462.415,29154.80381,0.833418,
842,Italy,2004,,,46032.25787,70.15,13553.05,57.725,22362.4,45.45,8809.35,0.803922,99.123067,52.754499,,,1704921.305,29482.52418,0.851839,
843,Italy,2005,98.588,21.213,46654.24748,69.9,13600.53,57.575,22406.9,45.375,8806.35,0.8038,99.565938,52.990201,,,1746658.11,30028.48898,0.855139,
844,Italy,2006,,,46947.0,70.425,13755.0,58.325,22757.43,46.35,9002.4,0.796433,99.346739,52.873541,10.51282051,48.01535797,1886969.75,32311.18119,0.822847,23.87379947
845,Italy,2007,,,46928.0,70.575,13811.25,58.575,22893.95,46.625,9082.675,0.729672,99.271227,52.833352,,48.11111832,1995607.596,33964.20457,0.809197,30.34241486
846,Italy,2008,,,46864.0,70.15,13820.35,58.65,23090.18,47.25,9269.825,0.679923,98.70518,52.532095,,46.70809174,2089717.307,35292.60186,0.783694,36.31165752
847,Italy,2009,,,47224.0,67.825,13541.15,56.9,22698.32,46.15,9157.2,0.716958,96.73892,51.485627,,49.70447922,2044812.137,34334.56418,0.771345,39.9521696
848,Italy,2010,98.465,20.088,47629.0,66.775,13374.2,56.25,22526.13,45.875,9151.975,0.754309,98.938252,52.656139,5.640535373,52.85612869,2083742.436,34833.89061,0.773262,33.39163935
849,Italy,2011,98.743,21.195,46866.0,66.575,13339.67,56.35,22597.65,46.25,9258.0,0.718414,99.606174,53.011615,,55.66731262,2173169.961,36203.32852,0.758687,25.95596832
850,Italy,2012,97.824,18.635,45379.0,65.55,13193.0,56.075,22565.32,46.775,9372.325,0.778338,99.073743,52.728249,,55.84718704,2172383.108,36091.37396,0.747731,28.06946065
851,Italy,2013,96.764,17.911,45527.0,63.825,12914.38,54.95,22190.4,46.25,9276.025,0.752945,99.86123,53.147359,,53.37546539,2187376.607,36267.92535,0.737299,14.59721432
852,Italy,2014,95.93,16.909,45704.0,64.025,12944.92,55.275,22278.45,46.65,9333.525,0.752728,99.940667,53.189636,6.584723442,52.62295151,2200256.409,36475.97606,0.739644,30.90357401
853,Italy,2015,96.915,17.81,46103.0,65.1,13084.3,56.025,22464.2,47.025,9379.9,0.901296,100.0,53.221214,,48.54083252,2240922.483,37206.33182,0.738694,26.06258788
854,Italy,2016,91.645,15.557,46469.0,66.225,13232.83,57.05,22757.43,48.05,9524.575,0.903421,99.692606,53.057615,,46.39992523,2420672.141,40267.22262,0.700544,23.75990877
855,Italy,2017,91.945,15.875,46169.0,66.9,13348.4,57.875,23021.93,48.9,9673.6,0.885206,100.335718,53.399887,,43.96224594,2517184.468,41951.46633,0.689895,23.0196292
856,Italy,2018,92.92,16.033,46230.0,67.55,13445.83,58.5,23213.97,49.525,9768.125,0.846773,100.323292,53.393274,5.708061002,44.92681885,2600326.872,43427.66314,0.681219,20.66261975
857,Italy,2019,91.421,15.848,46460.0,68.0,13487.45,59.05,23359.55,50.175,9872.075,0.893276,100.82174,53.658554,5.551161346,36.09053421,2775612.585,46470.0219,0.647298,22.19258583
858,Italy,2020,,,44246.0,66.55,13280.2,57.45,22903.13,48.425,9622.95,0.875506,103.942159,55.319279,4.769832753,33.47515488,2627334.146,44202.2673,0.632291,37.45157724
859,Italy,2021,,,45960.64562,67.075,13043.6,58.25,22553.95,49.425,9510.35,0.845494,102.146042,54.363363,5.678372326,,2951508.169,49912.87752,0.617428,35.42939028
860,Italy,2022,,,44893.33467,69.2,13350.2,60.15,23099.4,51.125,9749.2,0.949624,101.854776,54.208348,,,3267793.896,55373.47932,0.595655,
861,Japan,1994,,,40523.1594,82.00132,38390.83,69.33826,64530.0,56.58896,26141.67,102.207806,73.514167,33.941482,37.81597573,,2856992.794,22834.75171,178.830028,
862,Japan,1995,91.683,12.999,41013.0,81.89827,38430.0,69.24825,64565.83,56.51255,26135.0,94.059579,75.747754,34.972729,37.090301,,2993644.743,23865.91364,174.240281,
863,Japan,1996,,,41183.89925,82.17986,38583.33,69.56193,64859.17,56.85933,26273.33,108.779057,77.713801,35.880452,36.8473232,,3143992.145,25009.68209,170.344605,
864,Japan,1997,,,41509.99792,82.51409,38917.5,70.06789,65567.5,57.52802,26650.0,120.990863,79.043851,36.494536,36.52145431,,3229588.927,25629.42066,168.301729,
865,Japan,1998,,,41335.46599,81.74725,38579.17,69.57001,65141.67,57.28841,26564.17,130.905301,79.92947,36.903426,35.307667,,3224451.313,25520.19654,166.384091,
866,Japan,1999,,,41196.88317,81.17844,38306.67,69.02783,64623.33,56.78252,26316.67,113.906805,82.172498,37.939032,34.55083909,,3258971.755,25744.91658,162.03574,
867,Japan,2000,91.382,12.984,41428.23687,81.06961,38172.5,68.99153,64463.33,56.8297,26291.67,107.765498,84.549519,39.036502,33.85930309,,3461199.211,27289.85193,154.691385,
868,Japan,2001,,,41006.37324,80.55132,37829.17,68.85491,64120.83,57.06125,26293.33,121.528948,85.752674,39.591999,33.86467144,,3552841.441,27946.08314,149.641888,
869,Japan,2002,,,40178.29624,79.95094,37365.0,68.31975,63303.33,56.59394,25938.33,125.388019,87.332856,40.321568,32.52972259,,3647933.242,28633.69892,143.774205,
870,Japan,2003,,,40212.76829,79.95222,37186.67,68.46236,63161.67,56.88581,25975.0,115.933464,88.57762,40.896276,31.99735012,,3753919.246,29411.59288,139.579081,
871,Japan,2004,,,40884.38578,80.09175,37126.67,68.81226,63285.83,57.45221,26157.5,108.192569,90.706151,41.879018,31.08739159,,3938955.766,30837.17542,134.401332,
872,Japan,2005,88.925,12.22,41936.10476,80.50712,37227.5,69.36957,63561.67,58.15407,26334.17,110.218212,92.020655,42.485925,32.82543889,,4110440.486,32174.40011,129.551955,
873,Japan,2006,,,41911.0,81.08282,37344.17,70.03201,63887.5,58.88669,26545.0,116.299312,92.169251,42.554532,32.98083278,,4300322.188,33638.84126,124.448861,35.03312898
874,Japan,2007,,,41799.0,81.83565,37630.0,70.77606,64275.0,59.57314,26650.0,117.753529,92.852104,42.869805,31.7423231,,4482081.29,35021.73222,120.319482,24.00056902
875,Japan,2008,,,41463.0,81.71509,37453.33,70.8734,64091.67,59.8792,26643.33,103.359494,92.582326,42.745248,30.69439785,,4517267.524,35278.74985,116.845814,22.12014795
876,Japan,2009,,,40869.0,80.3243,36656.67,70.17559,63145.0,59.87057,26495.0,93.570089,91.266296,42.137637,28.28492393,,4295628.986,33550.68955,115.219075,25.17778842
877,Japan,2010,87.379,11.717,40999.0,80.20833,36432.5,70.28754,62981.67,60.21025,26562.5,87.779875,94.087959,43.440399,28.68430093,,4525401.306,35342.82472,111.709563,27.02714818
878,Japan,2011,93.568,12.885,41656.0,80.58157,36390.0,70.82615,62934.17,60.84837,26544.17,79.80702,94.680171,43.713823,27.39536493,,4629400.467,36215.00627,107.454281,23.10636348
879,Japan,2012,94.9,13.317,40963.0,80.37296,36224.17,70.61858,62796.67,60.72702,26577.5,79.790455,95.716034,44.192081,26.52354571,,4799612.88,37628.67599,104.273972,16.91780597
880,Japan,2013,95.818,13.575,40995.0,80.84997,36203.33,71.7585,63265.83,62.53339,27068.33,97.595658,97.855026,45.179653,26.58757851,,5021591.104,39436.68259,101.302673,35.8106893
881,Japan,2014,98.887,13.924,40257.0,81.64334,36351.67,72.7607,63711.67,63.73547,27367.5,105.944781,98.028532,45.259761,25.87099,,5034454.619,39559.76347,103.052076,37.95152838
882,Japan,2015,97.196,13.601,40062.0,81.93547,36389.17,73.3971,64018.33,64.70361,27639.17,121.044026,100.0,46.169987,25.73179033,,5199915.223,40908.78155,103.469437,35.28672152
883,Japan,2016,98.283,13.544,40609.0,82.67216,36575.0,74.52277,64701.67,66.19759,28130.0,108.7929,100.100485,46.216381,24.60128945,,5158900.414,40642.70453,105.519502,36.2200654
884,Japan,2017,98.169,13.761,40710.0,83.16348,36770.0,75.50069,65424.17,67.66535,28655.0,112.166141,101.015295,46.638749,24.51809266,,5262254.967,41531.22162,105.101901,41.24899416
885,Japan,2018,97.657,13.658,41172.0,84.22112,37259.17,77.1633,66820.0,69.91362,29564.17,110.423179,101.634793,46.924771,23.53736896,,5344060.937,42264.58512,104.158636,38.48803937
886,Japan,2019,97.646,13.647,41699.0,84.63779,37444.17,78.11421,67495.84,71.40417,30052.5,109.009666,102.524561,47.335577,23.48001344,,5404462.293,42835.81742,103.231509,41.12136505
887,Japan,2020,,,41442.0,84.20238,37241.67,77.72765,67102.5,71.05914,29861.67,106.774582,101.543439,46.882593,22.51856854,,5351114.184,42567.67395,100.742085,42.33799847
888,Japan,2021,,,42041.31255,84.10136,37105.0,77.88137,67124.16,71.49782,30019.17,109.754324,103.130927,47.615536,22.11376641,,5566714.339,44355.58269,98.690047,29.07856752
889,Japan,2022,,,41509.20477,84.27872,36985.0,78.45472,67225.84,72.47396,30238.33,131.49814,104.084324,48.055719,21.34794157,,5862148.765,46917.08297,94.934984,43.1462693
903,Korea,1994,,,28392.0539,,11828.67,,19848.42,,8019.583,803.771667,,,45.50637632,,544057.83,12187.12939,684.657732,
904,Korea,1995,99.432,24.394,31180.0,,12147.0,,20414.42,,8267.333,771.254167,,,44.18220588,,608871.842,13502.58004,717.702429,
905,Korea,1996,,,32649.16876,,12351.42,,20853.08,,8501.583,804.4575,,,43.28277957,,668944.044,14693.99328,733.769744,
906,Korea,1997,,,31983.00602,,12482.5,,21213.92,,8731.25,949.89,,,42.21548579,,722468.659,15721.56197,750.208045,
907,Korea,1998,,,31652.64392,,11847.25,,19937.42,,8090.333,1403.183333,,,42.02184197,,693124.625,14974.49879,775.06307,
908,Korea,1999,,,31943.49745,,11953.92,,20291.17,,8337.25,1189.439167,,,41.80339811,,783492.526,16807.01302,754.89297,
909,Korea,2000,99.432,24.251,32242.64203,73.20166,12401.08,61.51276,21172.98,50.06782,8771.934,1130.3625,,,41.65435244,,871475.638,18538.87931,747.736794,
910,Korea,2001,,,33360.15264,73.62408,12609.17,62.2052,21613.66,51.00414,9004.491,1290.79,,,40.41614049,,934349.292,19724.49424,756.699134,
911,Korea,2002,,,34507.35184,75.0018,12988.33,63.40555,22231.48,52.00292,9243.158,1251.6025,,,41.02851279,,1019446.686,21396.71919,769.77179,
912,Korea,2003,,,35782.45873,75.07673,13090.29,63.0346,22221.6,51.16069,9131.325,1191.645833,,,40.08315463,,1058222.737,22096.02308,791.293714,
913,Korea,2004,,,36589.82104,75.32017,13275.72,63.76704,22681.87,52.34264,9406.208,1146.249167,,,39.62354825,,1143105.568,23773.59083,794.711552,
914,Korea,2005,99.432,23.574,37718.50493,75.01673,13322.88,63.74775,22831.04,52.58565,9508.175,1024.328333,,,39.61663236,,1213618.157,25186.6381,788.920135,
915,Korea,2006,,,38204.0,74.79436,13480.88,63.97321,23188.07,53.20327,9707.191,955.340833,,,39.77414431,,1302227.991,26884.4294,772.216161,22.64144939
916,Korea,2007,,,39031.0,74.91918,13711.7,64.14521,23561.11,53.37194,9849.408,929.375833,,,38.16206428,,1414985.951,29064.70197,770.085526,23.93663501
917,Korea,2008,,,38914.0,74.5706,13834.64,63.9557,23774.82,53.30861,9940.191,1100.125833,,,39.03744173,,1468996.086,29945.89922,785.717886,27.34813503
918,Korea,2009,,,39116.0,73.69522,13840.26,63.0171,23687.61,52.2914,9847.358,1277.245833,,,38.6146827,,1454994.406,29508.28276,828.420848,27.00373366
919,Korea,2010,99.445,22.903,39730.0,74.02631,14041.18,63.38788,24032.81,52.68321,9991.608,1156.46,,,39.60585734,,1572680.44,31736.70016,840.991702,32.42269946
920,Korea,2011,99.445,25.516,40252.0,74.60502,14333.29,63.91484,24526.44,53.142,10193.15,1108.233333,92.858458,33.018412,36.5642295,,1625275.456,32546.51773,854.585723,28.30372223
921,Korea,2012,99.445,25.842,39660.0,75.05131,14568.23,64.34369,24954.79,53.54788,10386.54,1126.806667,94.207046,33.49794,36.29852997,,1684562.928,33557.03045,854.887268,23.08125613
922,Korea,2013,99.445,27.57,40661.0,75.17126,14745.01,64.62727,25299.36,53.98439,10554.38,1094.9825,96.45643,34.297771,36.59963437,,1726902.753,34244.23949,869.081422,34.85863948
923,Korea,2014,99.445,28.209,40746.0,75.99797,15057.28,65.56622,25897.21,55.01185,10839.94,1052.84,98.652666,35.078704,36.65317614,,1792600.237,35324.2603,871.878106,28.41035218
924,Korea,2015,99.445,27.004,41878.0,75.94748,15155.99,65.90981,26177.69,55.73558,11021.72,1130.9525,100.0,35.557786,37.17628175,,1933588.947,37902.36102,857.483387,26.47573793
925,Korea,2016,99.445,27.828,43106.0,75.88277,15241.17,66.07566,26409.11,56.13441,11167.92,1160.7675,102.78503,36.548081,36.66666667,,2026967.822,39575.30208,858.809687,23.70815787
926,Korea,2017,99.445,26.901,44119.0,76.25645,15368.42,66.62926,26724.83,56.85481,11356.43,1131.000833,107.3761,38.180564,34.61738256,,2103651.26,40957.34706,872.624771,35.85822116
927,Korea,2018,99.445,27.448,45640.0,75.92023,15371.98,66.61324,26822.07,57.15882,11450.08,1100.163333,111.47842,39.639258,34.10731095,,2220442.286,43044.34015,854.871397,38.90840177
928,Korea,2019,99.445,27.447,47207.0,75.69225,15462.82,66.82268,27122.7,57.78054,11659.91,1165.3575,114.206522,40.609311,32.48044472,,2270666.071,43864.89078,847.547829,37.67575885
929,Korea,2020,,,48294.0,74.82345,15381.22,65.86022,26904.33,56.7034,11523.11,1180.265833,117.85168,41.905448,31.48475223,,2340031.574,45142.98122,829.35898,44.83092383
930,Korea,2021,,,49142.98052,75.18007,15547.62,66.52686,27272.79,57.66351,11725.18,1143.951667,121.137177,43.073698,31.06483944,,2514546.075,48594.95749,827.266011,43.38291934
931,Korea,2022,,,48921.93486,76.85896,15928.3,68.51241,28089.13,59.97005,12160.83,1291.446667,121.261015,43.117732,31.24208428,,2667445.881,51666.65145,810.428401,
932,Latvia,1994,,,,,,,,,,0.796452,,,,,14835.391,,0.243,
933,Latvia,1995,98.385,21.087,11340.0,,,,,,,0.750683,38.564973,12.880747,,,13712.095,5517.821147,0.296041,
934,Latvia,1996,,,11340.20363,,,,,,,0.783647,39.379401,13.152767,,,14273.826,5808.928072,0.328027,
935,Latvia,1997,,,11875.00165,,,,,,,0.82657,41.127174,13.736525,,,15782.998,6487.449337,0.341886,
936,Latvia,1998,,,12234.52452,,505.5,,986.1,,480.5,0.839257,43.922984,14.670329,,,17034.92,7068.376007,0.353078,
937,Latvia,1999,,,12738.38701,,506.3,,971.8,,465.5,0.832617,45.922338,15.338115,,,17703.515,7405.779273,0.354316,
938,Latvia,2000,98.737,18.317,13406.70653,,484.9,,941.6,,456.8,0.862972,50.136843,16.745765,,,19037.553,8040.821323,0.360786,
939,Latvia,2001,,,13843.79142,,468.2,,933.8,,465.7,0.893445,52.234448,17.446368,,,21142.659,9044.213765,0.35336,
940,Latvia,2002,,,13420.23761,64.05,485.15,59.95,955.45,56.2,470.3,0.879607,56.059871,18.724064,18.91955557,,23740.729,10275.70351,0.35409,
941,Latvia,2003,,,14380.66693,65.1,489.575,60.75,962.05,56.825,472.45,0.813136,60.590619,20.237339,,,25308.357,11060.91921,0.378207,
942,Latvia,2004,,,15634.09323,65.3,490.075,61.025,963.85,57.15,473.725,0.768683,66.679449,22.271015,,,27788.26,12279.3903,0.399331,
943,Latvia,2005,98.695,18.131,18183.97802,66.4,496.7,62.15,972.35,58.225,475.625,0.803519,71.589803,23.91108,,,31150.314,13914.15489,0.438592,
944,Latvia,2006,,,20051.0,70.425,525.7,65.9,1030.925,61.8,505.2,0.797389,76.340834,25.49793,8.465608466,17.95976257,35179.606,15856.2186,0.488919,29.14894002
945,Latvia,2007,,,24721.0,72.65,540.15,68.125,1057.45,63.95,517.275,0.73106,82.43881,27.534661,,23.3775425,40131.35,18233.02791,0.565738,28.0693011
946,Latvia,2008,,,25508.0,71.45,531.375,68.225,1054.925,65.225,523.575,0.68414,82.395386,27.520157,,24.93691444,42617.278,19569.63253,0.575539,19.07576629
947,Latvia,2009,,,23031.0,59.875,435.0,60.05,908.5,60.175,473.5,0.719333,84.590478,28.25332,,22.80983353,36459.708,17021.4341,0.521123,9.994441551
948,Latvia,2010,99.576,19.124,22140.0,57.55,402.6,58.2,850.675,58.775,448.1,0.754798,87.35522,29.176747,19.05564924,19.03465843,37139.449,17708.32094,0.487029,
949,Latvia,2011,96.516,16.709,21373.0,61.125,416.15,60.575,861.575,60.05,445.4,0.713191,87.515313,29.230219,,22.37621689,39646.254,19256.73814,0.498505,10.72373354
950,Latvia,2012,94.894,16.115,22240.0,64.175,428.225,62.775,875.625,61.575,447.4,0.778133,93.180855,31.122517,,20.56173325,43311.683,21297.51105,0.506202,19.12198127
951,Latvia,2013,96.251,16.442,23301.0,66.6,440.6,64.85,893.875,63.2,453.275,0.753256,93.227711,31.138166,,20.85688973,45564.594,22637.27112,0.499269,23.37996667
952,Latvia,2014,96.876,17.132,24864.0,68.175,438.45,66.125,884.65,64.275,446.175,0.752728,95.768473,31.986784,21.12299465,18.92839432,47483.105,23810.00635,0.497562,22.90447279
953,Latvia,2015,89.501,14.585,26944.0,69.85,443.925,68.05,896.075,66.325,452.15,0.901296,100.0,33.400119,,20.8108139,49384.456,24975.53822,0.497568,29.89121001
954,Latvia,2016,80.254,13.655,28523.0,69.8,438.2,68.575,893.275,67.425,455.075,0.903421,102.640295,34.28198,,27.07033539,52362.404,26724.53857,0.484533,31.52612941
955,Latvia,2017,65.851,12.448,29546.0,71.775,440.975,69.975,894.825,68.3,453.85,0.885206,106.975631,35.729989,,29.75634193,55691.291,28689.65205,0.484536,26.40004996
956,Latvia,2018,72.771,12.916,30640.0,73.5,448.6,71.725,909.375,70.025,460.775,0.846773,108.898169,36.372118,20.28985507,32.43795013,59505.491,30891.88384,0.489931,19.71622976
957,Latvia,2019,69.49,12.708,31972.0,73.85,450.15,72.225,910.025,70.675,459.9,0.893276,111.665052,37.296261,19.75940106,23.09724999,63719.808,33305.5654,0.479802,23.94076681
958,Latvia,2020,,,33199.0,72.975,441.975,71.45,892.975,70.05,451.05,0.875506,114.106432,38.111684,22.70967828,21.80466461,64108.072,33725.77199,0.469667,30.67890625
959,Latvia,2021,,,35923.06305,71.85,433.95,69.85,869.475,67.975,435.525,0.845494,123.106265,41.117639,23.95269832,,69307.642,36806.77848,0.481173,29.46024078
960,Latvia,2022,,,34136.15487,72.5,439.525,71.325,891.225,70.175,451.675,0.949624,128.933022,43.063783,24.92012881,,78228.963,41473.82344,0.496875,
974,Lithuania,1994,,,,,,,,,,1.152036,,,,,,,,
975,Lithuania,1995,96.461,16.303,12117.0,,,,,,,1.15848,42.141215,15.727769,,,21523.157,5930.714695,0.360585,
976,Lithuania,1996,,,13516.23353,,,,,,,1.15848,43.969615,16.410157,,,22998.349,6385.592165,0.422254,
977,Lithuania,1997,,,14934.61579,,,,,,,1.15848,47.188167,17.611372,,,25274.525,7069.401625,0.463804,
978,Lithuania,1998,,,16311.03543,,,,,,,1.15848,49.782455,18.579601,,,27552.526,7762.805546,0.472589,
979,Lithuania,1999,,,17032.23146,,,,,,,1.15848,51.840165,19.347571,,,27562.02,7820.787732,0.461163,
980,Lithuania,2000,99.957,14.501,17102.37602,,,,,,,1.15848,52.500276,19.593935,,,29562.304,8447.579456,0.451638,
981,Lithuania,2001,,,18055.46368,,,,,,,1.15848,58.563237,21.856728,,,32757.051,9437.84756,0.432793,
982,Lithuania,2002,,,19273.9634,,,,,,,1.064921,61.324488,22.887271,15.08374319,,36785.256,10683.86285,0.41273,
983,Lithuania,2003,,,21352.46893,,,,,,,0.886488,66.950441,24.986965,,,41215.922,12068.3314,0.40397,
984,Lithuania,2004,,,23693.9422,,,,,,,0.805315,68.637759,25.6167,,29.58753586,44005.065,13030.52641,0.414036,
985,Lithuania,2005,99.957,14.199,26174.75832,66.425,731.725,62.85,1434.45,59.55,702.725,0.803413,73.254776,27.339843,,27.7326889,48211.86,14510.71794,0.435161,
986,Lithuania,2006,,,29975.0,66.425,720.15,63.625,1428.95,60.95,708.8,0.797099,79.281199,29.589,16.81818182,21.42800522,53897.541,16482.8871,0.446278,20.56023666
987,Lithuania,2007,,,31929.0,68.25,736.25,65.0,1451.575,62.025,715.3,0.730921,84.940907,31.701293,,16.51308632,61707.805,19096.93293,0.470139,26.92929987
988,Lithuania,2008,,,32512.0,67.225,720.225,64.4,1427.1,61.775,706.9,0.682656,87.025483,32.47929,,7.075431824,66270.948,20721.12628,0.492826,16.11058434
989,Lithuania,2009,,,28233.0,59.25,630.175,59.875,1317.4,60.425,687.225,0.719426,83.24896,31.06983,,3.037997723,57302.4,18116.95287,0.469387,12.61422291
990,Lithuania,2010,99.944,14.864,28340.0,56.5,590.775,57.55,1247.65,58.55,656.875,0.754846,87.983806,32.83695,10.64257028,-3.189761877,62242.332,20095.79105,0.450398,11.45032684
991,Lithuania,2011,99.944,13.147,28918.0,60.15,603.8,60.2,1253.625,60.25,649.8,0.718576,94.029757,35.093396,,7.785508633,69298.017,22884.86963,0.45192,18.10865705
992,Lithuania,2012,99.661,13.183,29401.0,62.275,617.575,62.025,1275.725,61.8,658.15,0.778004,95.946361,35.808703,,5.790710926,73809.156,24703.73625,0.452656,14.57295457
993,Lithuania,2013,99.944,13.177,30515.0,64.725,636.1,63.725,1292.775,62.825,656.7,0.753304,98.887005,36.906196,,14.82113648,79034.446,26721.68914,0.443345,38.42382754
994,Lithuania,2014,99.944,13.495,31902.0,66.55,647.125,65.65,1319.025,64.875,671.9,0.753097,100.794043,37.617934,12.47974068,9.585942268,82646.585,28184.25706,0.442623,34.46571578
995,Lithuania,2015,89.352,11.934,33989.0,68.025,654.075,67.25,1334.925,66.475,680.85,0.901296,100.0,37.321585,,15.53674126,83761.717,28834.53072,0.445856,36.70345402
996,Lithuania,2016,59.884,10.896,35752.0,69.95,662.975,69.375,1361.4,68.825,698.375,0.903421,98.994124,36.946175,,17.32135201,88700.779,30925.25621,0.438439,27.96385699
997,Lithuania,2017,46.04,10.298,37766.0,70.6,659.975,70.375,1354.8,70.225,694.825,0.885206,106.33147,39.684589,,29.88202477,95492.501,33761.98537,0.442719,32.12472715
998,Lithuania,2018,53.087,10.584,39524.0,73.3,679.075,72.4,1374.725,71.575,695.675,0.846773,108.61201,40.535723,11.68981482,30.18175697,101910.429,36376.53574,0.44662,32.37580953
999,Lithuania,2019,52.181,10.469,42041.0,73.475,680.925,72.975,1378.425,72.525,697.5,0.893276,112.937129,42.149926,14.07101369,30.11264801,113380.065,40577.84764,0.431815,40.72484594
1000,Lithuania,2020,,,44228.0,72.25,679.9,71.625,1358.15,71.0,678.25,0.875506,119.77332,44.701301,9.327989049,24.80057907,115060.505,41168.24316,0.433452,47.40453304
1001,Lithuania,2021,,,47035.4439,72.95,687.375,72.425,1368.625,71.925,681.225,0.845494,123.875578,46.232329,9.020925779,,129987.23,46285.48486,0.43449,30.38304456
1002,Lithuania,2022,,,43874.58155,73.9,694.525,73.75,1420.825,73.6,726.3,0.949624,120.480399,44.965194,10.34416072,,144326.143,50969.13607,0.466991,
1003,Luxembourg,1994,,,58789.52189,,,,148.7024,,,0.829365,91.151118,90.948597,,,15120.27,37443.85003,0.971006,
1004,Luxembourg,1995,100.0,14.949,58750.0,,,,152.8019,,,0.730791,89.489188,89.29036,,,15658.42,38236.77958,0.973243,
1005,Luxembourg,1996,,,59509.52596,,,,156.5439,,,0.767516,89.721127,89.521784,,,16447.819,39684.7465,0.975032,
1006,Luxembourg,1997,,,60632.47194,,,,162.5027,,,0.886812,91.158409,90.955873,,,17817.294,42437.28433,0.973729,
1007,Luxembourg,1998,,,60777.33351,,106.7,,170.6,,63.9,0.89982,93.264723,93.057507,,,18800.261,44215.62186,0.964402,
1008,Luxembourg,1999,,,62143.7704,,107.4,,176.1,,68.7,0.938283,96.512311,96.297881,,,21456.896,49744.96918,0.95763,
1009,Luxembourg,2000,99.924,13.148,64217.09445,,109.6,,180.9,,71.2,1.082705,97.67673,97.459711,,,24050.724,55039.13057,0.955731,
1010,Luxembourg,2001,,,64622.09918,,111.2,,185.3,,74.1,1.116533,95.946411,95.733237,,,24788.008,56098.98168,0.963365,
1011,Luxembourg,2002,,,65946.63485,,112.8,,188.2,,75.4,1.057559,96.679855,96.465052,15.08852964,,26135.007,58513.3936,0.956996,
1012,Luxembourg,2003,,,65475.2173,73.3,111.2,62.2,187.1,50.9,75.9,0.884048,97.386617,97.170243,,46.46173477,27188.061,60115.73193,0.964662,
1013,Luxembourg,2004,,,66216.95183,72.8,111.0,62.5,188.4,51.9,77.3,0.803922,99.194248,98.973858,,45.35270691,29636.184,64635.56839,0.951181,
1014,Luxembourg,2005,96.464,12.561,66536.84211,73.3,112.6,63.6,193.6,53.7,81.0,0.8038,100.180217,99.957636,,37.06575775,31997.214,68707.78171,0.946363,
1015,Luxembourg,2006,,,67458.0,72.6,111.1,63.6,195.3,54.6,84.3,0.796433,102.262274,102.035068,7.668067227,42.77445984,37280.664,78829.9705,0.916696,
1016,Luxembourg,2007,,,69283.0,72.35,113.725,64.15,202.9,56.1,89.2,0.729672,104.976601,104.743364,,45.74540329,40861.436,85004.02778,0.921209,
1017,Luxembourg,2008,,,68923.0,71.475,115.5,63.425,202.375,55.15,86.875,0.679923,99.90781,99.685834,,44.47558212,44452.835,90863.78408,0.900045,82.40181151
1018,Luxembourg,2009,,,71070.0,73.175,124.125,65.2,217.2,56.975,93.05,0.716958,99.706148,99.484621,,36.78251267,43244.043,86797.43242,0.903032,
1019,Luxembourg,2010,98.956,13.202,71085.0,73.125,125.025,65.2,220.8,57.2,95.8,0.754309,101.385352,101.160094,4.592164419,25.90632629,45801.234,90241.97968,0.925799,76.84452894
1020,Luxembourg,2011,98.956,12.862,71478.0,72.05,127.3,64.625,224.775,56.925,97.425,0.718414,99.600059,99.378768,,22.9095974,48970.83,94278.92285,0.905099,77.06866732
1021,Luxembourg,2012,89.175,11.515,70741.0,72.45,131.975,65.85,236.075,59.025,104.075,0.778338,99.210285,98.989858,,16.37858391,51308.749,96535.74583,0.90679,74.36705335
1022,Luxembourg,2013,93.062,11.921,71601.0,72.15,133.5,65.725,238.7,59.125,105.15,0.752945,101.025243,100.800784,,11.02102947,54838.627,100561.3664,0.895254,73.66902295
1023,Luxembourg,2014,64.754,10.16,72846.0,72.6,136.0,66.625,245.625,60.525,109.625,0.752728,100.774324,100.550424,3.402916786,4.596394062,58578.312,104917.9457,0.884138,66.27383258
1024,Luxembourg,2015,75.518,10.628,73225.0,71.3,141.175,66.15,257.45,60.775,116.275,0.901296,100.0,99.777819,,7.995931625,61437.294,107898.3042,0.881261,69.46783672
1025,Luxembourg,2016,57.544,9.933,72999.0,70.525,142.825,65.575,260.475,60.425,117.675,0.903421,101.989921,101.763319,,11.55767822,65980.114,112955.4702,0.851894,67.89778239
1026,Luxembourg,2017,40.67,9.855,73918.0,69.925,146.125,66.275,271.825,62.55,125.7,0.885206,100.480067,100.25682,,15.52267265,68570.173,114862.5288,0.84831,73.89220662
1027,Luxembourg,2018,68.557,10.154,74261.0,70.65,150.375,67.1,279.9,63.375,129.5,0.846773,98.797902,98.578393,,19.16322136,70825.278,116334.7247,0.848866,75.52008445
1028,Luxembourg,2019,68.557,10.089,74399.0,72.075,156.675,67.95,289.1,63.65,132.45,0.893276,98.604148,98.385068,,20.37896538,75270.516,121111.0477,0.829429,78.01710079
1029,Luxembourg,2020,,,74839.0,70.425,156.35,67.25,292.375,63.95,136.025,0.875506,101.794205,101.568038,,22.29501343,76983.168,121984.8395,0.838161,
1030,Luxembourg,2021,,,79018.90253,72.6,164.275,69.375,306.825,66.0,142.55,0.845494,101.767374,101.541267,,,88295.231,137737.9055,0.819533,
1031,Luxembourg,2022,,,78310.14512,73.025,166.425,70.125,312.0,67.1,145.625,0.949624,100.3931,100.170046,,,95651.858,145972.0846,0.810533,
1045,Malta,1994,,,,,,,,,,0.880319,,,,,,,,
1046,Malta,1995,95.754,16.165,,,,,,,,0.822406,,,,,5280.675,13978.02735,0.579406,
1047,Malta,1996,,,,,,,,,,0.839636,,,,,5569.901,14657.71037,0.576257,
1048,Malta,1997,,,,,,,,,,0.899059,,,,,5929.922,15491.43971,0.575161,
1049,Malta,1998,,,,,,,,,,0.904867,,,,,6249.673,16221.58156,0.580697,
1050,Malta,1999,,,,,,,,,,0.929183,,,,,6564.667,16941.77592,0.583359,
1051,Malta,2000,100.0,16.083,,,,,,,,1.020615,,,,,7161.621,18364.92073,0.579945,
1052,Malta,2001,,,,,,,,,,1.048315,,,,,7276.595,18511.03419,0.588989,
1053,Malta,2002,,,,,,,,,,1.010064,,,13.55573327,,7911.37,19981.58688,0.570773,
1054,Malta,2003,,,,,,,,,,0.878717,,,,,8342.574,20931.4227,0.573866,
1055,Malta,2004,,,,,,,,,,0.802849,,,,,8645.521,21551.30407,0.566253,
1056,Malta,2005,100.0,15.378,,,,,,,,0.805445,,,,,9008.194,22308.71913,0.572729,
1057,Malta,2006,,,,,,,,,,0.794069,,,7.440719542,,9451.586,23322.79516,0.57165,
1058,Malta,2007,,,,,,,,,,0.726007,,,,,10193.443,25061.4479,0.568039,
1059,Malta,2008,,,,,,,,,,0.679923,,,,,10858.194,26523.83302,0.571552,
1060,Malta,2009,,,,,,,,,,0.716958,,,,,10992.484,26651.54629,0.569448,
1061,Malta,2010,100.0,17.657,,,,,,,,0.754309,,,7.067879636,,11905.21,28723.93643,0.572506,
1062,Malta,2011,100.0,16.27,,,,,,,,0.718414,,,,,12060.621,28972.93253,0.574149,
1063,Malta,2012,100.0,14.176,,,,,,,,0.778338,,,,,12703.294,30241.47428,0.579728,
1064,Malta,2013,100.0,13.399,,,,,,,,0.752945,,,,,13757.032,32287.97002,0.577475,
1065,Malta,2014,100.0,13.842,,,,,,,,0.752728,,,8.989460632,,14924.391,34318.33368,0.586362,
1066,Malta,2015,100.0,13.572,,,,,,,,0.901296,,,,,16669.553,37430.65062,0.599699,
1067,Malta,2016,99.901,12.919,,,,,,,,0.903421,,,,,18080.358,39678.5364,0.583016,
1068,Malta,2017,99.901,12.57,,,,,,,,0.885206,,,,,20354.952,43447.53276,0.586422,
1069,Malta,2018,99.901,13.111,,,,,,,,0.846773,,,11.09375,,22118.234,45583.08388,0.586719,
1070,Malta,2019,99.901,13.065,,,,,,,,0.893276,,,,,25173.863,49875.30738,0.563537,
1071,Malta,2020,,,,,,,,,,0.875506,,,,,23641.141,45827.08784,0.557541,
1072,Malta,2021,,,,,,,,,,0.845494,,,,,27174.379,52391.41439,0.552415,
1073,Malta,2022,,,,,,,,,,0.949624,,,,,30571.48,57607.69037,0.553542,
1074,Mexico,1994,,,18396.50393,,22319.0,,32439.0,,10120.0,3.375117,99.587297,19.759341,,,844950.715,9080.121594,2.211403,
1075,Mexico,1995,99.894,32.71,15150.0,,21778.4,,32174.89,,10396.48,6.419425,93.434996,18.538649,,,811682.194,8590.138576,3.006586,
1076,Mexico,1996,,,14273.17819,,22558.98,,33495.83,,10936.85,7.599448,94.49108,18.748189,,,877940.788,9156.948879,3.740756,
1077,Mexico,1997,,,14980.22743,,23515.81,,35425.19,,11909.37,7.91846,93.397668,18.531243,,,957371.743,9848.996893,4.329472,
1078,Mexico,1998,,,15803.68493,,24135.94,,36356.97,,12221.04,9.136042,98.898734,19.622722,,,1028028.103,10438.42314,4.954133,
1079,Mexico,1999,,,16447.90901,,24460.09,,36774.94,,12314.85,9.560398,97.141225,19.27401,,,1071236.888,10743.95611,5.63367,
1080,Mexico,2000,99.908,30.248,17310.58041,,24707.18,,37594.3,,12887.11,9.455558,102.857472,20.408184,,,1154351.117,11440.99981,6.078397,
1081,Mexico,2001,,,18313.16021,,24788.6,,37684.47,,12895.87,9.342342,103.554419,20.546467,,,1175035.914,11506.19762,6.32926,
1082,Mexico,2002,,,18241.33517,,25157.66,,38559.82,,13402.15,9.655958,98.829358,19.608957,,,1194403.411,11549.27973,6.553697,
1083,Mexico,2003,,,18561.5381,,25464.92,,38877.61,,13412.68,10.789019,101.920908,20.222358,,,1242555.251,11865.50087,6.647216,
1084,Mexico,2004,,,18650.07916,,25886.59,,40216.1,,14329.52,11.285967,103.322933,20.500537,,,1321401.671,12471.70107,6.998924,
1085,Mexico,2005,99.594,23.122,18777.90976,80.73704,26687.19,60.05342,42079.14,41.84049,15391.95,10.897892,96.03005,20.034146,16.66666667,,1403085.871,13093.88834,7.126862,
1086,Mexico,2006,,,18746.0,81.26635,27238.12,60.96249,43378.46,43.12868,16140.34,10.899242,98.191904,20.48516,18.60465116,,1559647.572,14385.6956,7.12989,42.63591977
1087,Mexico,2007,,,18818.0,80.83261,27631.04,61.00108,44231.25,43.56637,16600.21,10.928192,99.125014,20.679829,12.5,,1635081.229,14892.04111,7.367679,41.81466001
1088,Mexico,2008,,,18656.0,80.15515,28140.69,60.66586,44943.53,43.34003,16802.84,11.129717,98.332244,20.514438,22.22222222,,1730732.457,15549.54143,7.469532,41.35532045
1089,Mexico,2009,,,18806.0,78.074,28326.77,59.784,45435.35,43.29262,17108.58,13.513475,91.50091,19.08926,16.66666667,,1701569.771,15078.25944,7.492563,44.61378474
1090,Mexico,2010,99.571,21.484,17618.0,77.84161,28807.49,59.66136,46121.62,43.18693,17314.13,12.636008,94.640721,19.744299,11.62790698,,1807626.79,15815.91464,7.727342,37.19862812
1091,Mexico,2011,99.654,24.59,17777.0,77.92185,29385.69,60.02428,47138.89,43.70332,17753.2,12.423325,96.113472,20.05155,10.0,,1989887.996,17200.93766,7.673013,38.34464088
1092,Mexico,2012,99.545,22.704,17457.0,78.51231,30123.23,60.90891,48706.73,44.86357,18583.5,13.169458,98.45457,20.539959,13.55555556,,2103287.677,18287.36265,7.858708,36.14087848
1093,Mexico,2013,99.568,23.508,17470.0,78.25211,30398.12,60.8422,49227.31,44.9596,18829.19,12.771992,97.909337,20.42621,15.43340381,,2150334.151,18481.03064,7.884359,39.55713579
1094,Mexico,2014,99.521,21.961,17503.0,78.10523,30736.59,60.40805,49415.41,44.23228,18678.82,13.29245,100.001084,20.862598,18.3,,2254435.514,19153.91849,8.045318,32.75820426
1095,Mexico,2015,99.484,22.042,17730.0,78.34047,31383.7,60.74515,50611.33,44.67471,19227.63,15.848267,100.0,20.862372,16.66666667,,2309023.86,19395.33318,8.327595,25.6193175
1096,Mexico,2016,99.483,21.213,17522.0,78.56933,31899.19,61.04717,51594.75,45.0612,19695.56,18.664058,99.491469,20.75628,16.49224806,,2457812.63,20410.4249,8.446043,27.79440712
1097,Mexico,2017,99.483,20.365,17475.0,78.98473,31996.89,61.19406,51680.28,45.01679,19683.39,18.926517,99.811341,20.823013,11.11111111,,2528308.492,20756.35118,8.913552,25.69531632
1098,Mexico,2018,99.483,20.361,17865.0,79.08022,32791.41,61.59449,53161.79,45.65526,20370.38,19.244342,98.932128,20.639588,14.0,,2606266.038,21131.36548,9.276363,29.45684937
1099,Mexico,2019,99.483,20.108,18031.0,78.90898,33265.95,62.26349,54614.55,47.05855,21348.6,19.263633,96.489951,20.130092,,,2638763.901,21116.85357,9.528366,49.52311595
1100,Mexico,2020,,,17467.0,,31107.04,,50927.07,,19820.04,21.485608,95.378164,19.898147,,,2454130.182,19418.14888,9.81275,45.9497859
1101,Mexico,2021,,,17637.05555,77.27067,33634.66,61.03192,55165.86,46.17591,21531.21,20.272408,92.81088,19.362551,12.5,,2677757.654,20983.05954,9.940812,48.3326115
1102,Mexico,2022,,,16685.37147,78.66234,34463.57,62.53553,57322.4,48.00699,22858.82,20.12735,92.42797,19.282667,16.66666667,,3041488.002,23654.05524,9.683692,52.88164551
1171,Netherlands,1994,,,60622.78581,,3976.8,,6706.5,,2729.6,0.825878,80.570946,54.653657,,,344049.024,22369.41244,0.910114,
1172,Netherlands,1995,99.745,18.409,59444.0,,4023.6,,6781.6,,2758.0,0.728624,79.357767,53.830722,,,362208.681,23430.27889,0.909826,
1173,Netherlands,1996,,,59246.87358,,4085.5,,6931.8,,2846.2,0.765027,79.651125,54.029715,,,380605.309,24507.7469,0.905466,
1174,Netherlands,1997,,,59431.66008,,4213.8,,7186.0,,2972.3,0.885448,81.409842,55.222705,,,406067.951,26011.6553,0.908828,
1175,Netherlands,1998,,,57528.89823,,4319.9,,7402.0,,3082.1,0.900179,83.408853,56.578693,,,435227.403,27709.13625,0.905952,
1176,Netherlands,1999,,,58627.73422,,4374.0,,7604.6,,3230.6,0.938283,85.249784,57.827451,,,462796.455,29268.68549,0.906357,
1177,Netherlands,2000,99.981,16.793,60062.64011,82.1,4495.075,72.95,7869.8,63.475,3374.725,1.082705,88.005142,59.696492,,,507623.549,31873.88853,0.890437,
1178,Netherlands,2001,,,60953.86245,82.75,4572.975,74.125,8067.9,65.275,3494.925,1.116533,88.894109,60.299505,,,532572.421,33190.35401,0.904818,
1179,Netherlands,2002,,,61142.92627,82.45,4592.675,74.4,8167.425,66.175,3574.75,1.057559,89.542943,60.739628,15.64,,556285.465,34447.05337,0.900863,
1180,Netherlands,2003,,,61574.39577,81.075,4535.7,73.65,8121.125,66.05,3585.375,0.884048,90.725272,61.541637,,,554118.601,34152.14801,0.925452,
1181,Netherlands,2004,,,62542.96507,80.25,4513.075,73.125,8105.475,65.825,3592.375,0.803922,92.289979,62.603024,,37.01441956,583063.536,35810.31424,0.907767,
1182,Netherlands,2005,99.981,15.3,62542.65198,78.1,4385.25,70.625,7831.4,63.0,3446.2,0.8038,94.493797,64.097939,,38.55966187,614044.12,37625.25244,0.897139,
1183,Netherlands,2006,,,62407.0,78.775,4433.875,71.575,7956.45,64.225,3522.625,0.796433,95.899245,65.051296,15.98246313,42.26967621,670411.391,41013.78877,0.871921,42.90065383
1184,Netherlands,2007,,,63276.0,80.4,4531.25,73.45,8186.55,66.45,3655.25,0.729672,96.756054,65.632495,,44.1686821,719961.538,43948.32977,0.860004,66.19460277
1185,Netherlands,2008,,,63660.0,81.675,4612.225,74.925,8377.875,68.15,3765.6,0.679923,97.311535,66.009294,,41.46989441,763407.575,46419.04259,0.847775,61.74288452
1186,Netherlands,2009,,,66337.0,81.975,4583.45,76.175,8383.4,70.3,3799.925,0.716958,95.116484,64.520326,,35.05298615,736521.818,44556.67382,0.848369,
1187,Netherlands,2010,99.978,15.71,66270.0,80.725,4501.0,75.45,8289.675,70.125,3788.675,0.754309,97.080729,65.852731,17.88914703,30.31409645,748292.706,45037.17763,0.854194,63.6186314
1188,Netherlands,2011,99.981,15.51,65977.0,80.575,4475.425,75.7,8291.375,70.75,3816.0,0.718414,97.702861,66.274742,,27.78574181,777880.907,46599.22766,0.836065,60.33667795
1189,Netherlands,2012,99.945,13.819,66198.0,80.5,4500.575,75.9,8345.05,71.225,3844.475,0.778338,97.557434,66.176095,,26.04763031,792041.828,47271.96823,0.824408,57.45139312
1190,Netherlands,2013,99.795,12.734,66395.0,79.4,4458.675,75.1,8285.1,70.75,3826.425,0.752945,98.298779,66.678971,,22.18449974,827475.788,49242.78671,0.798166,54.2986902
1191,Netherlands,2014,99.702,12.192,66039.0,79.35,4459.425,74.65,8235.75,69.9,3776.35,0.752728,99.026646,67.172705,15.30483972,24.55051041,830318.43,49233.23035,0.808798,52.52422825
1192,Netherlands,2015,99.628,12.651,66841.0,80.25,4481.925,75.65,8318.1,71.05,3836.125,0.901296,100.0,67.832959,,28.814785,851884.697,50288.35282,0.809978,57.96210315
1193,Netherlands,2016,94.664,11.523,67112.0,80.8,4536.275,76.375,8426.9,71.9,3890.625,0.903421,99.844061,67.727181,,32.02464676,890488.555,52289.40429,0.795448,57.22733418
1194,Netherlands,2017,99.583,12.423,66634.0,81.625,4617.175,77.375,8604.525,73.1,3987.35,0.885206,100.387115,68.095551,,30.72612,943739.619,55089.58143,0.78215,66.95536283
1195,Netherlands,2018,99.065,12.073,65910.0,82.825,4703.65,78.7,8796.925,74.6,4093.3,0.846773,100.064801,67.876916,12.65709156,28.28568649,996447.288,57825.39971,0.776747,65.6541049
1196,Netherlands,2019,98.598,12.033,65449.0,83.45,4784.2,79.7,8981.925,75.875,4197.7,0.893276,99.395132,67.422659,13.39802965,25.98847771,1059591.145,61089.14068,0.767329,61.65722396
1197,Netherlands,2020,,,67163.0,82.85,4776.8,79.3,8980.975,75.7,4204.15,0.875506,99.539756,67.520762,13.32908458,25.22874069,1065126.172,61066.74532,0.747827,78.0745963
1198,Netherlands,2021,,,66221.4846,83.65,4910.225,80.15,9282.175,76.575,4371.95,0.845494,102.30501,69.396516,13.23082544,,1186871.833,67693.59681,0.733514,58.47387883
1199,Netherlands,2022,,,63224.9896,85.425,5075.475,81.775,9586.95,78.05,4511.5,0.949624,102.692374,69.659276,14.75926183,,1319467.684,74533.564,0.726466,47.23477016
1229,North Macedonia,1994,,,,,,,,,,43.263183,,,,,,,,
1230,North Macedonia,1995,100.0,46.629,,,,,,,,37.881758,,,,,,,,
1231,North Macedonia,1996,,,,,,,,,,39.981075,,,,,,,,
1232,North Macedonia,1997,,,,,,,,,,50.00355,,,,,,,18.747019,
1233,North Macedonia,1998,,,,,,,,,,54.461733,,,,,,,18.751112,
1234,North Macedonia,1999,,,,,,,,,,56.901828,,,,,,,19.039256,
1235,North Macedonia,2000,100.0,45.191,,,,,,,,65.903867,,,,,12468.131,6152.99966,19.942552,
1236,North Macedonia,2001,,,,,,,,,,68.037133,,,,,12313.258,6051.092105,20.497699,
1237,North Macedonia,2002,,,,,,,,,,64.349792,,,,,13169.703,6519.14807,19.6345,
1238,North Macedonia,2003,,,,,,,,,,54.322258,,,,,13368.253,6595.831505,20.099376,
1239,North Macedonia,2004,,,,,,,,,,49.409933,,,,,14577.492,7172.042541,19.261615,
1240,North Macedonia,2005,100.0,40.22,,,,,,,,49.283683,,,,,15987.118,7848.92282,19.293497,
1241,North Macedonia,2006,,,,,,,,,,48.801767,,,,,17728.933,8689.682197,18.886633,
1242,North Macedonia,2007,,,,,,,,,,44.729817,,,,,19111.517,9352.075151,19.511231,
1243,North Macedonia,2008,,,,,,,,,,41.867683,,,,,21537.292,10521.91737,19.263802,
1244,North Macedonia,2009,,,,,,,,,,44.100575,,,,,22578.166,11010.13569,18.363843,
1245,North Macedonia,2010,100.0,38.954,,,,,,,,46.485392,,,,,23345.805,11360.46699,18.731224,
1246,North Macedonia,2011,100.0,44.741,,,,,,,,44.230825,,,,,24064.15,11689.9169,19.289538,
1247,North Macedonia,2012,100.0,40.052,,,,,,,,47.89025,,,,,24558.795,11915.70643,19.003511,
1248,North Macedonia,2013,100.0,36.795,,,,,,,,46.395342,,,,,26269.815,12727.42605,19.105236,
1249,North Macedonia,2014,100.0,37.729,,,,,,,,46.437131,,,,,27775.93,13434.73752,18.995965,
1250,North Macedonia,2015,100.0,35.286,,,,,,,,55.537075,,,,,28751.905,13888.29304,19.440576,
1251,North Macedonia,2016,100.0,33.01,,,,,,,,55.731725,,,,,31373.423,15138.03354,18.958558,
1252,North Macedonia,2017,100.0,33.992,,,,,,,,54.665458,,,,,32583.123,15706.47922,18.970118,
1253,North Macedonia,2018,100.0,33.365,,,,,,,,52.107108,,,,,34872.884,16796.35823,18.951062,
1254,North Macedonia,2019,100.0,32.668,,,,,,,,54.9472,,,,,37942.861,18270.79994,18.255948,
1255,North Macedonia,2020,,,,,,,,,,54.144325,,,,,37052.566,17877.93076,18.062991,
1256,North Macedonia,2021,,,,,,,,,,52.102158,,,,,40592.305,,17.747543,
1257,North Macedonia,2022,,,,,,,,,,58.574392,,,,,43837.913,,18.130384,
1258,Norway,1994,,,31772.73985,,1071.0,,2003.0,,931.0,7.057584,78.705095,64.158093,,,99794.624,23010.05858,8.990885,
1259,Norway,1995,50.974,10.175,32069.0,,1095.0,,2047.0,,952.0,6.335157,81.162077,66.160953,,,106121.285,24345.32803,9.075823,
1260,Norway,1996,,,33026.39212,,1127.0,,2104.0,,977.0,6.449808,83.793988,68.30641,,,117491.285,26818.37147,8.976598,
1261,Norway,1997,,,33755.75724,,1157.0,,2166.0,,1009.0,7.073401,85.949618,70.063617,9.318996416,,126002.326,28604.38738,9.058087,
1262,Norway,1998,,,34997.51791,,1183.0,,2219.0,,1037.0,7.545097,86.053094,70.147967,8.8878327,,124960.331,28201.38375,9.312419,
1263,Norway,1999,,,36126.39013,,1184.0,,2233.0,,1050.0,7.799172,87.106791,71.00691,9.215955984,,136417.339,30573.13734,9.283739,
1264,Norway,2000,52.464,10.138,36444.19663,81.3,1198.025,77.5,2255.025,73.65,1056.975,8.801842,90.534798,73.801321,9.225413403,,166105.12,36986.22133,9.085403,
1265,Norway,2001,,,37463.26673,80.7,1201.75,77.175,2265.3,73.575,1063.525,8.991654,93.890821,76.537053,9.787588505,,170770.902,37831.39158,9.174326,
1266,Norway,2002,,,38854.50269,79.9,1199.625,76.825,2275.525,73.675,1075.875,7.983779,95.91104,78.183876,9.690074539,,172705.278,38057.57549,9.05673,
1267,Norway,2003,,,39367.26451,78.325,1186.85,75.5,2257.625,72.55,1070.775,7.080217,99.025267,80.722504,9.329779132,32.32258987,176590.092,38683.48135,9.196977,
1268,Norway,2004,,,40693.2868,77.925,1192.125,75.125,2266.5,72.25,1074.375,6.740833,101.074629,82.393083,8.449669361,32.48556519,195950.283,42672.09998,9.125391,
1269,Norway,2005,16.559,8.229,41868.85419,77.85,1204.4,74.825,2282.625,71.75,1078.25,6.4425,102.190857,83.303,8.624376336,30.87851143,221764.78,47969.88536,9.005204,
1270,Norway,2006,,,43540.0,78.425,1242.75,75.375,2352.975,72.25,1110.25,6.413333,101.519448,82.755687,8.210742388,27.91967011,253397.182,54365.41129,8.780173,68.27172215
1271,Norway,2007,,,45473.0,79.525,1281.45,76.825,2434.15,73.975,1152.7,5.861667,99.692935,81.266766,8.789439794,26.36008072,264566.361,56183.13032,8.920915,
1272,Norway,2008,,,46429.0,80.475,1323.05,77.95,2513.7,75.375,1190.625,5.64,96.742409,78.861584,8.757575758,28.09613609,295976.05,62075.51376,8.859281,54.07600064
1273,Norway,2009,,,46915.0,78.325,1309.25,76.425,2499.475,74.4,1190.175,6.288333,96.664018,78.797682,8.284371328,28.1039505,268567.128,55615.47492,9.084179,
1274,Norway,2010,20.056,8.174,47531.0,77.25,1314.75,75.3,2500.775,73.25,1186.025,6.044167,97.157823,79.200218,7.236095346,26.65661621,284650.377,58222.61756,9.152811,
1275,Norway,2011,30.622,9.14,49201.0,77.125,1331.775,75.3,2535.525,73.375,1203.75,5.604607,96.512861,78.674464,7.144812483,25.35111427,309370.337,62461.20278,9.082736,
1276,Norway,2012,6.3,7.62,50542.0,77.65,1362.25,75.75,2585.425,73.75,1223.175,5.8175,97.353585,79.359797,5.792118487,18.67658234,330093.373,65768.75327,9.037085,66.33405052
1277,Norway,2013,5.232,7.345,51576.0,77.275,1371.1,75.425,2601.6,73.475,1230.45,5.875,97.954381,79.849548,6.597045339,18.54119492,342254.475,67372.92818,9.029349,
1278,Norway,2014,5.232,7.497,51809.0,77.0,1383.65,75.225,2626.6,73.35,1242.95,6.301667,98.738413,80.488668,5.8006941,17.39384079,340765.256,66335.45965,9.278458,69.96905072
1279,Norway,2015,0.753,7.066,52068.0,76.525,1394.725,74.8,2641.0,72.95,1246.275,8.064167,100.0,81.517077,6.957773513,20.16245461,315145.02,60721.58381,9.932516,58.68716166
1280,Norway,2016,0.753,6.639,51226.0,75.7,1387.425,74.3,2638.175,72.825,1250.725,8.4,100.669968,82.063215,6.306306306,14.58640862,310303.322,59263.43047,10.0419,65.76462602
1281,Norway,2017,0.753,6.689,51096.0,75.575,1391.775,74.0,2643.875,72.4,1252.1,8.271667,102.753489,83.761641,5.49476135,12.18875027,340837.014,64589.16317,9.74983,71.71597754
1282,Norway,2018,0.753,6.726,51340.0,76.9,1420.625,74.8,2685.875,72.65,1265.225,8.1325,101.958227,83.113366,5.129369042,14.96143723,373182.531,70252.73545,9.583999,67.95029833
1283,Norway,2019,0.753,6.668,52273.0,77.4,1436.3,75.3,2715.55,73.075,1279.25,8.8,101.566262,82.793848,4.36786655,18.98992729,379377.628,70938.2251,9.481152,59.79870063
1284,Norway,2020,,,52415.0,76.575,1430.125,74.65,2701.975,72.65,1271.875,9.415833,102.484362,83.542256,4.813863928,,361020.392,67116.63736,9.588309,82.92342108
1285,Norway,2021,,,53813.20716,78.175,1480.85,76.3,2797.675,74.325,1316.775,8.59,103.995967,84.774473,4.601479047,,469940.386,86897.26064,8.96203,77.35231978
1286,Norway,2022,,,53755.94037,79.975,1513.0,77.725,2859.175,75.4,1346.2,9.614167,103.376935,84.269856,4.481459449,,661729.786,121262.5593,8.418336,63.6077672
1300,Poland,1994,,,,,8008.0,,14658.0,,6653.0,2.272277,43.750633,15.260127,18.85394398,,271454.13,7096.376235,0.928696,
1301,Poland,1995,99.994,32.434,18619.0,,8095.0,,14791.0,,6697.0,2.424983,47.258978,16.48383,20.10461352,,296413.064,7744.299519,1.164119,
1302,Poland,1996,,,20106.33276,,8212.7,,14968.5,,6754.8,2.6961,49.186145,17.156022,20.46569513,,319623.854,8347.667846,1.351266,
1303,Poland,1997,,,21137.09635,,8401.7,,15176.75,,6784.1,3.279292,51.767954,18.056551,18.56877152,,345333.758,9018.430963,1.513266,
1304,Poland,1998,,,21767.8813,,8470.1,,,,6883.8,3.4754,54.202662,18.905772,19.1076226,,366826.956,9581.730131,1.655012,
1305,Poland,1999,,,23660.29967,,8132.0,,,,6625.0,3.967108,59.075557,20.605428,17.55932069,,388183.91,10143.29528,1.737656,
1306,Poland,2000,99.995,27.979,23769.612,61.225,8003.775,54.975,14525.53,48.925,6521.75,4.346075,63.769914,22.242809,,,408352.628,10674.21131,1.832933,
1307,Poland,2001,,,25120.04182,59.15,7796.1,53.35,14205.6,47.7,6409.5,4.0939,65.973201,23.011311,14.29974246,,425433.446,11122.15225,1.837063,
1308,Poland,2002,,,25032.10848,56.9,7528.675,51.475,13781.55,46.25,6252.85,4.080033,69.585842,24.271393,11.31595541,,451281.404,11803.76136,1.799795,
1309,Poland,2003,,,25339.5485,56.475,7431.75,51.2,13616.22,46.0,6184.45,3.889075,72.669024,25.3468,,,469501.377,12292.22089,1.804365,
1310,Poland,2004,,,24784.94194,57.175,7564.2,51.65,13793.2,46.225,6228.975,3.657642,75.422037,26.307045,10.63884891,53.69146347,509887.661,13354.83659,1.829993,
1311,Poland,2005,99.995,26.998,24682.38028,58.85,7809.075,52.775,14115.45,46.8,6306.35,3.235483,76.620798,26.72517,,54.65535736,530377.339,13898.41301,1.867595,
1312,Poland,2006,,,24848.0,60.875,8080.45,54.45,14593.4,48.2,6512.95,3.103158,78.754908,27.469543,11.44042048,53.150177,577925.805,15155.92692,1.850464,6.876873765
1313,Poland,2007,,,25664.0,63.65,8402.8,57.025,15240.38,50.575,6837.525,2.76795,80.804122,28.184305,,56.82787323,640678.922,16808.66099,1.853515,18.78834774
1314,Poland,2008,,,27011.0,66.3,8717.225,59.225,15799.42,52.375,7082.2,2.409242,81.429216,28.402336,12.99382224,58.06636429,697829.214,18308.03899,1.842243,28.451151
1315,Poland,2009,,,26997.0,63.625,8721.575,57.175,15868.0,50.95,7146.45,3.120142,84.064151,29.321396,,61.63500977,734012.746,19073.68827,1.869211,31.19958806
1316,Poland,2010,99.995,27.365,28091.0,62.95,8565.575,56.975,15472.83,51.075,6907.2,3.0153,89.116174,31.083531,7.190207044,61.63191986,794607.804,20630.05436,1.805127,35.56062368
1317,Poland,2011,99.995,27.158,28247.0,63.675,8648.025,57.45,15562.0,51.3,6914.0,2.962848,93.31956,32.549662,,61.92814255,862451.786,22386.22712,1.801424,27.23761715
1318,Poland,2012,99.995,24.682,27972.0,64.15,8651.0,58.0,15590.58,51.925,6939.575,3.256542,94.895242,33.099257,10.62015527,61.23438263,897877.763,23300.92291,1.796168,26.86287528
1319,Poland,2013,99.994,23.776,28274.0,64.675,8641.15,58.425,15568.03,52.175,6926.9,3.160617,95.948364,33.466584,,60.21186829,925133.245,24028.18672,1.762045,16.35881353
1320,Poland,2014,99.995,24.017,28919.0,66.45,8777.725,60.2,15861.53,54.0,7083.775,3.154542,97.622509,34.050522,11.07286288,58.68841553,962317.654,25005.65569,1.767142,25.25228452
1321,Poland,2015,99.994,22.865,29635.0,67.575,8866.4,61.6,16083.22,55.625,7216.825,3.7695,100.0,34.879786,,57.08498001,1018896.563,26495.81492,1.765116,21.14279173
1322,Poland,2016,99.986,21.916,31199.0,69.625,8932.425,63.45,16196.1,57.35,7263.625,3.942783,102.001142,35.57778,9.417880936,53.31880951,1069459.06,27830.92774,1.732843,38.27131909
1323,Poland,2017,99.985,22.89,32475.0,71.65,9065.175,65.25,16422.2,58.9,7357.05,3.779333,106.982369,37.315221,,50.21768951,1137654.148,29609.44637,1.742879,50.2480449
1324,Poland,2018,99.989,22.865,34546.0,72.975,9077.125,66.675,16484.05,60.35,7406.925,3.611717,114.261674,39.854227,11.49790995,49.39813232,1216240.494,31662.21054,1.748426,42.75177053
1325,Poland,2019,99.988,22.766,36667.0,74.35,9114.375,67.525,16460.53,60.725,7346.15,3.839375,119.703575,41.752351,,49.73167801,1347315.628,35099.14103,1.698557,49.79860284
1326,Poland,2020,,,37325.0,74.725,9112.15,67.8,16441.4,60.95,7329.3,3.899742,118.207222,41.230426,8.690614137,,1376573.447,35891.26159,1.698182,27.31166103
1327,Poland,2021,,,37126.69346,76.775,9117.45,70.3,16656.13,63.8,7538.65,3.861917,119.27761,41.603775,,,1527352.009,40022.8502,1.722787,25.92516514
1328,Poland,2022,,,36896.55924,77.275,9107.85,71.35,16742.32,65.4,7634.475,4.457758,125.952025,43.931796,,,1716254.587,45371.15253,1.787319,34.16071519
1329,Portugal,1994,,,,,2437.2,,4408.9,,1971.7,0.827968,78.307779,30.361154,,,135574.207,13560.40398,0.608834,
1330,Portugal,1995,59.415,10.894,27425.0,,2414.7,,4381.6,,1966.9,0.753711,79.405183,30.786635,,,144345.162,14396.79654,0.616775,
1331,Portugal,1996,,,28439.8087,,2424.7,,4409.1,,1984.4,0.769364,80.788403,31.322931,,,150118.359,14916.51936,0.628515,
1332,Portugal,1997,,,29179.21225,,2459.7,,4491.0,,2031.3,0.874455,82.409052,31.951282,,,159578.146,15785.74995,0.641259,
1333,Portugal,1998,,,29544.2884,75.875,2694.4,66.825,4847.875,58.225,2153.425,0.898357,83.333557,32.309727,,,169542.593,16686.9346,0.656787,
1334,Portugal,1999,,,30550.51701,75.825,2714.75,67.525,4924.8,59.5,2210.05,0.938283,85.19183,33.030209,,,181041.019,17718.19956,0.660642,
1335,Portugal,2000,68.956,11.581,30975.01029,76.55,2774.175,68.375,5039.975,60.525,2265.775,1.082705,86.104635,33.384117,,,194263.635,18879.05957,0.661032,
1336,Portugal,2001,,,31099.3971,76.975,2815.825,69.0,5127.775,61.3,2311.95,1.116533,87.022077,33.739824,,,202390.927,19530.71371,0.670855,
1337,Portugal,2002,,,31085.99711,76.55,2813.65,68.775,5143.0,61.375,2329.35,1.057559,87.674989,33.992968,21.85714286,,212108.896,20356.72156,0.672081,
1338,Portugal,2003,,,31014.38138,74.925,2762.5,68.0,5092.5,61.35,2330.0,0.884048,88.03249,34.131577,,,218089.864,20852.28364,0.66976,
1339,Portugal,2004,,,31055.55459,74.025,2735.95,67.65,5061.05,61.475,2325.125,0.803922,89.952471,34.875984,,,225177.009,21478.36292,0.676128,
1340,Portugal,2005,61.847,10.778,30885.78789,73.275,2706.575,67.3,5047.05,61.55,2340.475,0.8038,90.974681,35.272311,,,238691.186,22725.35161,0.664259,
1341,Portugal,2006,,,30215.0,73.7,2724.275,67.625,5078.1,61.825,2353.8,0.796433,92.665839,35.927999,12.80846064,62.25012207,259717.065,24682.53752,0.64016,45.24167987
1342,Portugal,2007,,,30417.0,73.65,2724.475,67.6,5091.25,61.825,2366.775,0.729672,94.119584,36.491639,,60.9223938,271364.859,25738.86554,0.64667,
1343,Portugal,2008,,,30315.0,73.8,2724.975,68.025,5115.95,62.475,2390.975,0.679923,94.728333,36.72766,,60.39190292,281542.549,26665.77158,0.636148,33.99168025
1344,Portugal,2009,,,31716.0,68.025,2611.6,62.975,4968.425,58.175,2356.825,0.716958,94.320209,36.569424,,58.39020538,279615.953,26458.23824,0.627348,28.17449674
1345,Portugal,2010,46.269,9.773,31589.0,66.85,2568.875,62.25,4897.875,57.875,2329.0,0.754309,97.19907,37.685604,16.02094241,59.24471283,288193.444,27257.2324,0.62323,24.48310413
1346,Portugal,2011,59.646,10.45,30820.0,65.825,2486.375,61.85,4738.175,58.025,2251.85,0.718414,98.642516,38.24525,,58.69573212,282620.91,26769.42769,0.623083,20.99764491
1347,Portugal,2012,30.654,9.14,29496.0,62.4,2356.6,59.325,4545.5,56.45,2188.925,0.778338,99.606801,38.619119,,54.43709946,277991.759,26438.14047,0.605398,23.06251582
1348,Portugal,2013,25.266,8.828,30056.0,61.55,2287.225,58.825,4427.85,56.225,2140.625,0.752945,101.046899,39.177468,,47.00923538,292135.199,27936.0063,0.583607,17.92133975
1349,Portugal,2014,24.058,8.658,29538.0,64.15,2318.5,61.2,4498.3,58.45,2179.8,0.752728,100.020753,38.779614,15.3217569,40.3680954,298951.673,28742.31313,0.578868,22.7394462
1350,Portugal,2015,25.065,8.804,29448.0,65.6,2333.275,62.8,4547.4,60.1,2214.15,0.901296,100.0,38.771568,,41.19813538,307230.008,29660.8459,0.584947,21.77421987
1351,Portugal,2016,10.204,7.828,29320.0,67.075,2360.825,64.225,4604.425,61.575,2243.625,0.903421,100.06329,38.796107,,42.36741257,326364.379,31607.61019,0.571416,35.4542411
1352,Portugal,2017,17.259,8.396,29433.0,70.125,2441.325,66.95,4755.425,64.0,2314.075,0.885206,100.877896,39.111943,,45.65552521,340370.325,33044.70015,0.575688,50.10881528
1353,Portugal,2018,15.536,8.216,29919.0,71.925,2485.55,69.025,4866.05,66.3,2380.5,0.846773,100.783374,39.075294,11.66500499,41.70879364,359198.932,34928.61899,0.571227,52.06306616
1354,Portugal,2019,15.173,8.176,31081.0,72.875,2503.425,69.85,4912.1,67.05,2408.7,0.893276,102.310317,39.667314,11.41903735,28.67475319,389285.604,37845.05645,0.550687,43.56050038
1355,Portugal,2020,,,31300.0,71.0,2439.35,68.525,4813.05,66.225,2373.675,0.875506,103.385669,40.084245,11.71680755,19.96377182,369406.329,35874.79279,0.542814,61.46694172
1356,Portugal,2021,,,32089.37798,72.475,2415.35,69.725,4774.575,67.15,2359.2,0.845494,104.766341,40.619553,12.23070261,,401863.609,39036.35,0.537628,57.6186412
1357,Portugal,2022,,,31921.65999,73.95,2461.075,71.375,4881.425,69.025,2420.35,0.949624,111.15899,43.098084,,,463070.295,44963.08298,0.523335,58.92422646
1358,Romania,1994,,,,,,,,,,0.165509,,,,,,,,
1359,Romania,1995,100.0,21.38,,,,,,,,0.203328,41.902384,11.794007,,,123159.822,5430.099805,0.061795,
1360,Romania,1996,,,,,,,,,,0.308422,44.077772,12.4063,,,129958.132,5748.421654,0.087626,
1361,Romania,1997,,,,,,,,,,0.716794,41.607949,11.711134,,,125491.795,5566.05094,0.203201,
1362,Romania,1998,,,,,,,,,,0.887558,42.06224,11.839001,,,124790.856,5545.570137,0.296558,
1363,Romania,1999,,,,,,,,,,1.533284,42.632155,11.999411,,,125763.734,5599.947562,0.438333,
1364,Romania,2000,100.0,20.035,,,,,,,,2.170872,43.951489,12.370756,,,131273.685,5851.234963,0.616065,
1365,Romania,2001,,,,,,,,,,2.906079,46.754017,13.159567,,,144299.062,6439.510451,0.813529,
1366,Romania,2002,,,,,,,,,,3.305543,54.579905,15.362271,16.16099071,,158657.956,7319.596165,0.959747,
1367,Romania,2003,,,,,,,,,,3.320007,56.800115,15.98718,,,163109.893,7560.354853,1.176615,
1368,Romania,2004,,,,,,,,,,3.263657,63.615686,17.905517,,,192859.182,8990.328654,1.268741,
1369,Romania,2005,100.0,18.85,,,,,,,,2.913653,67.132879,18.89548,,,204714.62,9602.147673,1.401277,
1370,Romania,2006,,,,,,,,,,2.808983,72.599874,20.434242,8.396946565,,244913.828,11555.94588,1.399523,
1371,Romania,2007,,,,,,,,,,2.43825,76.581868,21.555029,,,286134.779,13701.81742,1.487729,
1372,Romania,2008,,,,,,,,,,2.518858,85.083007,23.947793,,,344670.947,16782.2312,1.566232,
1373,Romania,2009,,,,,,,,,,3.049325,84.345513,23.740214,,,338753.191,16632.09473,1.567201,
1374,Romania,2010,100.0,18.672,,,,,,,,3.1779,82.622087,23.255132,9.631728045,,351387.158,17355.19481,1.537724,
1375,Romania,2011,100.0,19.743,,,,,,,,3.048608,87.993836,24.767085,,,378831.766,18802.76745,1.550037,
1376,Romania,2012,99.778,18.071,,,,,,,,3.4682,90.257147,25.404126,,,397334.016,19807.10121,1.563593,
1377,Romania,2013,99.77,16.693,,,,,,,,3.327917,91.559435,25.770673,,,393224.26,19672.3377,1.606215,
1378,Romania,2014,99.712,16.771,,,,,,,,3.349175,95.347328,26.836828,1.546391753,,410763.371,20624.32669,1.628374,
1379,Romania,2015,99.033,16.257,,,,,,,,4.005667,100.0,28.146387,,,428503.297,21617.28848,1.662866,
1380,Romania,2016,98.711,15.271,,,,,,,,4.059183,102.68697,28.902672,,,470979.401,23899.79516,1.59692,
1381,Romania,2017,98.743,15.625,,,,,,,,4.052492,109.920258,30.938581,,,527786.05,26937.57647,1.61357,
1382,Romania,2018,98.659,15.392,,,,,,,,3.941617,116.367559,32.753263,3.496503497,,575809.076,29553.16182,1.665584,
1383,Romania,2019,98.002,15.064,,,,,,,,4.237925,119.622166,33.669318,5.855397311,,649931.936,33511.61331,1.636778,
1384,Romania,2020,,,,,,,,,,4.243992,120.772391,33.993065,3.304181392,,660695.888,34239.902,1.614632,
1385,Romania,2021,,,,,,,,,,4.160417,122.138585,34.377599,5.755498737,,726084.785,37962.63707,1.637673,
1386,Romania,2022,,,,,,,,,,4.688475,127.519995,35.892271,,,823589.04,43234.88148,1.711757,
1387,Russia,1994,,,,,,,,,,2.19075,,,,,,,,
1388,Russia,1995,93.76,16.529,,,,,,,,4.55915,62.464734,15.397122,,,893649.805,6022.881532,1.71517,
1389,Russia,1996,,,,,,,,,,5.120833,61.122942,15.06638,,,877181.595,5920.496933,2.455975,
1390,Russia,1997,,,,,,,,,,5.784833,62.945907,15.515728,,,904631.52,6115.87234,2.778421,
1391,Russia,1998,,,,,,,,,,9.705083,61.51683,15.16347,,,865918.063,5863.841604,3.258399,
1392,Russia,1999,,,,,,,62944.75,,,24.6199,60.209612,14.84125,,,934209.415,6345.894176,5.539641,
1393,Russia,2000,93.544,15.636,,,,,65070.25,,,28.129167,63.511681,15.655187,,,1073593.408,7323.44018,7.301404,
1394,Russia,2001,,,,,,,65123.0,,,29.168525,66.758437,16.45549,,,1152998.495,7898.522928,8.322817,
1395,Russia,2002,,,,,,,66658.75,,,31.348483,68.245369,16.822009,,,1253122.777,8623.997299,9.273504,
1396,Russia,2003,,,,,,,66432.25,,,30.692025,73.068583,18.010897,,,1437840.922,9940.232555,9.866787,
1397,Russia,2004,,,,,,,67274.75,,,28.813742,77.331225,19.061609,,,1582506.988,10984.49661,11.556843,
1398,Russia,2005,90.982,14.587,,,,,68168.91,,,28.284442,81.346256,20.051286,,,1822444.794,12698.29923,12.736131,
1399,Russia,2006,,,,,,,68854.95,,,27.190958,86.709834,21.373371,,,2291243.855,16017.12423,12.618288,37.00398705
1400,Russia,2007,,,,,,,70570.49,,,25.580845,91.776863,22.622358,,,2553606.502,17881.75859,13.984503,37.41158496
1401,Russia,2008,,,,,,,70965.09,,,24.852875,96.152366,23.700889,,,3091455.591,21657.58906,14.341196,55.75502361
1402,Russia,2009,,,,,,,69302.7,,,31.740358,91.815928,22.631987,,,2973733.08,20826.59797,14.016913,54.97654313
1403,Russia,2010,92.168,15.524,,71.58286,35566.29,67.28529,69933.71,63.34378,34367.42,30.367915,94.989062,23.414143,,,3143873.887,22008.29928,15.821142,51.49948314
1404,Russia,2011,90.547,13.865,,72.4151,36032.4,68.01862,70856.61,63.9917,34824.21,29.382341,97.601403,24.058067,,,3259319.17,22798.67392,18.443729,47.95745101
1405,Russia,2012,90.69,13.883,,73.57104,36470.49,68.96736,71545.41,64.74722,35074.93,30.839831,100.399305,24.74773,,,3480301.72,24303.49105,19.56826,45.200172
1406,Russia,2013,90.249,14.129,,73.57317,36478.23,68.7785,71391.46,64.38351,34913.23,31.837144,102.485456,25.261952,,,3741783.371,26073.87355,19.505592,38.83033819
1407,Russia,2014,90.738,14.157,,74.25266,36605.41,69.33393,71539.05,64.8216,34933.63,38.378207,102.767518,25.331478,,,3763536.922,25761.66151,20.998875,64.01660269
1408,Russia,2015,83.132,13.085,,74.44843,37136.5,69.29679,72323.63,64.56699,35187.12,60.93765,100.0,24.649304,,,3526234.314,24085.31285,23.562632,64.92330929
1409,Russia,2016,75.337,12.368,,75.21357,37201.0,70.00275,72392.63,65.21121,35191.63,67.055933,100.301006,24.7235,,,3538975.3,24128.08181,24.192337,58.43038013
1410,Russia,2017,68.777,11.701,,75.58,37188.22,70.30539,72315.94,65.45577,35127.71,58.342801,101.982307,25.137929,,,3807099.411,25926.4314,24.124181,55.65972258
1411,Russia,2018,70.48,11.812,,76.2425,37259.27,70.97634,72531.64,66.12743,35272.37,62.668133,105.010968,25.884473,,,4231840.387,28821.2429,24.542904,45.58387542
1412,Russia,2019,70.061,11.777,,75.8653,36912.46,70.78918,71933.08,66.10271,35020.62,64.737658,108.312295,26.698227,,,4398115.281,29967.11935,24.838261,43.69638396
1413,Russia,2020,,,,74.85861,36208.09,69.99245,70601.39,65.49014,34393.3,72.104908,112.299021,27.680927,,,4367291.715,29819.04697,24.492859,47.7703668
1414,Russia,2021,,,,76.72011,36890.75,71.68963,71719.41,67.01684,34828.65,73.65435,,,,,,,27.814401,45.69920853
1415,Russia,2022,,,,,,,,,,68.484942,,,,,,,30.192867,
1445,Serbia,1995,100.0,34.692,,,,,,,,,,,,,,,,
1446,Serbia,1997,,,,,,,,,,5.9123,,,,,,,,
1447,Serbia,1998,,,,,,,,,,10.0308,,,,,,,,
1448,Serbia,1999,,,,,,,,,,11.6615,,,,,,,,
1449,Serbia,2000,100.0,33.279,,,,,,,,63.1659,,,,,45250.34,6020.257696,9.598137,
1450,Serbia,2001,,,,,,,,,,66.91366,,,,,48646.566,6483.241256,17.827314,
1451,Serbia,2002,,,,,,,,,,64.405225,,,,,55209.071,7361.179059,19.970582,
1452,Serbia,2003,,,,,,,,,,57.590042,,,,,57198.174,7646.210598,22.634568,
1453,Serbia,2004,,,,,,,,,,58.375708,,,,,63344.434,8487.61909,24.093746,
1454,Serbia,2005,100.0,31.472,,,,,,,,66.717825,,,,,68319.08,9181.722952,27.032759,
1455,Serbia,2006,,,,,,,,,,67.155125,,,,,75661.383,10208.55142,28.826259,
1456,Serbia,2007,,,,,,,,,,58.449567,,,,,82951.531,11237.64053,30.421325,
1457,Serbia,2008,,,,,,,,,,55.72925,,,,,92848.705,12632.0953,31.324559,
1458,Serbia,2009,,,,,,,,,,67.604933,,,,,91759.885,12534.12165,33.262198,
1459,Serbia,2010,100.0,31.882,,,,,,,,77.722842,,,,,93313.128,12797.63381,34.835199,
1460,Serbia,2011,100.0,34.443,,,,,,,,73.355433,,,,,99446.477,13742.30861,36.323726,
1461,Serbia,2012,100.0,30.95,,,,,,,,87.958808,,,,,100311.049,13929.19402,37.982435,
1462,Serbia,2013,100.0,29.079,,,,,,,,85.158842,,,,,104804.78,14624.15472,39.322635,
1463,Serbia,2014,100.0,28.553,,,,,,,,88.405308,,,,,104530.725,14657.01729,39.802158,
1464,Serbia,2015,100.0,28.191,,,,,,,,108.811425,,,,,105923.175,14928.46474,40.737265,
1465,Serbia,2016,100.0,25.575,,,,,,,,111.27785,,,,,111931.756,15858.12544,40.454935,
1466,Serbia,2017,100.0,26.643,,,,,,,,107.75885,,,,,116624.008,16611.07632,40.820809,
1467,Serbia,2018,100.0,26.073,,,,,,,,100.175075,,,,,123717.427,17717.94985,41.004185,
1468,Serbia,2019,100.0,25.504,,,,,,,,105.249558,,,,,136744.612,19688.98268,39.64947,
1469,Serbia,2020,,,,,,,,,,103.163292,,,,,138384.944,20058.32971,39.760223,
1470,Serbia,2021,,,,,,,,,,99.395942,,,,,154207.267,22512.95624,40.651223,
1471,Serbia,2022,,,,,,,,,,111.662183,,,,,,,42.494654,
1501,Slovak Republic,1994,,,11728.81306,,1173.975,,2110.225,,936.25,1.063694,,,,,43127.537,8065.895981,0.394072,
1502,Slovak Republic,1995,100.0,27.038,12627.0,,1193.325,,2146.775,,953.45,0.986305,46.328128,18.990245,,,46604.879,8689.497816,0.424155,
1503,Slovak Republic,1996,,,13654.02197,,1234.6,,2224.875,,990.3,1.017518,49.275068,20.198218,,,50532.104,9403.68711,0.436017,
1504,Slovak Republic,1997,,,15504.44414,,1216.95,,2205.875,,988.9,1.115852,52.440577,21.495784,,,54286.546,10083.92836,0.4505,
1505,Slovak Republic,1998,,,16114.93162,,1210.35,,2198.5,,988.15,1.169535,55.081643,22.578377,,,57263.132,10622.30627,0.466064,
1506,Slovak Republic,1999,,,15779.49416,64.3,1163.675,58.1,2131.925,52.075,968.25,1.372995,56.628198,23.212321,,,57813.884,10714.98961,0.494406,
1507,Slovak Republic,2000,100.0,22.937,16381.1268,62.225,1137.225,56.775,2101.575,51.45,964.35,1.528088,58.450535,23.959311,,,61312.882,11352.75737,0.516385,
1508,Slovak Republic,2001,,,16382.07197,62.025,1143.25,56.825,2121.1,51.775,977.85,1.605086,60.502381,24.800377,,,66642.226,12388.11775,0.515672,
1509,Slovak Republic,2002,,,17226.48364,62.375,1153.125,56.8,2123.25,51.4,970.15,1.504572,64.852249,26.583421,20.35516093,,71578.565,13307.8781,0.521518,
1510,Slovak Republic,2003,,,17559.19452,63.325,1174.2,57.725,2161.675,52.2,987.475,1.220637,69.939165,28.668586,20.68965517,,76204.615,14166.18807,0.544317,
1511,Slovak Republic,2004,,,17812.35737,63.175,1191.15,56.975,2167.775,50.875,976.625,1.070733,71.918667,29.479998,20.88376561,21.46562195,81802.434,15198.23519,0.564472,
1512,Slovak Republic,2005,100.0,22.393,18906.77746,64.6,1232.125,57.7,2215.25,50.9,983.125,1.029617,74.29163,30.452693,20.09925558,19.86986733,89400.317,16595.2616,0.564715,
1513,Slovak Republic,2006,,,19561.0,66.975,1291.975,59.425,2302.275,51.9,1010.325,0.985768,78.73689,32.274839,17.80276817,23.73947334,101625.524,18851.2394,0.554599,16.30792389
1514,Slovak Republic,2007,,,20761.0,68.4,1322.0,60.7,2357.675,53.05,1035.65,0.819702,84.679472,34.710747,17.52170482,26.85341263,114088.18,21140.87686,0.553636,
1515,Slovak Republic,2008,,,20974.0,69.95,1363.725,62.25,2433.75,54.625,1070.0,0.709069,86.504499,35.458839,16.44476957,29.88480759,127626.827,23608.97752,0.53743,
1516,Slovak Republic,2009,,,21689.0,67.175,1326.375,61.85,2366.325,56.5,1039.925,0.716958,84.027822,34.443631,16.43272126,31.57911873,124317.737,22946.34366,0.515578,
1517,Slovak Republic,2010,100.0,21.662,22642.0,64.875,1284.525,60.425,2317.5,56.0,1032.95,0.754309,89.798014,36.808876,14.85111765,30.92767143,136934.912,25218.34115,0.502173,30.86795325
1518,Slovak Republic,2011,100.0,22.805,22443.0,65.75,1292.2,61.0,2315.325,56.25,1023.125,0.718414,91.203199,37.384872,15.44985643,32.2073288,141755.313,26260.18476,0.506407,27.87238997
1519,Slovak Republic,2012,100.0,20.519,22161.0,66.275,1303.475,61.375,2328.975,56.45,1025.475,0.778338,92.564114,37.942721,15.96526916,32.33683014,145972.536,27000.73026,0.504542,36.83801701
1520,Slovak Republic,2013,100.0,19.813,22333.0,66.0,1295.3,61.575,2329.25,57.125,1033.95,0.752945,94.803338,38.860596,14.10932976,35.46736527,151678.246,28021.09042,0.491124,28.34932292
1521,Slovak Republic,2014,100.0,19.487,22781.0,67.25,1316.375,62.7,2363.025,58.075,1046.7,0.752728,96.661922,39.622443,14.35004753,31.51595116,157298.526,29029.58768,0.485412,31.01814847
1522,Slovak Republic,2015,100.0,19.284,23676.0,69.075,1349.275,64.525,2424.0,59.875,1074.7,0.901296,100.0,40.990746,13.37662489,25.5620575,163007.449,30062.17965,0.491548,27.65306708
1523,Slovak Republic,2016,100.0,18.03,24426.0,70.975,1378.225,66.7,2492.1,62.425,1113.875,0.903421,100.379876,41.14646,13.89918214,17.27853394,161498.697,29737.53009,0.503194,37.22221442
1524,Slovak Republic,2017,100.0,18.41,25151.0,71.6,1385.175,68.075,2530.675,64.525,1145.45,0.885206,102.645876,42.075311,15.04004233,13.49979973,163951.2,30147.01598,0.516433,34.16800883
1525,Slovak Republic,2018,100.0,18.659,25862.0,73.45,1413.5,69.55,2566.725,65.55,1153.2,0.846773,105.286173,43.157588,15.66208013,12.07424355,170864.165,31374.188,0.526001,32.76586106
1526,Slovak Republic,2019,100.0,18.526,26707.0,73.975,1417.275,70.425,2583.65,66.775,1166.35,0.893276,107.567588,44.092757,13.86984995,11.4848156,185132.192,33949.00202,0.510067,23.09728328
1527,Slovak Republic,2020,,,27052.0,72.875,1386.65,69.475,2531.075,66.05,1144.425,0.875506,114.069058,46.757758,11.01446782,,191057.495,34988.95026,0.489089,30.7444519
1528,Slovak Republic,2021,,,27546.57904,73.275,1359.825,69.45,2560.55,65.55,1200.7,0.845494,119.38223,48.935667,11.70037136,,205878.891,37840.78474,0.486965,21.58075815
1529,Slovak Republic,2022,,,26262.84353,75.0,1381.0,71.35,2603.925,67.575,1222.95,0.949624,116.498106,47.753443,13.80819465,,222775.405,40586.63923,0.492178,
1530,Slovenia,1994,,,,,,,,,,0.537509,,,,,25495.395,,0.31728,
1531,Slovenia,1995,100.0,24.961,28385.0,,,,,,,0.494569,60.262991,24.696415,,,27099.102,13626.61632,0.389711,
1532,Slovenia,1996,,,29779.70375,,464.5,,871.0,,406.5,0.564865,64.483001,26.425819,,,28443.962,14294.48285,0.42706,
1533,Slovenia,1997,,,31404.42076,,479.7,,893.2,,413.5,0.666368,69.500075,28.48187,,,30345.349,15277.11675,0.455969,
1534,Slovenia,1998,,,31791.96285,,486.1,,904.7,,418.5,0.693266,71.306984,29.222361,,,31816.918,16050.07688,0.482503,
1535,Slovenia,1999,,,32379.37052,66.55,477.55,62.2,882.725,57.7,405.175,0.758509,73.893916,30.282513,,,33876.846,17077.48506,0.508506,
1536,Slovenia,2000,100.0,22.336,33203.23349,67.175,486.8,62.85,900.65,58.4,413.85,0.929127,76.288661,31.263905,,,35807.625,17999.25329,0.526511,
1537,Slovenia,2001,,,34558.42289,68.65,498.725,63.8,916.275,58.825,417.575,1.012973,78.951283,32.355075,,,37757.092,18954.82968,0.560099,
1538,Slovenia,2002,,,34648.43831,68.15,494.3,63.45,909.525,58.6,415.225,1.002538,79.298174,32.497236,9.358884068,,40372.33,20236.43207,0.583286,
1539,Slovenia,2003,,,35375.70685,67.375,489.95,62.575,897.175,57.65,407.225,0.86427,81.746584,33.50062,,,42136.989,21107.7762,0.607857,
1540,Slovenia,2004,,,37099.95189,69.975,513.325,65.275,943.45,60.45,430.125,0.802792,84.427877,34.599443,,28.55166435,45455.173,22758.64082,0.607812,
1541,Slovenia,2005,100.0,21.219,38510.08307,70.4,515.525,65.95,949.2,61.35,433.65,0.804146,90.134493,36.938074,,29.83192825,47716.594,23848.60242,0.610135,
1542,Slovenia,2006,,,39774.0,71.125,523.625,66.55,961.2,61.85,437.575,0.797147,95.478905,39.128271,6.557377049,29.04448319,51617.188,25707.71694,0.609687,47.76447658
1543,Slovenia,2007,,,40657.0,72.7,539.575,67.75,985.15,62.6,445.55,0.729672,99.578566,40.808356,,28.61247444,55652.532,27566.24759,0.630222,
1544,Slovenia,2008,,,41272.0,72.7,542.9,68.575,996.1,64.225,453.225,0.679923,99.443009,40.752803,,27.7061348,59839.586,29594.66584,0.633789,
1545,Slovenia,2009,,,41676.0,70.5,530.625,67.075,980.525,63.45,449.9,0.716958,93.167784,38.181149,,29.53689766,56166.221,27510.07582,0.645493,36.80309549
1546,Slovenia,2010,100.0,19.31,42846.0,68.825,523.425,65.525,966.05,62.05,442.6,0.754309,96.366367,39.491962,0.991735537,32.83020401,56995.829,27818.84242,0.63801,33.19162989
1547,Slovenia,2011,100.0,21.068,42725.0,67.025,506.1,63.825,936.1,60.475,430.025,0.718414,99.864334,40.925467,,33.93264389,59391.555,28931.42364,0.62397,18.15830425
1548,Slovenia,2012,99.991,18.714,41437.0,66.8,499.775,63.575,923.65,60.15,423.85,0.778338,99.292575,40.691154,,31.09319115,59745.667,29048.326,0.606793,23.80659905
1549,Slovenia,2013,99.991,18.536,40760.0,66.475,494.55,62.775,905.85,58.85,411.3,0.752945,98.320726,40.292879,,30.99978638,61744.434,29979.61884,0.590407,16.34331863
1550,Slovenia,2014,99.97,18.18,41576.0,66.95,499.175,63.4,916.65,59.6,417.475,0.752728,99.445673,40.753894,4.996271439,30.46665955,63653.392,30872.72888,0.591238,17.68509984
1551,Slovenia,2015,99.97,18.028,42482.0,68.575,500.725,64.65,917.45,60.575,416.675,0.901296,100.0,40.981064,,32.28016281,65265.909,31631.83838,0.595298,20.26048204
1552,Slovenia,2016,99.924,16.627,44095.0,68.275,491.1,65.325,915.0,62.2,423.9,0.903421,103.474614,42.404997,,33.59681702,70079.359,33942.76789,0.577106,24.98451056
1553,Slovenia,2017,99.918,16.807,44894.0,71.875,515.85,68.725,959.075,65.375,443.225,0.885206,107.368238,44.000646,,38.73517227,75438.709,36517.57927,0.570149,23.97797238
1554,Slovenia,2018,99.961,17.181,45702.0,73.825,530.2,70.55,980.6,67.075,450.425,0.846773,109.957683,45.061827,8.194536975,39.3512001,80823.475,39008.29705,0.567612,23.92746357
1555,Slovenia,2019,99.961,17.061,47050.0,74.15,532.15,71.275,982.525,68.15,450.375,0.893276,111.220721,45.579434,,28.96685219,89274.237,42735.10715,0.544192,39.71507149
1556,Slovenia,2020,,,48605.0,72.8,530.55,70.05,978.05,67.075,447.475,0.875506,112.078843,45.931102,,20.26528359,88387.674,42033.32408,0.532257,45.29742342
1557,Slovenia,2021,,,50466.68794,74.475,527.925,71.45,971.55,68.15,443.625,0.845494,115.169252,47.197584,,,98030.146,46509.82168,0.533293,33.92358148
1558,Slovenia,2022,,,47203.62743,76.2,536.5,73.125,986.125,69.8,449.625,0.949624,113.49593,46.51184,,,108307.037,51345.12014,0.52663,45.07234999
1559,Spain,1994,,,44019.56293,,8049.1,,12169.5,,4120.4,0.805104,85.641666,44.336274,,,616304.143,15539.11181,0.693093,
1560,Spain,1995,80.86,12.759,43146.0,,8187.6,,12461.1,,4273.4,0.749396,86.357948,44.707089,,,646578.329,16278.85996,0.712347,
1561,Spain,1996,,,43730.40933,,8349.662,,12811.55,,4461.887,0.761251,87.314344,45.202211,,,677084.577,16976.24069,0.722514,
1562,Spain,1997,,,43777.28642,,8606.67,,13286.45,,4679.782,0.879964,87.168296,45.126603,,,717405.707,17912.76336,0.723814,
1563,Spain,1998,,,44011.31714,,8967.395,,13837.87,,4870.476,0.897884,86.757607,44.913991,,,768127.558,19100.96726,0.723829,
1564,Spain,1999,,,43985.49917,69.275,9433.775,53.85,14689.83,38.45,5256.05,0.938283,86.451833,44.755693,,,805891.27,19962.79211,0.73921,
1565,Spain,2000,91.549,14.039,43029.08323,71.2,9821.125,56.275,15505.9,41.3,5684.775,1.082705,86.853672,44.963723,,,875738.4,21594.17179,0.739777,
1566,Spain,2001,,,42803.91035,72.475,10150.53,57.825,16146.28,43.125,5995.725,1.116533,86.992814,45.035756,,,937760.302,23003.46249,0.747518,
1567,Spain,2002,,,43018.46932,72.625,10407.8,58.925,16790.1,45.05,6382.3,1.057559,87.127687,45.105579,17.16196137,,1009753.34,24376.32871,0.742312,
1568,Spain,2003,,,42799.70425,73.2,10714.83,60.175,17475.6,46.925,6760.775,0.884048,87.38699,45.239819,,,1056695.32,25042.41006,0.759222,
1569,Spain,2004,,,42254.99489,73.6,10988.08,61.325,18142.25,48.825,7154.175,0.803922,87.667071,45.384816,,,1122166.072,26182.63474,0.765873,
1570,Spain,2005,83.222,12.668,42437.19741,75.1,11485.03,63.55,19206.93,51.775,7721.9,0.8038,88.009535,45.562108,,38.98350525,1205129.038,27600.93718,0.769508,
1571,Spain,2006,,,42235.0,76.05,11808.3,65.025,19938.85,53.75,8130.575,0.796433,88.524184,45.828539,13.53333333,37.54260635,1363886.819,30745.50949,0.736002,52.78457408
1572,Spain,2007,,,42692.0,76.125,12067.38,65.8,20579.82,55.225,8512.475,0.729672,89.502613,46.335067,,36.20564652,1468826.952,32470.30661,0.732244,47.6248929
1573,Spain,2008,,,44201.0,73.325,11805.17,64.475,20469.65,55.375,8664.5,0.679923,89.733039,46.454358,,31.65397835,1528583.756,33242.24543,0.725862,57.97604346
1574,Spain,2009,,,46983.0,66.475,10733.1,59.95,19106.85,53.25,8373.825,0.716958,91.895675,47.573943,,29.97127533,1487853.787,32088.25541,0.718702,42.43620479
1575,Spain,2010,72.857,11.795,46538.0,64.775,10423.63,58.85,18724.43,52.8,8300.775,0.754309,94.231736,48.783311,13.50446429,24.73823929,1475426.613,31687.02607,0.72705,30.27315905
1576,Spain,2011,82.775,12.742,45707.0,63.35,10152.15,58.025,18421.13,52.575,8268.95,0.718414,95.622838,49.503478,,23.48894692,1489594.952,31872.36309,0.714129,30.86627226
1577,Spain,2012,71.277,11.463,44427.0,60.3,9607.6,55.75,17632.13,51.15,8024.525,0.778338,97.467504,50.458453,,23.03538704,1483654.097,31724.78535,0.694976,33.91465402
1578,Spain,2013,61.648,10.628,44431.0,59.225,9315.6,54.825,17138.82,50.3,7823.225,0.752945,98.90578,51.203041,,24.90014267,1512561.983,32463.12368,0.6748,18.45496612
1579,Spain,2014,48.434,10.09,44294.0,60.675,9442.325,56.0,17343.82,51.225,7901.5,0.752728,99.211993,51.361566,11.54049762,28.56960487,1558986.389,33558.97667,0.662359,21.06198134
1580,Spain,2015,63.566,10.819,44957.0,62.9,9759.925,57.8,17865.55,52.675,8105.625,0.901296,100.0,51.769513,,26.50705719,1621825.009,34945.48161,0.66474,27.77513276
1581,Spain,2016,45.286,9.82,44704.0,64.75,10000.42,59.55,18341.2,54.3,8340.775,0.903421,100.457181,52.006193,,25.14599991,1734116.161,37333.06491,0.642644,30.25166703
1582,Spain,2017,47.762,10.022,44123.0,66.5,10266.28,61.1,18824.8,55.65,8558.5,0.885206,101.334899,52.460584,,24.45154762,1842770.464,39601.47963,0.630839,26.958596
1583,Spain,2018,47.898,10.033,43975.0,67.925,10531.95,62.4,19327.5,56.85,8795.55,0.846773,101.103306,52.34069,8.621607238,26.07144356,1905450.021,40776.7683,0.631798,28.51956254
1584,Spain,2019,47.084,9.993,44448.0,68.7,10745.5,63.3,19779.13,57.925,9033.65,0.893276,101.664137,52.631029,,23.48394013,2061661.816,43767.03422,0.604131,36.77858646
1585,Spain,2020,,,43828.0,66.125,10429.53,60.95,19202.28,55.75,8772.75,0.875506,101.486085,52.538852,8.093713127,20.49032593,1845717.418,38975.6233,0.606274,38.17671009
1586,Spain,2021,,,44443.88997,67.55,10651.72,62.725,19773.6,57.95,9121.85,0.845494,100.71623,52.140302,8.093713127,,2068307.263,43698.28332,0.590962,37.17038148
1587,Spain,2022,,,42859.33604,69.3,10965.15,64.375,20390.57,59.525,9425.425,0.949624,102.538091,53.083471,6.72186742,,2326119.992,48852.6364,0.578808,
1588,Sweden,1994,,,31342.36777,,2017.0,,3928.0,,1911.0,7.71597,68.357461,47.217582,,,192075.667,21874.75564,9.20066,
1589,Sweden,1995,22.81,8.6,31398.0,,2061.0,,3986.0,,1925.0,7.133268,69.691401,48.138995,9.677419355,,203820.343,23090.81813,9.355165,
1590,Sweden,1996,,,33276.04251,,2058.0,,3963.0,,1905.0,6.705956,70.829987,48.925467,11.51515152,,211527.419,23925.73458,9.24908,
1591,Sweden,1997,,,34584.46108,,2042.0,,3922.0,,1880.0,7.634894,73.737432,50.933771,11.56069364,,219393.313,24801.13422,9.331501,
1592,Sweden,1998,,,35725.26639,,2079.0,,3979.0,,1901.0,7.949868,75.692035,52.283903,12.77777778,,229130.97,25887.57994,9.395958,
1593,Sweden,1999,,,36486.26999,,2121.0,,4068.0,,1946.0,8.262428,76.85768,53.089067,11.82795699,,243339.592,27471.4765,9.3059,
1594,Sweden,2000,20.486,8.564,37650.81043,,2167.0,,4159.0,,1992.0,9.162244,79.629707,55.003831,12.37113402,,262809.96,29622.06922,9.163089,
1595,Sweden,2001,,,38086.02397,75.725,2255.0,74.05,4318.1,72.275,2063.1,10.329136,80.260403,55.439481,12.37623762,,266313.433,29936.31219,9.401445,
1596,Sweden,2002,,,38587.14319,74.95,2249.85,73.625,4323.925,72.225,2074.05,9.737123,83.169216,57.448729,11.90476191,,276017.772,30926.361,9.413655,
1597,Sweden,2003,,,38908.19386,74.25,2244.075,72.875,4314.4,71.45,2070.325,8.086304,86.31414,59.62107,11.52073733,5.566279888,285020.581,31816.72446,9.485459,
1598,Sweden,2004,,,40203.8423,73.6,2234.275,72.05,4290.025,70.5,2055.775,7.348887,89.352479,61.719788,10.76233184,13.16923714,304517.136,33859.69153,9.294039,
1599,Sweden,2005,6.677,7.394,41216.48554,74.3,2274.65,72.3,4336.425,70.225,2061.775,7.473088,91.891042,63.473288,11.30434783,18.08114815,309212.867,34244.35929,9.479182,
1600,Sweden,2006,,,42366.0,75.475,2330.825,73.125,4429.45,70.7,2098.6,7.378249,94.537496,65.301313,11.01694915,19.74643517,342606.786,37729.92856,9.111518,44.08485623
1601,Sweden,2007,,,43779.0,76.55,2390.3,74.175,4540.675,71.75,2150.375,6.75877,94.809611,65.489276,11.83673469,12.05309105,374289.054,40914.43926,8.870893,56.20640542
1602,Sweden,2008,,,44635.0,76.75,2421.8,74.325,4592.975,71.85,2171.15,6.591099,93.140242,64.336167,10.58823529,9.97487545,388684.19,42158.29643,8.778986,51.7427458
1603,Sweden,2009,,,44790.0,73.7,2359.15,71.65,4499.325,69.525,2140.175,7.653819,91.828442,63.430047,9.541984733,15.58997536,374528.19,40278.28206,8.921003,59.03376248
1604,Sweden,2010,8.235,7.558,45337.0,74.175,2393.575,71.6,4523.7,68.975,2130.125,7.207524,95.047112,65.653328,9.36329588,18.41906166,395912.738,42216.61535,9.026183,60.28512342
1605,Sweden,2011,9.11,7.615,46020.0,75.475,2438.225,73.1,4625.875,70.6,2187.675,6.493543,95.817586,66.185529,9.157509158,18.5939064,421515.998,44608.58489,8.844042,63.8707521
1606,Sweden,2012,2.949,6.285,46993.0,75.3,2442.35,73.275,4657.125,71.175,2214.775,6.775016,95.358961,65.868736,9.285714286,12.48136044,432488.303,45432.43101,8.654768,62.64972338
1607,Sweden,2013,2.949,6.281,47506.0,76.0,2467.5,73.95,4704.475,71.8,2237.0,6.513972,96.122048,66.395834,9.375,18.15860939,444616.544,46312.3974,8.597681,57.98550545
1608,Sweden,2014,3.116,6.558,48043.0,76.25,2502.4,74.425,4772.125,72.475,2269.725,6.860785,97.218063,67.152902,9.152542373,15.29078198,457507.758,47184.67317,8.727131,56.32720639
1609,Sweden,2015,2.949,5.965,48770.0,76.725,2529.975,75.025,4836.85,73.325,2306.875,8.434841,100.0,69.074511,8.333333333,17.60556603,481170.723,49103.13195,8.854383,49.93020278
1610,Sweden,2016,1.625,5.531,49535.0,77.2,2561.675,75.725,4909.9,74.15,2348.225,8.561992,99.384945,68.649665,8.169934641,16.54999352,500423.665,50430.25079,8.822586,48.57913233
1611,Sweden,2017,2.949,5.781,49797.0,77.9,2629.05,76.325,5021.65,74.7,2392.6,8.548861,100.270459,69.261329,7.348242812,11.83626747,522476.825,51947.95578,8.852247,55.94619711
1612,Sweden,2018,1.9,5.767,50041.0,78.425,2667.85,76.85,5097.275,75.15,2429.4,8.692518,100.637005,69.514519,7.142857143,15.88677025,544594.071,53521.63578,8.865881,49.43962459
1613,Sweden,2019,1.625,5.721,50559.0,78.4,2693.4,76.575,5131.55,74.675,2438.15,9.458349,102.934086,71.101216,7.575757576,6.224492073,588258.39,57229.77494,8.584015,51.32817543
1614,Sweden,2020,,,51214.0,76.925,2675.425,74.875,5064.325,72.75,2388.875,9.210309,104.029507,71.857873,7.418397626,9.755681992,597294.367,57690.41516,8.435603,67.10786475
1615,Sweden,2021,,,51928.97547,77.375,2716.8,75.375,5120.3,73.275,2403.5,8.576567,107.698387,74.392134,7.246376812,,660103.423,63375.13759,8.311664,63.35360826
1616,Sweden,2022,,,50406.83074,79.425,2792.8,77.125,5255.775,74.675,2462.975,10.114251,108.292036,74.802195,,,715622.275,68239.37264,8.363052,68.78630336
1617,Switzerland,1994,,,58283.21049,,,,,,,1.367693,78.839266,55.173567,,,211529.974,30060.313,1.948616,
1618,Switzerland,1995,97.837,16.984,58316.0,,,,,,,1.182469,80.245745,56.157853,,,217004.052,30564.55701,1.922675,
1619,Switzerland,1996,,,57610.91638,,,,,,,1.23601,81.964045,57.36036,25.47202797,,222747.307,31231.68242,1.887199,
1620,Switzerland,1997,,,58645.78569,,,,,,,1.451313,84.408347,59.07094,,,232005.82,32434.88365,1.844032,
1621,Switzerland,1998,,,58814.06439,,,,3833.0,,,1.449813,85.417681,59.777296,24.12242781,,240727.942,33542.63081,1.827602,
1622,Switzerland,1999,,,59892.07564,,,,3862.0,,,1.502155,85.040031,59.513008,,,248201.012,34401.80917,1.802836,
1623,Switzerland,2000,97.069,15.073,60767.7071,,,,3878.8,,,1.688843,87.789313,61.43702,23.78714118,,263627.58,36349.36995,1.78866,
1624,Switzerland,2001,,,64157.51996,,,,3938.2,,,1.687615,89.805215,62.847795,,,273454.238,37518.6432,1.768621,
1625,Switzerland,2002,,,65448.01604,,,,3964.9,,,1.558607,90.267824,63.171539,22.80161943,,281956.01,38410.60409,1.70976,
1626,Switzerland,2003,,,65111.6354,,,,3963.0,,,1.346651,89.839002,62.87144,,,284293.181,38448.89813,1.715154,
1627,Switzerland,2004,,,64650.68198,,,,3959.2,,,1.243496,90.36092,63.23669,22.012478,,296889.763,39885.80722,1.691758,
1628,Switzerland,2005,93.716,13.239,65657.74645,83.9,2172.0,77.2,3974.5,70.4,1802.4,1.245177,92.443071,64.693828,,,308825.1,41244.64377,1.686548,
1629,Switzerland,2006,,,65847.0,84.7,2213.9,77.9,4051.4,71.1,1837.5,1.253843,94.759845,66.315161,21.31813213,,346323.245,45965.73972,1.598858,63.15935271
1630,Switzerland,2007,,,66634.0,85.6,2259.2,78.6,4122.0,71.6,1862.8,1.200366,96.588995,67.595243,,58.17345429,384574.494,50589.66531,1.531784,
1631,Switzerland,2008,,,66983.0,85.4,2289.2,79.5,4228.8,73.5,1939.6,1.08309,97.52976,68.253612,21.30750605,56.09236527,411512.115,53498.0131,1.493049,
1632,Switzerland,2009,,,68319.0,84.4,2304.4,79.0,4268.0,73.6,1963.6,1.088142,95.343298,66.723475,,51.42195892,410201.394,52730.63307,1.470105,57.79884854
1633,Switzerland,2010,93.768,13.328,67961.0,83.225,2288.975,77.325,4207.475,71.3,1918.525,1.042906,98.053752,68.620315,20.05359536,50.67002487,425928.092,54342.5693,1.466316,
1634,Switzerland,2011,96.517,13.989,68401.0,84.05,2334.45,78.35,4297.775,72.55,1963.3,0.888042,97.492611,68.227615,,49.34988403,454911.977,57493.56602,1.397498,
1635,Switzerland,2012,93.954,12.882,69383.0,83.9,2354.725,78.475,4351.1,73.0,1996.4,0.937684,97.874372,68.49478,19.34352644,50.09272766,475340.888,59440.93409,1.354072,76.99401877
1636,Switzerland,2013,91.791,12.64,70280.0,83.45,2368.275,78.4,4392.4,73.2,2024.1,0.926904,99.682146,69.759903,,44.25940704,498760.658,61656.49098,1.312477,
1637,Switzerland,2014,66.686,10.748,70412.0,83.35,2397.225,78.75,4468.35,74.075,2071.15,0.916151,100.66456,70.447419,16.94074284,42.23714447,519299.875,63417.04308,1.281761,75.16313013
1638,Switzerland,2015,84.672,11.739,70797.0,83.575,2429.9,79.2,4537.95,74.7,2108.05,0.962381,100.0,69.982344,,41.09042358,540550.996,65265.05083,1.235788,78.77300093
1639,Switzerland,2016,68.355,10.733,70468.0,83.7,2460.4,79.6,4603.9,75.425,2143.5,0.985394,100.642001,70.431631,14.76237207,44.09544754,563950.47,67350.73519,1.201964,79.85367032
1640,Switzerland,2017,46.256,9.986,70087.0,84.275,2486.55,79.8,4636.25,75.2,2149.7,0.984692,102.256129,71.561236,,44.24666214,576360.576,68193.50296,1.187726,81.9706763
1641,Switzerland,2018,54.964,10.291,69892.0,84.45,2502.0,80.1,4675.125,75.675,2173.125,0.977892,104.616177,73.212853,15.09564735,40.49210739,601868.008,70688.84449,1.178866,84.99794672
1642,Switzerland,2019,48.527,10.044,71189.0,84.525,2507.1,80.475,4705.775,76.35,2198.675,0.993709,105.19707,73.619376,,37.60834885,632274.548,73732.23356,1.133809,80.6612709
1643,Switzerland,2020,,,69728.0,83.875,2504.425,79.925,4696.1,75.9,2191.675,0.938965,106.933647,74.834673,13.8025469,,630568.326,72997.93604,1.104749,84.63307074
1644,Switzerland,2021,,,72358.43967,83.075,2494.475,79.25,4684.4,75.375,2189.875,0.913846,109.949643,76.945338,,,710319.644,81603.30067,1.046473,83.7848093
1645,Switzerland,2022,,,72993.02434,83.375,2514.825,79.45,4712.475,75.425,2197.7,0.954832,111.020179,77.694524,,,796372.324,90685.77516,0.981275,
1659,Türkiye,1994,,,,,,,,,,0.029609,52.42685,22.068673,,,551713.755,9376.98651,0.009659,
1660,Türkiye,1995,99.86,26.704,21432.0,,,,,,,0.045845,54.94252,23.127624,,,603789.821,10104.25432,0.017711,
1661,Türkiye,1996,,,,,,,,,,0.081405,56.660475,23.850784,,,656954.889,10828.1533,0.030976,
1662,Türkiye,1997,,,,,,,,,,0.151865,61.349412,25.824555,,,717354.452,11648.76835,0.055376,
1663,Türkiye,1998,,,,,,,,,,0.260724,61.420533,25.854493,,,558260.597,8937.31744,0.128873,
1664,Türkiye,1999,,,,,,,,,,0.418783,57.457043,24.186093,,,546532.203,8625.279388,0.196465,
1665,Türkiye,2000,99.86,27.667,,,,,21538.0,,,0.625219,62.351427,26.246346,,,609011.363,9475.973841,0.281594,
1666,Türkiye,2001,,,,,,,21530.5,,,1.225588,58.63482,24.681869,,,595895.884,9144.275914,0.414949,
1667,Türkiye,2002,,,,,,,21463.25,,,1.507226,62.573861,26.339978,,,612446.634,9279.072677,0.591251,
1668,Türkiye,2003,,,,,,,21290.5,,,1.500885,66.703512,28.078322,,,641097.253,9597.982685,0.736506,
1669,Türkiye,2004,,,,,,,21708.5,,,1.425537,72.799254,30.644277,,,735785.837,10884.56688,0.79215,
1670,Türkiye,2005,99.86,26.673,,,,,20095.75,,,1.343583,77.398474,32.580282,,,815102.371,11910.60672,0.834589,
1671,Türkiye,2006,,,21432.0,66.875,15172.3,44.575,20432.1,22.75,5259.85,1.428453,81.036517,34.111688,3.206997085,,945292.204,13641.56439,0.841811,59.577364
1672,Türkiye,2007,,,22170.0,66.825,15391.9,44.65,20749.13,22.775,5357.225,1.302931,85.342439,35.924232,,,1043000.414,14866.45021,0.851116,55.78778398
1673,Türkiye,2008,,,22042.0,66.55,15595.25,44.85,21192.1,23.5,5596.825,1.301522,85.059209,35.805009,,,1139548.435,16038.23165,0.87996,59.76229946
1674,Türkiye,2009,,,22292.0,64.55,15402.08,44.225,21270.35,24.225,5868.275,1.54996,81.550972,34.328244,,,1112437.909,15442.16201,0.904655,
1675,Türkiye,2010,99.871,30.004,22847.0,66.65,16168.28,46.275,22592.3,26.175,6424.05,1.502849,83.60583,35.19322,3.10421286,,1268554.367,17343.71999,0.920469,54.5994287
1676,Türkiye,2011,99.871,28.611,23216.0,69.225,17130.15,48.4,24098.63,27.825,6968.425,1.674955,88.203014,37.128369,,,1454111.872,19590.85837,0.966176,59.62018162
1677,Türkiye,2012,99.871,28.127,24153.0,69.175,17511.07,48.9,24819.07,28.725,7307.975,1.796001,90.050306,37.905972,,,1550688.484,20627.44073,1.019856,53.09996789
1678,Türkiye,2013,99.871,28.844,25265.0,69.45,17877.65,49.525,25518.78,29.65,7641.1,1.903768,96.12967,40.465033,,,1703669.602,22373.13654,1.070294,53.83117835
1679,Türkiye,2014,99.871,28.785,26127.0,69.525,18239.85,49.525,25929.35,29.5,7689.5,2.188542,96.077626,40.443125,6.882591093,,1860470.92,24104.98458,1.104504,55.64782959
1680,Türkiye,2015,99.871,29.597,26786.0,69.825,18576.57,50.15,26616.78,30.45,8040.25,2.720009,100.0,42.094218,,,2022397.778,25855.91268,1.162452,48.60846405
1681,Türkiye,2016,99.871,28.717,30081.0,70.05,18897.8,50.65,27214.72,31.15,8316.925,3.020135,102.258194,43.044787,,,2116398.303,26695.90937,1.241052,58.37282299
1682,Türkiye,2017,99.871,27.159,29515.0,70.725,19464.05,51.55,28196.07,32.175,8732.0,3.648133,107.118185,45.090563,,,2264269.34,28193.0614,1.38398,58.61612386
1683,Türkiye,2018,99.871,27.403,30041.0,70.925,19715.05,51.975,28733.07,32.925,9018.0,4.82837,109.819438,46.227634,9.980806142,,2302309.895,28281.47328,1.63261,51.36770545
1684,Türkiye,2019,99.871,26.851,31927.0,68.275,19160.55,50.3,28078.9,32.2,8918.35,5.673819,114.022153,47.996734,,,2346999.969,28421.26895,1.837125,56.12609072
1685,Türkiye,2020,,,31761.0,65.175,18500.38,47.5,26804.45,29.675,8304.05,7.008605,134.423106,56.584355,,,2391327.882,28678.15413,2.111053,55.32621591
1686,Türkiye,2021,,,,68.575,19803.5,50.25,28826.5,31.725,9022.5,8.850408,126.155603,53.104215,,,2659519.14,31605.63229,2.725601,42.60143695
1687,Türkiye,2022,,,,71.05,20809.5,52.825,30724.75,34.4,9915.25,16.54886,124.768544,52.520343,,,3258301.253,38206.20123,4.605644,
1714,United Kingdom,1994,,,38989.34502,75.725,13726.0,68.925,25253.0,62.2,11527.0,0.653427,75.157328,43.588757,28.07971854,,1140688.343,19713.946,0.653286,
1715,United Kingdom,1995,93.536,16.001,38995.0,76.375,13879.0,69.55,25489.0,62.825,11610.0,0.633668,76.209292,44.198861,28.19283491,,1194091.437,20578.91318,0.713383,
1716,United Kingdom,1996,,,38948.97428,76.675,13931.0,70.05,25727.0,63.525,11796.0,0.640958,77.45123,44.919144,27.21841089,,1276091.612,21939.54356,0.713109,
1717,United Kingdom,1997,,,40373.21372,77.875,14160.0,71.0,26155.0,64.25,11995.0,0.610836,79.836181,46.302336,26.91907015,,1345090.985,23066.34744,0.708803,
1718,United Kingdom,1998,,,40920.73474,78.375,14306.0,71.45,26395.0,64.675,12089.0,0.603824,81.964484,47.536681,27.03529422,,1385424.795,23692.60017,0.720718,
1719,United Kingdom,1999,,,42984.90709,78.85,14406.0,72.025,26691.0,65.35,12285.0,0.618057,83.801614,48.602156,26.08972842,,1437339.336,24492.8658,0.725819,
1720,United Kingdom,2000,93.327,14.764,44967.09154,79.2,14911.0,72.475,27483.5,65.875,12572.5,0.660931,87.228252,50.589492,26.28031383,,1562408.657,26532.76937,0.704522,
1721,United Kingdom,2001,,,46885.63748,79.275,15026.75,72.6,27711.5,66.05,12684.25,0.694655,88.480893,51.315983,25.6396459,,1650356.893,27918.67937,0.694477,
1722,United Kingdom,2002,,,47505.0791,79.075,15106.25,72.65,27944.0,66.35,12837.5,0.667223,90.430863,52.4469,24.37909944,,1727032.129,29091.26654,0.689877,
1723,United Kingdom,2003,,,49042.42908,79.25,15271.5,72.775,28223.0,66.45,12951.75,0.612472,92.905382,53.88204,24.12446709,,1808368.02,30322.92067,0.69584,
1724,United Kingdom,2004,,,50561.32624,79.325,15413.5,72.975,28533.25,66.725,13119.75,0.54618,94.147513,54.602434,23.35874097,46.03619766,1922941.361,32075.75248,0.68782,
1725,United Kingdom,2005,90.55,13.24,50067.25152,79.125,15551.0,72.925,28853.25,66.85,13302.0,0.549998,95.021657,55.109409,22.0639582,44.91970444,1976697.868,32719.74356,0.707619,
1726,United Kingdom,2006,,,51890.0,78.925,15688.75,72.825,29140.75,66.85,13451.5,0.543487,96.809346,56.146209,21.71808402,43.58444595,2113504.388,34746.15529,0.696492,49.47495658
1727,United Kingdom,2007,,,53926.0,78.925,15857.75,72.7,29378.75,66.575,13521.0,0.499772,98.234708,56.972872,21.63478071,39.92857361,2178375.498,35525.29392,0.709077,36.36376452
1728,United Kingdom,2008,,,52475.0,78.55,15949.5,72.6,29627.75,66.775,13678.25,0.543966,98.225392,56.967469,21.85786911,38.44083405,2271084.657,36734.67677,0.701691,32.41657342
1729,United Kingdom,2009,,,52346.0,76.025,15534.25,70.9,29154.25,65.85,13619.75,0.641919,95.753497,55.533851,20.68629595,38.21543503,2181121.129,35031.90006,0.710094,38.40665597
1730,United Kingdom,2010,86.13,12.388,52455.0,75.5,15578.0,70.45,29227.0,65.45,13648.25,0.647179,98.242208,56.977221,19.23143692,40.42116547,2290196.899,36491.34639,0.702364,50.35112367
1731,United Kingdom,2011,88.51,12.951,51497.0,75.35,15660.75,70.325,29374.5,65.4,13713.75,0.624141,98.337771,57.032645,18.2460052,39.59993744,2354769.787,37208.9719,0.706052,46.78900203
1732,United Kingdom,2012,79.092,11.389,51070.0,76.1,15856.25,70.975,29694.25,65.925,13838.0,0.633047,97.73831,56.684977,17.78388278,36.65349579,2442463.44,38340.21568,0.701634,42.12621718
1733,United Kingdom,2013,77.405,11.367,51594.0,76.45,15995.75,71.55,30041.75,66.75,14045.75,0.639661,98.181436,56.941975,17.48201439,33.20456696,2562195.165,39968.10228,0.695248,37.92316332
1734,United Kingdom,2014,71.628,10.828,51816.0,77.825,16360.5,72.875,30752.5,68.05,14392.0,0.60773,98.419046,57.079781,17.38274257,32.55479813,2666663.773,41281.54206,0.698444,42.2672083
1735,United Kingdom,2015,61.394,10.323,52549.0,78.6,16655.5,73.675,31285.0,68.85,14629.5,0.654545,100.0,57.996682,17.10155148,32.83839798,2767234.195,42500.90916,0.692551,45.68117001
1736,United Kingdom,2016,58.928,10.153,53156.0,79.225,16895.75,74.375,31745.5,69.625,14849.5,0.740634,99.39092,57.643436,16.7965368,34.1821785,2892299.174,44057.6891,0.688603,40.86320654
1737,United Kingdom,2017,57.404,10.287,53471.0,79.55,16995.5,75.0,32060.5,70.525,15064.5,0.776977,101.395966,58.806296,16.53410053,34.21084976,3041891.843,46061.35438,0.684601,44.01208403
1738,United Kingdom,2018,56.357,10.104,53950.0,80.125,17195.25,75.625,32443.0,71.175,15247.75,0.749532,101.573367,58.909183,16.3104242,,3129647.768,47107.7092,0.687714,42.08598609
1739,United Kingdom,2019,54.587,10.022,54703.0,80.325,17288.5,76.175,32794.5,72.025,15506.25,0.783445,102.076228,59.200826,16.09980928,,3335878.327,49940.54115,0.669665,34.08288625
1740,United Kingdom,2020,,,53612.0,79.0,17011.75,75.4,32508.75,71.85,15496.5,0.78,103.987187,60.309119,11.98380567,,3220300.957,48006.15609,0.653445,34.69728444
1741,United Kingdom,2021,,,54762.30333,78.325,16916.0,75.125,32407.25,71.95,15491.25,0.727065,103.244366,59.878307,14.16935608,,3542061.488,52846.08193,0.644845,39.47539879
1742,United Kingdom,2022,,,53985.06047,78.95,17121.0,75.575,32743.25,72.2,15622.25,0.811302,104.285141,60.481922,14.48023426,,3848221.195,56765.96,0.651254,
1743,United States,1994,,,52930.64018,79.02883,66449.0,72.00175,123065.2,65.21908,56616.33,1.0,70.03144,48.354938,23.88451444,,7287236.0,27660.26836,1.0,
1744,United States,1995,78.91,12.73,53231.0,79.54924,67377.16,72.5349,124899.7,65.77103,57522.58,1.0,70.185526,48.461331,24.57998539,,7639749.0,28657.51272,1.0,
1745,United States,1996,,,54009.36711,79.67505,68206.91,72.85875,126707.5,66.28711,58500.58,1.0,71.930383,49.666111,23.82394868,,8073122.0,29932.15777,1.0,
1746,United States,1997,,,55357.47378,80.06773,69684.59,73.50204,129557.9,67.13656,59873.33,1.0,72.97303,50.386032,23.78649162,,8577552.0,31424.43893,1.0,
1747,United States,1998,,,57637.04278,80.47501,70692.84,73.84345,131463.5,67.4146,60770.33,1.0,74.614716,51.519575,23.7458194,,9062817.0,32817.982,1.0,
1748,United States,1999,,,59155.74217,80.49783,71446.16,73.94605,133487.9,67.64236,62041.83,1.0,76.818796,53.041436,23.46278317,,9631172.0,34479.79436,1.0,
1749,United States,2000,76.598,11.959,61131.59919,80.63379,73305.25,74.09456,136890.8,67.78897,63585.58,1.0,78.928548,54.498167,23.08892356,,10250952.0,36299.66218,1.0,
1750,United States,2001,,,61601.2442,79.39231,73196.16,73.13562,136933.3,67.09346,63737.33,1.0,80.660218,55.693841,23.58208955,,10581929.0,37100.28574,1.0,
1751,United States,2002,,,62096.62512,77.96939,72903.09,71.92931,136485.2,66.08681,63582.17,1.0,82.891625,57.234571,22.09131075,,10929108.0,37954.22201,1.0,
1752,United States,2003,,,62764.10243,76.94814,73331.59,71.22334,137735.7,65.68118,64404.17,1.0,85.398085,58.965218,20.57553957,,11456450.0,39419.90737,1.0,
1753,United States,2004,,,63927.40582,77.22495,74524.16,71.22248,139251.9,65.38918,64727.83,1.0,87.632516,60.508037,19.63534362,,12217196.0,41659.66269,1.0,
1754,United States,2005,67.648,10.942,63987.31916,77.60995,75973.16,71.53017,141729.8,65.61333,65756.5,1.0,89.463196,61.772075,18.97506925,63.20000076,13039197.0,44052.383,1.0,
1755,United States,2006,,,64945.0,78.09517,77501.59,71.99708,144427.0,66.05067,66925.59,1.0,90.31024,62.356937,19.24629879,41.38426971,13815583.0,46234.10571,1.0,55.80288463
1756,United States,2007,,,66174.0,77.78133,78254.25,71.78132,146046.7,65.92328,67792.41,1.0,91.57842,63.232583,19.84334204,43.82904053,14474228.0,47976.20121,1.0,39.32454572
1757,United States,2008,,,66011.0,76.41297,77486.16,70.88825,145362.5,65.49688,67876.16,1.0,92.751305,64.042431,20.05012531,47.52147293,14769862.0,48498.44521,1.0,37.92206006
1758,United States,2009,,,66673.0,71.95316,73669.66,67.62595,139877.5,63.40088,66207.75,1.0,95.715647,66.089234,19.78021978,49.13993454,14478067.0,47122.98854,1.0,50.30473143
1759,United States,2010,35.742,9.231,67263.0,71.05226,73359.16,66.68977,139063.9,62.4269,65704.91,1.0,98.245288,67.835887,18.81067961,49.12309265,15048970.0,48570.28973,1.0,41.82758222
1760,United States,2011,37.154,9.272,67353.0,71.38538,74290.34,66.64754,139869.3,62.01313,65578.84,1.0,98.282918,67.86187,17.78846154,46.24177933,15599731.0,49951.90765,1.0,38.25315979
1761,United States,2012,25.469,8.882,67928.0,72.25735,75555.25,67.13661,142469.1,62.19418,66913.66,1.0,98.653951,68.118059,19.08665105,46.24343491,16253970.0,51644.99166,1.0,34.88556076
1762,United States,2013,21.474,8.655,67604.0,72.5551,76352.59,67.35994,143929.3,62.34338,67576.66,1.0,99.073648,68.407849,17.90697674,45.79272842,16843196.0,53116.52197,1.0,28.86474991
1763,United States,2014,16.547,8.445,68591.0,73.47576,77692.34,68.14875,146305.3,62.9986,68613.0,1.0,99.446088,68.665009,17.45120551,48.56545639,17550687.0,54914.36823,1.0,34.86712004
1764,United States,2015,12.306,8.178,70320.0,74.18437,79130.59,68.70962,148833.4,63.42037,69702.75,1.0,100.0,69.047471,18.88268156,49.11928177,18206023.0,56520.60923,1.0,34.69364628
1765,United States,2016,3.665,7.391,70446.0,74.83436,80568.09,69.35136,151435.8,64.04713,70868.0,1.0,100.302963,69.256659,18.1420765,49.47015762,18695106.0,57592.69152,1.0,29.72056612
1766,United States,2017,6.754,7.758,71157.0,75.44284,81402.0,70.11017,153337.4,64.94534,71935.41,1.0,101.201253,69.876907,18.17215728,42.97639465,19477337.0,59589.23392,1.0,38.65350168
1767,United States,2018,6.854,7.788,71937.0,76.06544,82698.5,70.72614,155761.0,65.54647,73062.66,1.0,102.3422,70.664702,18.91058582,39.37737274,20533058.0,62449.61283,1.0,31.38160892
1768,United States,2019,5.613,7.676,73194.0,76.52622,83460.25,71.35841,157538.1,66.34095,74077.84,1.0,103.581713,71.520554,18.47070507,38.08293915,21380976.0,64690.2724,1.0,36.27744401
1769,United States,2020,,,77567.0,72.10584,78560.34,67.06998,147794.8,62.17853,69234.41,1.0,107.111176,73.957559,17.65249538,41.80211258,21060474.0,63480.86122,1.0,46.49170905
1770,United States,2021,,,78894.28061,74.29272,80828.91,69.40365,152580.7,64.64909,71751.75,1.0,108.386615,74.838217,16.86417502,,23315081.0,70181.12175,1.0,40.46252204
1771,United States,2022,,,77463.47302,76.14803,84202.59,71.27018,158291.1,66.47201,74088.5,1.0,107.025198,73.898193,16.98440208,,25439700.0,76291.0249,1.0,31.02415552
