,Reference area,TIME_PERIOD,Airports: Per 1 000 000 inhabitants,Airports: Per 100 square kilometres,Available seat capacity for schedule flight: Per 1 000 000 US dollars,Available seat capacity for schedule flight: Per 1 000 inhabitants,CO2 emissions in transport sector: Kilogrammes of CO2-equivalent per 1 000 US dollars,CO2 emissions in transport sector: Percentage of CO2 emissions,CO2 emissions in transport sector: Percentage of CO2 emissions from transport,CO2 emissions in transport sector: Tonnes of CO2 per person,Density: Per 100 square kilometres,Employment in the transport sector: Percentage of employment,Expenditure for personal transport equipment operation: Percentage of household expenditure in transport,Expenditure for transport services: Percentage of household expenditure in transport,Fatalities: Per 1 000 000 000 vehicle-kilometres,Fatalities: Per 10 000 road motor vehicles,Fatalities: Per 100 000 inhabitants,First registrations: Per 1 000 000 US dollars,First registrations: Per 1 000 inhabitants,Freight transport: Percentage of freight transport,Freight transport: Tonne-kilometres per 1 000 US dollars,Fuel deliveries to the road sector: Tonnes per 1 000 000 US dollars,Fuel deliveries to the road sector: Tonnes per person,Fuel deliveries to the road sector: Tonnes per vehicle,Household expenditure for transport: Percentage of household expenditure,International traffic: Percentage of seat capacity,International traffic: Seat-kilometres per 1 000 US dollars,Investment (Inland): Percentage of GDP,Investment (Inland): US dollars per person,Investment (Rail): Percentage of GDP,Investment (Rail): Percentage of infrastructure investment,Investment (Rail): US dollars per person,Investment (Road): Percentage of GDP,Investment (Road): Percentage of infrastructure investment,Investment (Road): US dollars per person,Investment (Waterways): Percentage of GDP,Investment (Waterways): Percentage of infrastructure investment,Investment (Waterways): US dollars per person,Maintenance: Percentage of infrastructure maintenance,National traffic: Seat-kilometres per 1 000 US dollars,Passenger transport: Passenger-kilometres per 1 000 US dollars,Stock: Per 1 000 000 US dollars,Stock: Per 1 000 inhabitants,Traffic: Vehicle-kilometres per 1 000 US dollars,Transport infrastructure: Percentage of rail network,Transport infrastructure: Percentage of road network,Value added by the transport sector: Percentage of value added,Vehicle distance travelled: Kilometres,Vehicle purchases: Percentage of household expenditure in transport
0,Australia,1994,,,,,190.0288119,23.58217733,99.95311438,3.64102241,,5.10815917,50.20657147,18.9047553,,,10.82813437,1.483798976,28.42952513,100.0,1191.455780481,,,,12.68750704,,,,,,,,,,,,,,,,710.068632222,25.085591764,480.63886891199996,,,,5.406674934,,30.88867323
1,Australia,1995,,,,,183.767208,23.6722218,99.95537179700001,3.751218475,10.54371738,5.061894204,50.13672697,19.91743795,12.1130956,1.850363821,11.20251718,1.453049629,29.66295475,100.0,1146.678002745,,,,12.596172,,,1.082889042,422.3576321,0.197564768,18.24423006,77.05589806,0.885324274,81.75576994,345.3017341,0.0,0.0,0.0,,,677.784198405,29.656816451,605.422407123,453.0295313,,,5.299568575,15275.73035,29.94583509
2,Australia,1996,,,,,169.1730774,23.71916015,99.95637460600001,3.842212798,,5.169714845,48.95696203,20.51392405,,1.73525642,10.80946604,1.310132744,29.75769183,100.0,1071.102380136,,,,12.53693635,,,1.06028444,436.4110685,0.199423029,18.80844621,82.08214107,0.860861412,81.19155379,354.3289275,0.0,0.0,0.0,,,611.4230646120001,27.425631762000002,622.9319145799999,,,,5.251561999,,30.52911392
3,Australia,1997,,,,,172.7965324,23.55221783,99.96343375200001,3.874795182,,5.143355925,47.16803095,19.94055342,,1.521387112,9.591252517,1.48039827,33.1987066,100.0,1149.1478006329999,,,,12.62775658,,,1.092320696,463.799361,0.236765559,21.67546217,100.530655,0.855555136,78.32453783,363.2687059,0.0,0.0,0.0,,,616.8549002699999,28.112081091999997,630.428142754,,,,5.14893154,,32.89141563
4,Australia,1998,,,,,192.8604523,22.12117967,99.963789371,3.836493281,,5.070500189,46.7714642,20.60473815,10.45314845,1.46060365,9.431638197,1.839476606,36.5931977,100.0,1345.810807491,,,,12.54752958,,,1.166591202,515.5716675,0.192908323,16.53606869,85.25528512,0.97368288,83.46393131,430.3163824,0.0,0.0,0.0,,,694.8934744310001,32.460010656,645.735631205,453.5591382,,,5.261060183,13972.85857,32.62379765
5,Australia,1999,,,,,181.521607,22.13284661,99.969126139,3.868409459,,5.121662281,47.47001419,21.16203087,10.19340896,1.44386437,9.376861817,1.624280956,34.6384146,100.0,1281.4798150230001,,,,12.23776868,,,1.219191325,550.9487507,0.16438107,13.48279525,74.28329199,1.054810255,86.51720475,476.6654587,0.0,0.0,0.0,,,655.21583966,30.453293127000002,649.4281602469999,431.3613345,,,5.068598498,14164.68599,31.36795495
6,Australia,2000,,,,,195.4008165,22.41619397,99.969713763,3.942143336,,5.106309649,47.62187989,22.01471084,9.843276831,,9.548683096,1.715740525,34.6413295,100.0,1402.206784376,,,,12.29799581,,,1.072289995,487.3853224,0.116312848,10.84714473,52.86739131,0.955977147,89.15285527,434.5179311,0.0,0.0,0.0,,,697.890062356,,,480.4639844,,,4.994363824,,30.36340927
7,Australia,2001,,,,,203.5392414,21.82447525,99.969129385,3.860866324,,5.143507803,47.54559032,21.91086307,9.134797425,1.397990515,9.011812946,1.764768751,33.49924857,100.0,1517.154071686,,,,11.75272351,,,0.877281659,411.7203241,0.085966537,9.799194574,40.34527566,0.791315122,90.20080543,371.3750484,0.0,0.0,0.0,,,727.951768002,33.959452762,644.626186453,519.7158806,,,4.969785748,15304.01223,30.54354661
8,Australia,2002,,,,,185.3440819,21.81694183,99.957847118,3.905184556,10.54400375,4.829076239,47.22303101,22.32493813,8.922579068,1.343201754,8.797032707,1.650430097,34.79336719,100.0,1447.649212489,,,,11.85053557,,,0.842514337,402.2193932,0.114638983,13.60676938,54.72906525,0.727875354,86.39323062,347.490328,0.0,0.0,0.0,,,662.467674237,31.066736267,654.930108521,467.6774993,,,5.076354898,15053.96303,30.45203086
9,Australia,2003,,,,,146.774635,21.93625767,99.48060651099999,3.874518026,10.54678937,4.951100602,47.16118314,22.45876651,7.718312542,1.236835919,8.219773936,1.419020973,37.47826463,100.0,1197.4306029680001,50.86498641,1.34341314,2.021444432,11.78858998,,,0.986540914,469.0399707,0.160260886,16.24472784,76.19426671,0.826280027,83.75527216,392.845704,0.0,0.0,0.0,,,535.43953624,25.162693374,664.58079129,403.2244459,,,5.145854816,16024.69338,30.38005035
10,Australia,2004,0.652193915,0.169220155,0.021882904,697.6487205,124.6706419,21.89179589,99.53609591600001,3.972468035,10.55183994,5.025934886,48.67913751,23.19164802,7.302671034,1.174905241,7.941715136,1.200790013,38.28237809,100.0,1033.778998058,42.85310379,1.366199506,2.021169146,11.97478393,59.57832913,127.8829148,1.088169506,531.4780349,0.17450633,16.03668628,85.23146508,0.913663176,83.96331372,446.2465698,0.0,0.0,0.0,,86.76378087,457.86708397999996,21.202136332000002,675.9451619100001,341.1149289,,,5.272440819,16088.70557,28.12921446
11,Australia,2005,0.59474118,0.15620322,0.021662269,758.7581586,112.3170502,21.78050634,99.508623051,3.931902878,10.55183994,5.012815979,48.978743,24.63197611,7.414226018,1.173928258,8.063699159,1.116547451,39.10899048,100.0,983.318833733,38.664375,1.354286083,1.971594762,12.01762325,,,1.304800841,642.2951622,0.241280059,18.49171544,118.7713937,1.063520783,81.50828456,523.5237685,0.0,0.0,0.0,,,412.767665,19.610710955000002,686.89880339,310.5053407,,,5.118261754,15833.45659,26.38928089
12,Australia,2006,0.635666794,0.169220155,0.020264762,745.8614424,108.0183642,21.98941564,99.383286048,3.972996043,10.61842157,4.946252703,48.2695326,26.26027507,7.269815707,1.117727089,7.813811827,1.02195539,37.61392005,100.0,953.383334657,37.26892348,1.371713797,1.96216866,12.33521086,,,1.33980662,661.7865856,0.223145405,16.65504574,110.2208585,1.116661214,83.34495426,551.5657271,0.0,0.0,0.0,,,382.380192076,18.993741075,699.080473721,292.0269202,,,5.444541758,15374.90266,25.47019233
13,Australia,2007,0.57615795,0.15620322,0.016851187,737.2816733,91.77924195,22.01092067,99.371296971,4.012848562,10.54408185,5.138529097,48.46211901,26.96429608,7.176337337,1.089622653,7.696509952,0.91652701,40.10035327,100.0,825.531794447,32.04086526,1.401868141,1.984675252,13.07209879,,,1.420048245,720.3235502,0.246234653,17.33987936,124.9032346,1.173813593,82.66012064,595.4203156,0.0,0.0,0.0,,,320.32795710299996,16.144135035,706.3463605970001,245.1252556,,,5.346067222,15183.5484,24.57358491
14,Australia,2008,0.517666572,0.143186285,0.016662202,775.8793167,86.24104622,22.2713609,99.32426603799999,4.014212771,10.56181092,5.284577544,51.75275322,27.53994106,6.385150538,0.943535971,6.762607852,0.799642123,37.23552121,100.0,815.234748426,30.17029679,1.404886878,1.96013333,11.37342936,56.62656607,88.06479415,1.424943605,713.5101987,0.25692366,18.03044408,128.6490574,1.168019945,81.96955592,584.8611413,0.0,0.0,0.0,,67.45371998,297.864588556,15.391961518,716.730263518,227.4475641,,,5.019235194,14777.03565,20.70730572
15,Australia,2009,0.507107504,0.143186285,0.017580532,797.3596572,86.08944077,21.74114848,99.83728033300001,3.90400372,10.63599443,5.390918396,51.62634095,27.09298468,6.609723675,0.954785339,6.869001639,0.740700799,33.59425858,100.0,857.7073970179999,30.201997,1.369802352,1.904013526,11.28061036,,,1.656832543,848.3880785,0.268724181,16.21915156,137.6013483,1.388108362,83.78084844,710.7867302,0.0,0.0,0.0,,,299.50303722300004,15.8622807,719.4288973619999,229.1332255,,,5.028684833,14445.16271,21.28067438
16,Australia,2010,0.635446571,0.18223709,0.015527779,843.2861666,73.25901978,22.36513547,99.541361853,3.977455445,13.20061049,5.183211398,51.88474288,28.35961297,5.896912269,0.843648695,6.122981606,0.691519723,37.55521009,100.0,738.1060500890001,25.20876739,1.369043462,1.886322391,11.69028393,59.28701561,93.47115257,1.555088659,793.1162177,0.357499151,22.98898837,182.3293951,1.197589508,77.01101163,610.7868227,0.0,0.0,0.0,,64.18757188,247.648199403,13.363976126,725.773849147,191.1932975,,13.85667538,4.96308208,14306.61771,19.75564415
17,Australia,2011,0.581915221,0.169220155,0.013703756,897.6360992,61.35562217,23.02590429,99.576611917,4.018269318,13.26091795,5.160034672,51.22899027,29.29883314,5.491231974,0.783672415,5.716197977,0.549053324,35.96459878,100.0,621.653145687,21.56264305,1.412416193,1.936377316,11.8126957,,,1.667743723,873.9397486,0.433771802,26.00949988,227.3073578,1.233971921,73.99050012,646.6323908,0.0,0.0,0.0,,,204.60404550099997,11.135558587999999,729.411660376,158.9193488,,13.95061662,5.10790293,14271.34055,19.47217659
18,Australia,2012,0.61583221,0.18223709,0.013300538,909.1881946,58.21505454,23.15844119,99.509065382,3.977628531,13.25361025,4.935854742,50.88957893,28.27637129,5.506119212,0.780016131,5.718441953,0.56800619,38.8273411,100.0,632.682068346,21.07021266,1.440301792,1.964623651,11.78066587,,,1.803295262,938.2141425,0.508880356,28.21946948,264.7590536,1.294414906,71.78053052,673.4550889,0.0,0.0,0.0,,,194.580270684,10.724808611,733.118422495,151.9313948,,14.05092468,5.226109082,14166.35021,20.83404978
19,Australia,2013,0.6053235,0.18223709,0.014558654,934.3000897,61.9067919,23.94168092,99.485680077,3.970414252,13.23647345,5.168560608,51.60743667,27.94959457,4.941586648,0.692255607,5.119307316,0.606345232,38.91214028,100.0,699.564256539,23.18458702,1.487868387,2.011962106,11.57985889,59.72903921,89.71092873,1.746610513,891.6113686,0.495339606,28.36004948,252.8614253,1.251270907,71.63995052,638.7499433,0.0,0.0,0.0,,60.4855752,207.60005714300002,11.523371616,739.511138111,161.4282856,,14.16529382,5.054436565,14008.772,20.44296876
20,Australia,2014,0.553764435,0.169220155,0.015735781,966.5704764,63.86188219,24.61119754,99.440258942,3.920023083,13.25195189,5.142493692,49.60128387,29.14315903,4.726694314,0.655099247,4.898685389,0.613004551,37.65380914,100.0,789.9022304050001,24.042342,1.476801039,1.97492015,11.01645407,,,1.429882071,735.0882619,0.418816274,29.29026685,215.3093135,1.011065797,70.70973315,519.7789484,0.0,0.0,0.0,,,216.85702489,12.173829914,747.777594203,168.7239808,,14.23695603,5.171627979,13859.56449,21.25555711
21,Australia,2015,0.629828819,0.195254025,0.01884561,965.8641598,75.37507575,24.30410947,99.27886947799999,3.859683125,13.27070669,5.183783816,47.35614613,29.70268893,4.850769851,0.672203541,5.059624845,0.757128801,38.80392148,100.0,991.320938217,28.87668004,1.479970678,1.966235761,10.79958727,,,1.259640261,645.5833154,0.322579895,25.60889047,165.3267241,0.937060366,74.39110953,480.2565913,0.0,0.0,0.0,,,259.13396163,14.686275469999998,752.69238169,203.5175175,,14.31619855,5.204082561,13857.66717,22.94116494
22,Australia,2016,0.744081237,0.234008752,0.020315052,1035.628635,75.7006237,24.17708749,99.26522431000001,3.855843768,13.35944004,5.216400435,47.37753825,29.97112886,5.081372246,0.707548239,5.35325112,0.751921737,38.33175829,100.0,1004.920390612,28.41179602,1.448387571,1.914358308,10.63937624,,,1.200046295,619.9914551,0.227854299,18.98712578,117.7185574,0.972191995,81.01287422,502.2728977,0.0,0.0,0.0,,,258.310784322,14.841420176,756.591681345,206.6571825,,14.38258531,5.074860612,13924.3536,22.65133288
23,Australia,2017,,,,,70.37267866,24.44732268,99.33932921299998,3.85713397,13.31972486,5.191635207,48.52509282,29.76412568,4.700349521,0.654221795,4.973043097,0.679053677,37.23308828,100.0,950.441057568,27.5157053,1.508709427,1.984761786,10.63247088,,,1.314630909,695.0261585,0.255180695,19.41082419,134.9103057,1.059450215,80.58917581,560.1158528,0.0,0.0,0.0,,,237.507406601,13.863479982,760.146349758,192.959922,,14.50804197,4.975856814,13918.5776,21.71078151
24,Australia,2018,,,,,70.65419783,25.17184931,99.37478246799999,3.896074614,13.35858721,5.131639185,48.68145255,30.95182644,4.40295415,0.594785799,4.546682168,0.628213991,34.68181116,100.0,952.726412922,27.67612839,1.527916081,1.998782305,10.59578135,,,1.626415647,849.1668982,0.396352292,24.3696802,206.9392574,1.230063355,75.6303198,642.2276408,0.0,0.0,0.0,,,233.604068446,13.846494604,764.423457883,187.0493779,,14.58758213,4.902543475,13508.78929,20.36672101
25,Australia,2019,,,,,71.71117103,25.26910824,99.342027613,3.829519297,,5.178872054,51.55177375,27.36773955,4.615894874,0.611516877,4.685250256,0.589600337,31.54799642,100.0,980.278025275,28.08125879,1.502555878,1.961129562,9.390996194,,,1.507224511,801.3077279,0.407522402,27.03793623,216.6570724,1.099702109,72.96206377,584.6506555,0.0,0.0,0.0,,,237.11749570899997,14.318920763000001,766.168593394,189.6980314,,,4.77284337,13248.06768,21.0804867
26,Australia,2020,,,,,66.43722513,24.52408045,99.372481167,3.527708263,,4.977086639,57.19416026,10.27384581,4.504273063,0.555096921,4.265232259,0.495543047,26.38689446,100.0,982.6316843100001,26.43582422,1.407666413,1.83200174,7.642955843,,,1.486040699,795.4836853,0.429326393,28.89062142,229.82018,1.056714307,71.10937858,565.6635054,0.0,0.0,0.0,,,213.637110664,14.430021346,768.3761332729999,177.8324785,,,4.3970341,12323.78485,32.53199393
27,Australia,2021,,,,,56.05821569,24.27168947,99.25465553199999,3.410415002,,5.061391668,53.64017495,17.15276238,4.559059087,0.554215099,4.344878719,0.480038291,29.32621832,100.0,871.586115718,24.04613874,1.469012635,1.873812908,8.705486002,,,1.506212836,826.1596036,0.50420513,33.47502542,276.5571373,1.002007706,66.52497458,549.6024662,0.0,0.0,0.0,,,181.10242308300002,12.832731931,783.969749032,155.9991581,,,4.354934786,12156.34823,29.20706267
28,Australia,2022,,,,,,,,,,5.190000118,44.94186968,30.24937692,4.949768926,0.578114455,4.566701695,0.480522331,29.89452111,100.0,858.8266766,23.78242239,1.479565221,1.87303244,10.74126372,,,1.564239521,865.4185443,0.504573677,32.25680406,279.1563641,1.059665844,67.74319594,586.2621802,0.0,0.0,0.0,,,168.330053001,12.697282699,789.930376699,148.2995021,,,4.571030899,11679.62513,24.8087534
29,Australia,2023,,,,,,,,,,5.185883903,43.42365552,30.84865174,,0.604984962,4.775035753,0.523521827,33.44112952,0.0,0.0,23.24875254,1.485066151,1.881541281,11.10909117,,,,,,,,,,,,,,,,,12.356227722,789.2817265269999,,,,4.718657351,,25.72703554
30,Austria,1994,,,,,75.09412003,27.20438387,100.000000001,1.926017607,128.8742123,,,,24.6158358,,16.85962835,1.390148124,35.65458578,99.99999999500001,318.42640301,,,,,,,,,,,,,,,,,,,,47.324688113,19.709059755000002,505.498910221,267.0417056,,1.465955786,,,
31,Austria,1995,,,,,64.33243329,26.03899713,99.99999999900001,1.951066508,135.808288916,,45.56196839,15.76688327,21.79444181,,15.22342324,1.17085584,35.509578302,100.00000000200001,311.07205370200006,,,,12.72358568,,,0.555465117,243.456417,0.295002371,53.10907238,129.2974447,0.258764076,46.58511723,113.4144573,0.00169867,0.305810398,0.744515037,53.7917088,,39.946434337999996,17.228680716,522.509403884,230.3161981,60.26093089,1.500042294,5.498741369,,38.67106816
32,Austria,1996,,,,,72.20493814,27.07757244,100.00000583299999,2.152488052,135.868880316,,44.09231536,14.90029472,17.89146505,,12.90360355,1.309039674,39.02353771,100.00000000200001,325.68720305100004,,,,13.38688401,,,0.556587653,243.8219093,0.323215271,58.07086614,141.5894946,0.233372382,41.92913386,102.2324147,,,,52.87610619,,40.856122527,17.977021883000003,535.909648133,241.930865,60.26093089,1.50967148,5.45781714,,41.00746323
33,Austria,1997,,,,,76.13357877,25.93558543,99.99999999500001,2.033144659,135.89917591600002,,47.28549011,15.7966286,18.83190362,,13.86790053,1.3078804400000001,34.926903613,99.999999996,376.849033206,,,,13.07857295,,,0.569615612,251.5608743,0.376211241,66.04651163,166.1471821,0.19340437,33.95348837,85.41369221,,,,55.9178744,,38.278568977999996,20.558182667,549.0055836920001,275.755672,60.26093089,1.514952288,5.480720901,,36.91788129
34,Austria,1998,,,,,83.86614276,29.02011817,100.000000002,2.294679476,135.984003854,,48.38739884,16.15076447,15.89614601,,12.07252693,1.375682153,37.640333719999994,99.999999999,379.453575866,,,,12.89767517,,,0.717608519,331.1954134,0.498608048,69.48190206,230.1208727,0.219000471,30.51809794,101.0745406,,,,55.34787124,,36.548463974,20.649536691,564.996391456,277.5690106,58.96497648,1.514909603,5.69283743,,35.46183669
35,Austria,1999,,,,,82.0216651,29.00001443,100.000000005,2.229633959,135.98885118099997,,47.49956626,16.37356656,17.26104858,,13.50045369,1.469503032,39.946203378,99.999999992,385.70893179200004,,,,13.02574883,,,0.741229189,347.5560659,0.549422033,74.12309729,257.6193208,0.191807156,25.87690271,89.93674504,,,,57.40740741,,36.827245675,21.422327689,582.333373825,287.7240509,56.37630662,1.534589305,5.675052678,,36.12686718
36,Austria,2000,,,,,94.07656867,30.01998558,99.99999461,2.316692018,135.969461924,,50.79561248,16.74649112,15.2484114,,12.18238731,1.593661985,39.244886707,100.000000003,445.698866217,,,,13.21909379,,,0.78368409,355.0235889,0.561312559,71.62485066,254.2851154,0.222371531,28.37514934,100.7384736,,,,51.6785351,,41.627334624,24.08993697,593.229213853,324.4299472,58.90556046,1.532800811,5.742016672,,32.4578964
37,Austria,2001,,,,,101.5101237,30.28825748,99.999995016,2.492963139,136.120940402,,50.8169986,16.91168771,14.66893806,,11.91202559,1.509710036,37.076614837,100.000000004,458.288341215,,,,12.78249838,,,0.77587547,356.6236079,0.485659046,62.5949737,223.2284536,0.290216423,37.4050263,133.3951543,,,,44.82758621,,41.752827525,24.541151007,602.700374109,330.6590469,62.91030367,1.542717809,5.661901162,,32.27131369
38,Austria,2002,,,,,102.3312934,32.43625324,99.999995444,2.714602911,136.325739251,,51.82786207,17.10414239,14.230095,,11.82881819,1.323389899,35.106348628,99.99999999799999,428.779022316,,,,12.98367565,,,0.760358272,354.0394577,0.525282309,69.08352668,244.5829432,0.234634919,30.85846868,109.2511551,0.000441043,0.05800464,0.205359314,35.59322034,,38.746591759999994,21.503985093999997,570.448964241,313.3543381,61.22166465,1.541460124,5.781320698,,31.06799555
39,Austria,2003,,,,,89.68236682,32.3477625,99.99999999699999,2.896206736,136.416626311,,51.18512465,16.7777655,13.51907323,,11.4635083,1.162884822,37.554256192,99.99999999399999,345.16892924499996,,,,13.18118236,,,0.775459727,359.115216,0.493827246,63.68186874,228.6912805,0.280338611,36.1512792,129.8247444,0.001293871,0.166852058,0.599191128,37.37957611,,31.478206263,17.876285789,577.297599196,262.5718518,57.80598053,1.56339228,5.758449414,,32.03717024
40,Austria,2004,0.734217445,7.270964615,0.037743462,1392.326767,79.11535487,32.22433953,100.00000419199999,2.9185048,136.517207995,,51.1660375,16.96462154,12.56276023,,10.74404862,1.052904883,38.840837076999996,99.99999999799999,304.793622176,,,,13.32853517,99.01359002,62.14888585,0.852904824,394.098963,0.550860155,64.58635704,254.5341634,0.297093117,34.83309144,137.2768522,0.004951552,0.580551524,2.287947536,38.87945671,0.61915017,27.541598078,15.754964146999999,581.188296705,231.8373759,61.48109608,1.568931966,5.716165157,,31.86934096
41,Austria,2005,0.729232462,7.270964615,0.038873045,1493.40391,77.66631796,32.97679796,100.00000000499999,2.983742491,136.845613234,,52.81256059,16.86504413,10.96057187,,9.334175516,0.988717383,37.984017407,100.000000006,283.219357657,,,,13.42031819,,,0.796615079,364.3005565,0.523467418,65.71146245,239.3872234,0.270392569,33.94268775,123.6534004,0.002755092,0.345849802,1.259932755,39.20353982,,26.821395459,15.222339347,584.803719203,221.6736244,60.79211346,1.565197913,5.784966441,,30.32244959
42,Austria,2006,0.725633148,7.270964615,0.038492699,1565.471642,69.58077056,32.43035232,99.999995728,2.829803108,136.669898221,,53.19040929,17.12953052,10.24162101,,8.828536636,0.930436083,37.840196468,99.999999994,298.48338198400006,,,,13.48869651,,,0.858024725,381.7667996,0.55596119,64.79547433,247.3676086,0.299449882,34.89991297,133.2362808,0.002613652,0.304612707,1.162910182,38.16499614,,27.669758772,14.434015442,587.021494815,211.9596454,60.93159161,1.568781436,5.712520851,,29.68006019
43,Austria,2007,0.723284842,7.270964615,0.037214936,1745.952227,60.60609315,34.1262174,100.00000424000001,2.843355309,136.509936935,,53.71350857,17.97366418,9.531382853,,8.329830425,0.778605005,36.528536542000005,100.00000000200001,257.300659182,,,,13.38705793,,,0.83774104,380.9275872,0.529970688,63.26187474,240.9819331,0.306361793,36.56998739,139.3051706,0.00140856,0.168137873,0.640483543,35.84070796,,24.638980362999998,12.628917069999998,592.490229885,186.279543,60.76298982,68.087595344,5.686998924,,28.31282725
44,Austria,2008,0.7210242,7.270964615,0.035780903,1857.743007,52.20314073,32.8774113,100.000000002,2.710386209,136.452981089,4.943039559,54.84610567,17.85739294,9.597539794,,8.159590535,0.690924206,35.872756533,100.00000000899999,232.219399915,,,,13.42492812,98.27012232,41.96096074,0.871794441,374.3674371,0.572912942,65.71651699,246.0212404,0.297860264,34.16634127,127.9076562,0.001021235,0.117141742,0.438540535,34.79880775,0.738651053,25.103800928,11.517498087,597.988030033,163.7472828,61.18603043,68.11181740800001,5.707454264,,27.29655002
45,Austria,2009,0.719137926,7.270964615,0.03521836,1695.880406,54.05981766,34.68289573,100.00000000200001,2.603159916,140.04120214600002,4.919514829,52.26433936,17.47598747,9.035553532,,7.586905122,0.800926289,38.567247129,99.99999999799999,216.65128698400002,,,,12.96046367,,,0.948466141,405.3862842,0.715862805,75.47584187,305.9687109,0.23086749,24.34114202,98.67565118,0.001735846,0.183016105,0.741922189,43.69178662,,26.537133408,12.618541067,607.624444154,174.3748305,65.68334578,69.043427764,5.677590735,,30.25972337
46,Austria,2010,0.717411236,7.270964615,0.040101882,1880.929105,57.43297391,32.96532449,100.0,2.693822515,145.347794509,4.783244639,54.60920792,16.88745543,7.756056358,,6.60018337,0.845052358,39.636133799999996,100.000000001,234.15170762099999,,,,13.32420187,98.11140357,52.35952374,0.789802818,332.6534839,0.654282522,82.84124947,275.5743025,0.131802781,16.68806162,55.51341837,0.003717514,0.470688917,1.565763082,58.90410959,1.007895168,27.405496131,13.167733493,617.6162242439999,181.4292801,72.24817791,70.237368011,5.588954479,,28.50333665
47,Austria,2011,0.714997051,7.270964615,0.03771529,1940.160109,50.3163813,32.60897952,100.00000460899999,2.588389187,156.839554002,4.978500527,54.63537618,16.48141055,7.220139787,0.926795884,6.232390963,0.835173493,42.96321948,100.00000000600001,217.217037913,,,,13.77669708,,,0.789349814,328.8617818,0.691003534,87.54084967,287.888398,0.097701386,12.37745098,40.70470583,0.000644894,0.081699346,0.268677926,61.98243413,,25.224606609,13.072253964,672.466405006,167.7988451,76.53040472,72.594311965,5.62547889,12836.25957,28.88321327
48,Austria,2012,0.711744532,7.270964615,0.039881688,1936.851178,52.89488505,34.13556214,99.999995383,2.56883572,156.451769267,5.031950837,55.66075248,17.05138767,7.336652938,0.924975273,6.298939109,0.830518903,40.334088139,100.00000000099999,220.51707268,,,,13.53397052,,,0.633290679,258.3647668,0.529729765,83.64717542,216.1148297,0.102619451,16.20416254,41.86584675,0.000941463,0.148662042,0.384090337,61.25592417,,27.692884213,14.022148629,680.984594173,176.7855296,77.27181545,72.88892111700001,5.621703063,12607.59206,27.28785985
49,Austria,2013,0.707561938,7.270964615,0.037787881,1917.022089,53.73446699,36.0643999,99.99999999799999,2.726010083,159.059621907,5.148554653,56.05399043,17.60523835,6.211980511,0.781888372,5.365678034,0.978709344,49.651036343,99.999999996,213.840801739,,,,13.07191189,98.87639394,56.23588937,0.624247091,256.656523,0.50878299,81.50346192,209.1839515,0.112068098,17.95252226,46.07631941,0.003396003,0.544015826,1.396252103,60.62906725,0.639050271,27.731951793,13.527117787,686.246045428,170.2628668,77.85858586,71.62921793599999,5.675997345,12586.78083,26.34077122
50,Austria,2014,0.7020536,7.270964615,0.038115685,1973.873777,51.19725806,37.50551618,100.000000001,2.651320516,159.071740172,4.917723866,55.53716455,19.07932719,5.720813085,0.729534438,5.031384136,0.9057267240000001,46.90431805,100.000000003,216.78088943699998,,,,12.45027171,,,0.609342322,254.7515973,0.470364246,77.19211823,196.6481542,0.13597639,22.31527094,56.84850916,0.003001686,0.492610837,1.254933977,59.55357143,,27.35567716,13.317602086,689.670544967,169.8298688,78.16787732,71.631699786,5.750410144,12752.28586,25.38350826
51,Austria,2015,0.694227579,7.270964615,0.045321313,2003.013411,60.64976658,37.63616724,99.99999568,2.680466021,159.04507995,4.972548831,54.13206114,19.39863784,6.214298599,0.802696121,5.54225017,1.061155563,46.898659785,100.0,253.58808873200002,,,,12.05450963,,,0.5826835,257.521737,0.449938555,77.21834497,198.8540232,0.132164004,22.68195414,58.41096227,0.000580941,0.099700897,0.256751483,60.33129904,,31.999047435999998,15.622609769,690.45433604,201.7960363,79.09661738,78.74781287100001,5.741329689,12916.92228,26.46925529
52,Austria,2016,0.686760674,7.270964615,0.045609829,2066.471337,60.61394615,38.71873932,100.00000416500001,2.746271691,169.938196802,4.938776236,52.81504827,19.47188437,5.44138531,0.711684207,4.944676849,1.099436414,49.812811933000006,99.999999992,253.037613043,,,,11.96263034,,,0.550602972,252.5788848,0.425885386,77.34890808,195.3670094,0.124158314,22.54951752,56.95531988,0.000559272,0.101574403,0.256555495,61.08676599,,31.812876361,15.334853954,694.785243117,200.566083,79.84543421,76.990895391,5.720906929,13079.09965,27.71306736
53,Austria,2017,,,,,58.83252704,38.26280979,99.99999593,2.790377248,174.07779928899998,4.934156475,52.90512637,19.34639572,5.11171454,0.671566507,4.705847049,1.108040505,52.553399432,100.000000001,245.74376144000001,,,,12.20636954,,,0.560426013,254.4443451,0.420184141,74.97584541,190.7717989,0.13942966,24.87922705,63.30378635,0.000812212,0.144927536,0.36875992,57.1547421,,30.371575751,14.774187333999999,700.7268829019999,194.1002241,79.66888754,73.79592778,5.71629136,13137.79362,27.74847791
54,Austria,2018,,,,,54.49702195,40.44680064,99.999999998,2.804774063,172.072224944,5.089141005,53.98400144,19.34036752,5.097472888,0.651211875,4.626424167,0.9814611820000001,50.512407583,100.000000009,223.48572618199998,,,,12.44766056,,,0.557525163,253.1274019,0.436572311,78.30540037,198.2124255,0.120174186,21.55493482,54.56144649,0.000778666,0.139664804,0.353529891,61.05971405,,29.050323294,13.803785271,710.433016364,176.3459873,79.73763875,69.97205175,5.578949245,12775.19056,26.67563104
55,Austria,2019,,,,,55.84482102,39.55679006,99.999999996,2.796172713,164.02811440099998,5.09857279,53.99817108,20.20656192,5.275780225,0.651185565,4.684726889,0.955779468,47.853584268,99.999999997,229.795076359,,,,12.14933778,,,0.580011658,265.2661154,0.437369329,75.40698936,200.0291914,0.141509247,24.39765574,64.71871363,0.001133081,0.195354895,0.51821034,57.22983257,,30.131778180999998,14.368874039,719.4150398019999,177.353926,80.03220612,71.31101021799999,5.575211422,12342.9244,25.795267
56,Austria,2020,,,,,49.79501901,37.77692009,100.000000001,2.43045638,160.523509446,5.087506982,55.14316763,14.18160254,4.620457342,0.530742241,3.857858548,0.7825500070000001,38.180239156,100.00000000700001,223.372811061,,,,10.62976341,,,0.670458748,296.6884333,0.525613194,78.39605279,232.5920207,0.143874141,21.4590594,63.66654714,0.000971413,0.14488781,0.429865373,59.07393577,,17.079183336,14.898278908,726.8798761080001,171.1334042,80.38662908,72.15721031400001,5.2708397,11486.79021,30.67522983
57,Austria,2021,,,,,46.49353459,36.92232025,100.000000003,2.493806526,159.13596703599998,5.01811468,58.11569466,13.58528407,4.738546946,0.549821999,4.042074647,0.7384610189999999,39.520882398,100.0,212.00938801799998,,,,11.49525515,,,0.674610211,292.8020513,0.555101204,82.28473188,240.9313829,0.118447912,17.55797791,51.41011948,0.001061096,0.157290219,0.460548987,65.19216824,,17.634332717,13.736723595,735.160589254,159.3896381,80.67311568,74.127274313,4.880660199,11603.1772,28.29906606
58,Austria,2022,,,,,,,,,161.071255468,4.665755013,58.3122823,16.68624685,4.803385738,0.558282421,4.092082473,0.614999555,32.032047417,100.000000002,210.314733368,,,,11.81000537,,,0.670478919,271.1435088,0.565943687,84.4088711,228.8691748,0.102969999,15.35767884,41.64134927,0.001565233,0.233450058,0.632984679,68.66281048,,27.46199187,14.072800374,732.977130487,163.563734,81.37413863,73.440796358,5.342661608,11622.68558,25.00147086
59,Austria,2023,,,,,,,,,161.465099323,4.771491509,,,,0.60092839,4.401917878,0.633272351,35.783650337,100.000000002,184.976220387,,,,,,,,,,,,,,,,,,,,28.25977143,12.963584427999999,732.519540663,,83.44813614,1.3631581,5.303473116,,
60,Azerbaijan,1994,,,,,2714.207877,9.731525443,97.472728319,0.426303124,,,,,,,14.57240458,,,100.0,15962.152201210001,299.2102082,0.046995017,,,,,,,,,,,,,,,,,,5427.170301889,252.126925627,39.599949975,,,,,,
61,Azerbaijan,1995,,,,,1381.127716,10.31323886,97.17199642,0.434445044,2.551161421,,,,,,12.88248957,,,99.99999998999999,6298.01991812,102.1787998,0.032141161,,,,,,,,,,,,,,,,,,2257.0990753300002,125.90744738800001,39.605197241999996,,60.1507301,,,,
62,Azerbaijan,1996,,,,,851.808655,9.994381114,96.995724337,0.348547855,2.542749679,,,,711.6209662,,9.828674482,,,100.0,4747.4783506799995,56.66601039,0.023186912,,,,,,,,,,,,,,,,,,1751.6826628899998,93.236364638,38.150972564,337.5405352,60.06616257,,,,
63,Azerbaijan,1997,,,,,812.5067031,12.25350516,97.725975218,0.410735304,2.543951356,,,,1018.810097,,7.718559627,,,100.0,4502.263613143,24.22797074,0.012247632,,,,,,,,,,,,,,,,,,1788.070122476,72.310902436,36.554332921000004,149.8676653,60.03778932,,,,
64,Azerbaijan,1998,,,,,674.7798203,11.42737212,98.037843284,0.379163528,2.546574881,,,,1282.937365,,7.506634652,,,100.00000001,4666.70715008,180.3719119,0.101352205,,,,,,,0.261582282,,,,,,,,,,,2035.519380323,68.428200489,38.450271705000006,104.1299192,60.06616257,,,,
65,Azerbaijan,1999,,,,,343.2229475,6.102831095,95.864191369,0.196973349,2.558491022,,,,1398.989899,,6.939964298,,,100.0,6553.71555679,134.6794419,0.07729166,,,,,0.185425552,,0.158936187,85.71428571,,0.026489365,14.28571429,,,,,,,2035.377815678,75.141742473,43.123359742000005,86.43931763,60.01890359,,,,
66,Azerbaijan,2000,,,,,447.5735507,8.642444391,97.250712323,0.293204284,25.270867382,,,,1281.72043,,7.405014537,,,100.0,6079.451391876,170.6932664,0.111820689,,,,,0.614654204,,0.08477989,13.79310345,,0.529874314,86.20689655,,,,,,,1829.556013113,69.466659295,45.507417439,88.19152095,61.43667297,,,,
67,Azerbaijan,2001,,,,,456.051524,10.0757077,97.148639555,0.320910346,2.561619292,,,,866.8010544,,6.891705296,,,100.0,6449.2764905799995,162.940178,0.114656278,,,,,0.884189932,,0.131687862,14.89361702,,0.752502069,85.10638298,,,,,24.52830189,,1748.460906643,66.791281406,46.999087686,112.9893772,60.01890359,,,,
68,Azerbaijan,2002,,,,,469.3799421,11.47213896,100.000000003,0.358187948,2.568447554,,,,,,7.856142047,,,100.0,6582.3246434600005,,,,,,,1.088659794,,0.379381443,34.84848485,,0.709278351,65.15151515,,,,,24.56140351,,1633.648487252,62.3454987,47.576404652,,59.84919887,,,,
69,Azerbaijan,2003,,,,,432.7225469,11.31296103,99.999999996,0.382393704,2.567390989,,,,,,8.792703513,3.023467711,2.671815985,100.00000001,6162.969105393,137.4303505,0.121446181,,,,,0.601693137,,0.069964318,11.62790698,,0.531728818,88.37209302,,,,,33.33333333,,1445.174096371,60.435546360000004,53.406443932,,59.84919887,,,,
70,Azerbaijan,2004,0.481550593,4.838397523,0.123458054,129.0153494,436.2141801,13.81710171,99.345863405,0.455849997,2.566769886,,,,,,9.763438271,3.590269963,3.751881057,100.00000001000001,5367.970391218,141.6984455,0.148076807,,,,262.2802686,0.79716771,,0.105507491,13.23529412,,0.691660219,86.76470588,,,,,41.58415842,,1275.171614112,55.078761783000004,57.558056947,,59.84919887,,,,
71,Azerbaijan,2005,0.357489707,3.629324946,0.085404528,134.7997164,318.0575929,14.51766493,100.00002373400001,0.502011714,25.309702391000002,,,,,,12.69088461,3.796406068,5.992123311,100.0,4011.039925794,105.6968976,0.16682853,,,,,0.958275105,,0.183669395,19.16666667,,0.77460571,80.83333333,,,,,28.67647059,,888.694554676,38.484542401999995,60.742744444,,59.84919887,,,,
72,Azerbaijan,2006,0.353583867,3.63033508,0.05189232,128.3274894,230.8111368,16.47440204,99.884262673,0.570786076,2.567857013,,,,,,12.10435439,3.4351464210000002,8.494970269,100.0,4132.772727391,69.1070857,0.170898869,,,,,1.626996405,42.51284465,0.069347388,4.262295082,1.812022887,1.557649017,95.73770492,40.70082176,,,,17.28045326,,607.725490698,28.406586729999997,70.24827480399999,,59.84919887,,,,
73,Azerbaijan,2007,0.34959738,3.630686563,0.030918425,119.0770629,114.3223155,14.18264135,99.999999996,0.440293079,2.540270365,,,,,,12.90014333,2.218526112,8.544276509,100.0,4731.783483666,42.05822746,0.16198012,,,,,1.56555773,59.06425837,0.014104124,0.900900901,0.532110436,1.551453606,99.0990991,58.53214793,,,,8.751555371,,423.681896394,20.14271389,77.57624136199999,,60.55264412,,,,
74,Azerbaijan,2008,0.342332884,3.630774444,0.02075681,115.7081726,97.69554057,16.60809215,99.999979044,0.544600954,25.416752389,,,,,,12.00447315,1.6360058000000002,9.119862154000002,100.0,3637.840847792,30.09132177,0.167743113,,,99.86157896,37.93712337,4.033664531,187.9666295,0.032388906,0.802964793,1.509305857,4.001275625,99.19703521,186.4573236,,,,2.931399214,0.052585752,308.912112026,14.979132447000001,83.50069608000001,,60.54975942,,,,
75,Azerbaijan,2009,0.335298818,3.630994166,0.025828975,127.8637453,95.91770043,17.39679754,99.99999999500001,0.474830738,2.516278957,,,,,,10.39426335,1.417714132,7.018251320999999,100.0,4424.453578922999,29.35038973,0.145296154,,,,,4.008258079,162.2711376,0.008426611,0.210231254,0.341144648,3.999831468,99.78976875,161.929993,,,,2.532511978,,368.366345015,17.862127909999998,88.424668914,,60.17316017,,,,
76,Azerbaijan,2010,0.441777483,4.839334108,0.031671872,185.0641218,93.5942635,21.12728446,99.99999999799999,0.54688717,25.474375726,,,,,,10.21610429,0.949570958,5.548504296,99.99999998999999,3696.378711928,28.35217238,0.165666556,,,99.98802613,66.40987473,3.883197928,185.298021,0.007064641,0.181928441,0.337109802,3.876133286,99.81807156,184.9609112,,,,2.023809524,0.007952784,331.735475596,16.007542012,93.53478533900001,,60.17026598,24.40322496,,,
77,Azerbaijan,2011,0.436058459,4.839217015,0.028245065,203.0768939,87.89163111,21.98881323,100.0,0.631924581,25.484889544999998,,,,56.74044041,,11.07588486,0.88049337,6.330587691,100.00000001000001,2779.6363752909997,26.53412887,0.190775576,,,,,3.300564494,190.2864323,0.005760147,0.17452007,0.332088015,3.294804347,99.82547993,189.9543443,,,,2.183206977,,286.952933618,13.680769413,98.362251639,271.4987229,60.16447843,24.43906036,,,
78,Azerbaijan,2012,0.430302597,4.839217015,0.03019536,226.3403496,91.87357845,22.22863861,100.000000003,0.68867166,25.481018167,,,,64.48585231,,12.56483584,1.230382726,9.222783145000001,100.0,2588.8660687310003,27.8415836,0.20869676,,,,,2.743694708,162.918175,0.005480083,0.199733688,0.32540248,2.738214626,99.80026631,162.5927725,,,,2.870472364,,296.018606648,14.329905214,107.415038892,259.9384963,59.95841594,24.42876698,,,
79,Azerbaijan,2013,0.424772701,4.83915847,0.029559364,232.7902013,98.34222783,24.83880572,100.00000000499999,0.774478934,25.490388218,,,,,,12.36088561,1.192830797,9.393954486,100.0,2451.663278921,28.99115104,0.228315327,,,99.53940409,57.55628844,3.434051769,215.4464358,0.006874979,0.2002002,0.431324196,3.42717679,99.7997998,215.0151116,,,,2.077297058,0.266328611,303.26971196700003,14.584935686,114.86140570900001,,59.42652676,24.44479528,,,
80,Azerbaijan,2014,0.419503603,4.838924307,0.029315525,231.3238307,100.3746192,24.59445652,100.000000003,0.792039584,25.504034457,,,,,,11.78805126,0.563093764,4.443277291999999,99.99999998999999,2491.1419783069996,30.30315535,0.239117054,,,,,2.499402685,153.3914753,0.006778041,0.271186441,0.415976882,2.492624644,99.72881356,152.9754984,,,,2.795215754,,313.740930326,15.071088244,118.923398568,,59.52380952,24.5004207,,,
81,Azerbaijan,2015,0.414536081,4.838924307,0.041755147,229.6743373,128.1081966,22.26430192,100.00000000200001,0.704659728,25.505728081,,,,,,9.264881405,0.42631132099999997,2.344926975,100.0,3504.4863247800004,45.2179772,0.248721648,,,,,1.826038985,100.4413587,0.003677823,0.201409869,0.202298809,1.822361162,99.79859013,100.2390599,,,,3.571081055,,458.24280771300005,22.118825729,121.664681588,,59.62859077,24.5004207,,,
82,Azerbaijan,2016,0.409927963,4.838514576,0.064186896,249.0891401,169.1971588,20.53244129,100.00000000899999,0.65660109,25.511068098,,,,,,7.778383105,0.159241569,0.6179664050000001,100.00000001000001,4804.74304726,63.37972899,0.245956778,,,,,1.458000966,86.64898781,0.003309877,0.227014756,0.196705988,1.454691089,99.77298524,86.45228182,,,,5.198446937,,657.009102535,30.930126402,120.030084622,,59.30568949,24.5004207,,,
83,Azerbaijan,2017,,,,,188.9608615,25.03083964,99.999999995,0.783658224,25.583702307000003,,,,,,7.611096898,0.19355646699999998,0.80271702,100.0,4493.980490012,63.62159465,0.263851359,,,,,1.541134355,101.7130959,0.002843421,0.184501845,0.187662538,1.538290933,99.81549815,101.5254333,,,,6.043765196,,620.441004133,28.90627577,119.880053152,,57.4108818,24.5004207,,,
84,Azerbaijan,2018,,,,,180.6333721,27.10311692,100.00001175099999,0.856165197,25.781051126,,,,,,7.263748833,0.46382624299999997,2.19844099,100.0,3945.611189511,55.18708735,0.261575443,,,,,1.751735504,127.1960782,0.008739949,0.498930862,0.63462049,1.742995555,99.50106914,126.5614577,,,,4.527424429,,546.443001511,25.568220024,121.188103809,,54.80363982,24.97392574,,,
85,Azerbaijan,2019,,,,,174.7569619,25.36480052,99.98895327000001,0.839838919,25.789278193,,,,32.78099421,,8.190111951,0.946896193,4.5505499,100.0,3744.5708665999996,58.12235488,0.279321723,,,,,1.963461064,142.4221319,0.001221058,0.062189055,0.088570978,1.962240006,99.93781095,142.3335609,,,,4.544104544,,550.015690331,26.185615448,125.84161882699999,519.8837064,54.62948684,24.97392574,,,
86,Azerbaijan,2020,,,,,160.4747382,21.43529794,99.990950422,0.678793804,25.974856615,,,,26.72913706,,6.895785753,1.207645281,5.108231635999999,100.0,3526.9570654999998,58.55760898,0.247693454,,,,,2.025404358,127.5248551,0.001377826,0.068027211,0.086751602,2.024026531,99.93197279,127.4381035,,,,7.271809115,,401.624277164,30.447450404,128.789994714,609.912632,52.20661135,25.02600374,,,
87,Azerbaijan,2021,,,,,140.2476288,22.63509811,100.00001301,0.758465537,25.85220811,,,,25.48000577,,6.964069937,1.581547629,8.553081304,100.0,2834.4470016100004,51.07120786,0.276195408,,,,,2.608279544,203.8387859,0.0,0.0,0.0,2.608279544,100.0,203.8387859,,,,4.280033075,,310.022340144,25.544742025999998,138.147123375,505.3860812,54.09449003,25.02600374,,,
88,Azerbaijan,2022,,,,,,,,,25.473224437,,,,28.64306075,,8.223427974,0.901754611,7.007169171999999,100.0,2228.2659080199996,41.87420273,0.325387438,,,,,3.149149043,343.3361066,0.0,0.0,0.0,3.149149043,100.0,343.3361066,,,,2.588257025,,270.44390385400004,18.720090739000003,145.466228894,369.4700487,54.12561634,25.41234933,,,
89,Azerbaijan,2023,,,,,,,,,25.749546276,,,,28.02978571,,8.524057471,1.207941108,8.642919617999999,100.0,2498.39072222,46.98976875,0.336215724,,,,,,,,,,,,,,,,,,358.76688444900003,21.610857238,154.627490272,425.0224583,53.86055218,26.30451815,,,
90,Belgium,1994,,,,,91.10055086,19.96915462,99.998632901,2.205505989,482.00462355,,,,21.35015773,,16.72663508,1.723044096,41.714171661,100.000000004,501.608678586,27.84032864,0.674002627,,,,,,,,,,,,,,,,,,441.574631721,18.174227009,439.990379235,323.6087548,69.58186101,20.744274137,,,
91,Belgium,1995,,,,,77.97493588,20.1763767,99.998646424,2.215595023,483.95970937,,64.14821982,9.163011667,18.75155744,,14.84687837,1.354594734,38.489718312,100.0,429.298656307,23.72442849,0.674110526,,11.63972367,,,0.465107219,151.5269447,0.317356101,68.2328907,103.3912146,0.076013437,16.34320735,24.76436277,0.071737681,15.42390194,23.37136737,26.60550459,,385.342717739,15.719722572,446.66325529299996,278.6521874,70.39786223,20.745940286,6.439506532,,26.68876851
92,Belgium,1996,,,,,82.02703762,19.66824993,99.998672582,2.25484016,487.05416119,,63.99017996,8.833532287,16.65438467,,13.35087589,1.536868423,42.24695635,100.0,412.180111583,24.9204264,0.685037282,,11.99186479,,,0.383130856,126.7971933,0.250598379,65.40803898,82.93555759,0.07419952,19.36662607,24.55633828,0.058332956,15.22533496,19.30529739,28.37837838,,397.17369515400003,16.497763365,453.50680547199994,291.6234399,73.136094676,20.745315749,6.100396143,,27.17628775
93,Belgium,1997,,,,,91.97938346,20.48389041,99.99869211,2.282984743,489.8811096,,64.21016944,9.558449599,16.43373494,,13.39718276,0.070018471,1.737901406,100.0,483.891185558,27.81379481,0.690355453,,11.84669263,,,0.432393357,145.8071195,0.283353748,65.53147575,95.54955714,0.068272635,15.78947368,23.02217676,0.080766974,18.67905057,27.23538558,28.16901408,,452.424709636,18.583002664,461.241527965,328.4465399,75.336060783,20.744027495,6.075789606,,26.23138096
94,Belgium,1998,,,,,92.70934665,20.61933791,99.998723267,2.349058827,493.13077938,,60.85125896,10.35100884,17.42767515,,14.70154684,1.901253146,48.173734649000004,100.0,446.719080147,,,,12.03486841,,,0.394628581,138.9415447,0.273832686,69.38997821,96.41150762,0.065341551,16.5577342,23.00557168,0.055454343,14.05228758,19.52446544,25.49019608,,464.43028814499996,18.528086486,469.46253492600005,332.9302106,78.21325648,20.740486800000003,6.265493274,,28.7977322
95,Belgium,1999,,,,,93.67395425,21.52186799,99.998743327,2.365529811,495.2245707,,60.71125556,10.00770124,15.67725283,,13.66069589,2.085254039,52.658511249,99.99999998999999,484.57486126,,,,12.50692802,,,0.439111278,159.7233116,0.315301707,71.80451128,114.6885433,0.06644447,15.13157895,24.168659,0.057365101,13.06390977,20.86610932,26.48401826,,479.48112871,18.988610425999997,479.515654484,345.0589174,79.838709676,20.73906692,6.129641674,,29.28104319
96,Belgium,2000,,,,,103.3875613,21.47404008,99.99875415300001,2.388137544,497.33157199000004,,62.15971506,9.97949296,16.3260773,,14.33971467,2.377592415,54.919741493000004,100.0,575.548176559,,,,12.81253073,,,0.512137623,188.4129254,0.39473212,77.07539985,145.2200156,0.058117674,11.34805788,21.38120783,0.059287828,11.57654227,21.81170195,28.36538462,,537.034533937,21.183840127,489.323155673,380.248565,79.976951883,20.742110235,6.025008595,,27.86079198
97,Belgium,2001,,,,,106.8580836,21.92549056,99.998798334,2.45934641,500.89167771999996,,63.56176602,9.915861454,16.24576364,,14.44602039,2.228695073,51.293579882,100.00000001,590.847083429,,,,12.5152557,,,0.437324016,163.4976105,0.323831624,74.04844291,121.0674348,0.055611272,12.71626298,20.79078612,0.05788112,13.23529412,21.63938963,29.66507177,,547.06056961,21.520847492999998,495.303876757,386.3631836,80.254777074,20.750121442,6.023077293,,26.52237253
98,Belgium,2002,,,,,97.68366901,23.40118067,99.998791591,2.442696524,503.75165124999995,,62.74620213,9.247064542,14.5986189,,13.09424323,1.935544683,48.400600615,100.0,548.004694703,,,,12.38737862,,,0.502825374,190.0494039,0.383889241,76.34643377,145.0959422,0.062944661,12.51819505,23.79075507,0.055991472,11.13537118,21.16270654,28.33333333,,511.728850421,19.949246122999998,498.85466504000004,358.691498,83.3996589,20.747158059,5.742337178,,28.00673333
99,Belgium,2003,,,,,81.37139478,22.99282935,99.998825478,2.494457135,506.14266838,,63.56263999,9.18018762,13.06403094,,11.71920213,1.544108829,47.334975367,100.0,427.293570118,,,,12.09825289,,,0.461237225,177.8840937,0.341038164,73.93986122,131.527252,0.065789427,14.26368543,25.37282755,0.054409634,11.79645335,20.98401413,28.29457364,,418.123924325,16.354756901,501.35845404099996,292.6284826,87.105935811,20.743426893,5.91846928,,27.25717239
100,Belgium,2004,0.383835276,13.21003963,0.031584595,1119.023001,73.04209472,24.40258308,99.998865329,2.58783816,508.92668423,,63.16100128,9.059940526,12.29906937,,11.16001066,1.409952558,49.953762241,100.0,357.06867935599996,,,,12.32202835,,41.98948733,0.432922747,171.2854125,0.328819145,75.95330739,130.0969359,0.052557158,12.14007782,20.79418238,0.051546444,11.90661479,20.39429426,33.0472103,,366.939126145,14.245706159000001,504.716711811,256.1112498,87.386877828,20.748902485,5.804254104,,27.7790582
101,Belgium,2005,0.381729765,13.21003963,0.029315843,1079.107672,67.89321427,24.24173639,99.998831499,2.49912894,511.61162481,,64.37299555,9.27260477,11.91278702,,10.79340909,1.3395724690000002,49.309274304999995,100.00000001000001,323.952081553,,,,12.33753884,,,0.406572473,162.4601027,0.305939518,75.24845824,122.2487225,0.050316478,12.37577088,20.10569008,0.050316478,12.37577088,20.10569008,33.89830508,,352.885918006,13.810816303,508.37214492100003,246.1403778,87.95146727,20.744919804000002,6.077368423,,26.35439968
102,Belgium,2006,0.379220319,13.21003963,0.028819513,1115.461969,65.14889621,25.33847175,99.998857041,2.521594985,514.58388377,,61.97609465,9.470465867,11.47064924,,10.48544183,1.38103515,53.453094904,100.0,306.271682242,16.10004601,0.62315379,,12.61704575,,,0.387342033,153.7422728,0.285543333,73.71865398,113.3367341,0.051975771,13.41857244,20.63001825,0.049822929,12.86277358,19.77552045,38.0952381,,337.041937163,13.223183580999999,511.804559682,236.1731988,88.00561798000001,20.749264393,6.155106533,,28.55343948
103,Belgium,2007,0.470557234,16.51254954,0.026883089,1191.436705,58.2449172,27.20606581,99.998888031,2.581366122,517.35799205,,62.0189346,9.647674573,11.07399534,,10.29579228,1.2042259670000002,53.37031913,99.99999999,259.535730878,,,,12.31069132,,,0.338962962,135.104529,0.238852054,70.46553196,95.20212504,0.048309333,14.25209795,19.2552298,0.051801574,15.28237009,20.64717413,36.15384615,,298.87317697,11.638095433,515.790959657,209.7797789,87.920403592,20.744931019,6.110495194,,28.33339083
104,Belgium,2008,0.466854585,16.51254954,0.028446095,1374.0424,53.16288569,26.52587781,99.99889101800001,2.567948024,518.85072651,6.367700396,62.79150599,9.453600936,10.05540735,,9.150349865,1.117651033,53.986317235,100.0,222.34195051900002,,,,12.36775576,99.98101818,42.85609562,0.377225818,148.3357628,0.279427169,74.07424298,109.8785933,0.04435055,11.75702935,17.43987916,0.053448099,14.16872767,21.01729027,39.53488372,0.008136411,272.616059805,10.793849702,521.379372318,188.3911741,89.211500138,1.147823822,6.238852935,,27.75489307
105,Belgium,2009,0.463113346,16.51254954,0.029252335,1309.342487,55.15920936,27.407204,99.98701601399999,2.468942276,519.9801849500001,6.030719117,61.60749084,10.0951648,9.73226102,,8.854727179,1.05886352,47.39501984899999,100.0,212.60352803,,,,11.82558199,,,0.510087453,198.0587784,0.405317324,79.46035949,157.3782173,0.050509015,9.902030549,19.61184074,0.054261114,10.63760996,21.06872034,38.81118881,,292.789852554,11.712236932,524.242918531,203.2678592,89.882615985,1.145757513,6.152914888,,28.29734436
106,Belgium,2010,0.45890143,16.51254954,0.031736135,1402.25941,53.6521242,24.72897911,99.987823882,2.370616229,524.41215319,5.947123069,61.50933078,9.590995055,8.613700851,,7.801324316,1.20982082,53.455867353,100.0,213.778329968,,,,12.21242218,99.99208653,56.25727677,0.517284396,208.6008196,0.379045738,73.27608201,152.8545077,0.095830783,18.52574394,38.64485371,0.042407875,8.198174045,17.10145825,34.58646617,0.004452254,284.955504082,11.96063004,528.479789854,204.97657,89.838079281,1.13588042,6.029825107,,28.89967416
107,Belgium,2011,0.452969779,16.51254954,0.030790846,1459.811253,48.62338826,27.10684607,99.996321635,2.305262404,502.8269485,6.035338275,62.05338309,9.806761394,8.870158539,,8.008505685,1.166183237,55.28940058,100.0,195.38959783,,,,12.32069396,,,0.450854116,178.7826479,0.344462026,76.40210301,136.5937028,0.065963096,14.63069613,26.15714596,0.040428994,8.967200856,16.03179913,38.61386139,,264.940982305,11.281435877,534.859195279,190.434232,,1.157918243,5.881642142,,28.13985552
108,Belgium,2012,0.450169318,16.51254954,0.033152365,1480.934969,49.74115439,26.59899035,100.01273540999999,2.221965256,514.68956409,5.632308406,64.72072389,9.885295348,8.337534026,,7.445800514,1.0492570749999999,46.870909086,,88.47049968900001,,,,11.78075924,,,0.527852195,209.7080776,0.345292333,65.4145869,137.1796726,0.143199438,27.12869992,56.89107508,0.039360424,7.45671318,15.63732986,20.77363897,,279.979200588,11.988109555000001,535.515658189,199.9181879,90.924276171,1.157918243,5.792051936,,25.39398076
109,Belgium,2013,0.448052482,16.51254954,0.031975363,1495.102742,46.35381272,25.71044208,100.01597139200001,2.167409344,502.8269485,5.336843035,64.30481976,9.982484599,7.817456257,1.131789142,6.846241919,1.100593704,51.461515827,,85.70635063099999,,,,11.72150873,99.98229506,56.35497811,0.497552967,199.7457908,0.30563686,61.42800476,122.6998539,0.149409489,30.02886102,59.9813859,0.042506618,8.543134225,17.06455101,20.02724796,0.009979384,253.232608543,12.936928197,604.904364555,187.2971769,,1.157918243,5.612717958,14477.71635,25.71269565
110,Belgium,2014,0.446067854,16.51254954,0.033749619,1612.019637,45.66103375,27.8481569,99.996040331,2.180956882,514.8183619700001,5.42582342,64.12018836,10.13090249,7.510610628,1.090040411,6.646411023,1.068360702,51.029270351,,81.912766647,,,,11.58933103,,,0.403961595,163.763404,0.274930393,68.05854737,111.4549939,0.103473098,25.61458797,41.94732117,0.025558103,6.326864655,10.36108892,33.06581059,,252.08623516099996,12.765656174,609.739873709,185.2723005,90.85651336000001,1.157918243,5.657271174,14513.33939,25.74890915
111,Belgium,2015,0.443490605,16.51254954,0.041418574,1698.505951,56.4365483,28.11270789,99.99596054899999,2.314366718,514.73910174,5.468376679,63.49106006,10.16839727,7.596375273,1.098955934,6.758796814,1.297048618,53.189779566,,103.783839705,,,,10.89095326,,,0.497957026,204.2036948,0.241418411,48.48177625,99.00157843,0.186704436,37.49408613,76.56430923,0.069834179,14.02413762,28.63780718,37.00404858,,286.770947316,14.997441514,615.019820481,216.9656811,91.461047963,1.157918243,5.781066593,14466.84629,26.34054267
112,Belgium,2016,0.441250886,16.51254954,0.041425425,1740.390747,54.17606524,28.10647079,99.982094676,2.276078589,514.72258919,5.503742021,61.13251354,10.32203973,6.590077507,0.949534508,5.912761876,1.367290319,57.443452372,,99.598361042,,,,11.0447808,,,0.463648413,192.1753176,0.222998477,48.09646073,92.42952615,0.188334733,40.62016117,78.06192372,0.052315204,11.2833781,21.6838677,39.46188341,,272.101825434,14.821762233,622.701104933,213.5600788,91.532481956,1.157918243,5.615048474,14408.54842,28.54544673
113,Belgium,2017,,,,,50.12327033,27.89322753,99.97338117599999,2.215372481,514.73249672,5.596433635,61.53717142,10.28994281,5.902595686,0.849341231,5.353771789,1.321410079,58.40428765800001,,93.266527071,,,,11.16847743,,,0.398471093,168.0990521,0.197730548,49.62230658,83.41462699,0.147378014,36.98587343,62.17290264,0.053362532,13.39181999,22.51152246,37.69315752,,20.249397154,14.261674878,630.344035642,205.2152838,91.622746189,1.157918243,5.626837251,14389.28356,28.17288577
114,Belgium,2018,,,,,46.53363044,27.77198373,99.991634262,2.212440582,514.73910174,5.414129943,62.19749881,10.17807913,,0.829898096,5.285701809,1.239323433,58.92358608000001,,77.19107655799999,,,,11.23188246,,,0.392130608,166.0283096,0.201282119,51.33037694,85.22295715,0.148027131,37.74944568,62.67476654,0.042821358,10.92017738,18.13058592,24.08026756,,19.351484773,13.39594581,636.9097407229999,,91.655115053,1.157918243,5.681889075,,27.62442206
115,Belgium,2019,,,,,46.57825898,27.68381217,99.993437415,2.172489725,514.76221931,5.71654741,62.33148961,9.907686439,,0.875739619,5.605371408,1.2651111519999998,59.006978866,,82.015709899,,,,11.22517797,,,0.382513273,163.5737195,0.18780963,49.09885309,80.31282024,0.153548474,40.14199891,65.66176071,0.041155169,10.75914801,17.59913858,22.46835443,,20.272381577999997,13.723178124999999,640.072835034,,91.615938018,1.157918243,5.603808306,,27.76082396
116,Belgium,2020,,,,,39.53363178,25.15269085,99.984939972,1.799488049,514.76552182,5.360591815,63.10675646,6.646184287,,0.675127909,4.324613272,1.0373677479999999,47.291509445,,82.04806328699999,,,,10.1160152,,,0.404801245,163.1120557,0.218930545,54.08346636,88.21665379,0.131803172,32.55997187,53.10923945,0.054067528,13.35656177,21.78616248,20.34120735,,14.068849473999999,14.051114756999999,640.5620645079999,,91.56293222800001,1.157918243,5.399611335,,30.24705925
117,Belgium,2021,,,,,38.56837275,26.54526929,99.993399694,1.9773383,514.75561429,5.625605208,66.98442784,6.815998622,,0.689813935,4.453576001,0.8327811660000001,43.191228867,,76.894761796,,,,9.815785679,,,0.592499701,248.0787448,0.223843326,37.77948345,93.72286834,0.258039779,43.55103961,108.0408724,0.110616595,18.66947694,46.31500404,27.52902156,,11.608173322,12.448362849,645.61989501,,92.41417497100001,1.157918243,5.472465913,,26.19957354
118,Belgium,2022,,,,,,,,,514.77873186,5.558310915,68.2364628,9.208414492,,0.718534668,4.620987464,0.7978340740000001,39.845491291,,70.498672,,,,9.611150882,,,,,,,,,,,,,,,,16.593164,12.877170844000002,643.112666356,,93.838076813,1.157918243,5.390518727,,22.55512271
119,Belgium,2023,,,,,,,,,11.98480845,5.415711679,,,,,4.237649409,0.812652284,43.456798645000006,,10.99465527,,,,,,,,,,,,,,,,,,,,16.51491809,10.510700626,562.062532472,,93.855056485,,5.492257429,,
120,Bulgaria,1994,,,,,405.3363346,7.527357769,99.92133210899999,0.466096949,3.878694748,,,,,,16.46219008,0.180549661,0.207613088,100.0,5570.868555419,202.8995053,0.233313054,,,,,,,,,,,,,,,,,,2126.509296896,169.776624524,195.225230604,,61.64064321,,,,
121,Bulgaria,1995,,,,,220.6526099,7.923139554,99.926119148,0.498512681,3.880502576,,46.75708572,42.369443,,,15.03675857,0.069294215,0.156553594,99.999999994,2981.857486114,124.266221,0.280749606,,11.5144817,,,,,0.313558997,,,,,,,,,,,247.15617782200002,90.027665142,203.395833079,,61.86815747,,4.647934529,,10.87347128
122,Bulgaria,1996,,,,,337.0110684,7.768076494,99.925305541,0.495472105,3.880502576,,46.74490587,42.3844095,,,12.12508786,0.012850789,0.018893135,99.99999999500001,3914.765161284,148.8414179,0.21882555,,10.73228765,,,,,0.274330987,,,,,,,,,,,412.015672056,144.012123898,211.725557836,,63.1260191,,5.548987749,,10.87068463
123,Bulgaria,1997,,,,,378.1725215,8.322273945,100.0,0.514847569,3.878694748,,46.73812808,42.3926287,,,11.00809089,0.003092931,0.004210745,99.999999995,3979.594652806,110.4618177,0.150383755,,11.57100087,,,,,0.136609459,,,,,,,,,,,520.206383635,158.53550776900002,215.831728022,,63.17874621,,6.479161805,,10.86924322
124,Bulgaria,1998,,,,,360.7000979,10.98411891,100.00000000200001,0.656635887,3.877790834,,46.74783953,42.38065885,,,12.14758382,0.013438844,0.024464725,100.000000008,2990.368930308,103.7851299,0.188935501,,11.75306641,,,,,0.170067783,,,,,,,,,,,315.402191395,124.581008747,226.793330943,,63.12354312,,6.12200379,,10.87150163
125,Bulgaria,1999,,,,,414.4196797,13.07729244,99.89045349099999,0.688313215,3.877790834,,45.530288,43.88140138,,,12.75177136,0.016792428,0.027890694,99.99999999399999,2712.1898243690002,118.0603037,0.196087411,,12.05640788,,,,,0.167711965,,,,,,,,,,,280.098781896,143.045163794,237.584987414,,63.12354312,,7.281205927,,10.58831062
126,Bulgaria,2000,,,,,410.028385,12.86743444,100.00001841,0.664763484,3.904908253,,42.03757113,48.18633864,,,12.38652014,0.081081141,0.131453781,100.000000005,1920.728799611,104.1824712,0.168907093,,13.62883574,,,,,0.54044675,,,,,,,,,,,262.157466053,155.34814369999998,251.860058787,,63.51851852,,8.300108138,,9.776090226
127,Bulgaria,2001,,,,,395.0831727,12.46428854,100.000017849,0.699655469,3.904908253,,44.97731297,47.88248753,,,12.62307498,0.092361193,0.163563088,99.999999995,1925.51266807,97.29652424,0.172303101,,14.66126488,,,,,0.487306033,,,,,,,,,,,210.82563129800002,151.81007465399998,268.841531384,,65.90277778,,9.329416131,,7.140199498
128,Bulgaria,2002,,,,,355.3949531,13.75384576,99.999982845,0.743835555,21.68933824,,49.75556182,42.11880266,,,12.23657393,0.07736369,0.161920879,100.000000009,1742.117576493,87.17894149,0.182464033,,15.37540647,,,,,0.290589207,,,,,,2.650525796,,,,,158.389066236,136.70670031699999,286.12478418999996,,65.93330245,1.701244813,9.701182167,,8.125635526
129,Bulgaria,2003,,,,,303.5938292,13.75791321,100.000000005,0.825621868,21.679691094,,50.19486903,40.20028846,,,12.3467476,0.05679841,0.154462957,100.000000004,1498.070037022,79.92449078,0.217354203,,16.07654091,,,,,0.139200076,,5.783338283,,,,0.204705994,,8.504909239,,,119.05017512799999,112.496652913,305.93401405000003,,66.51992586,1.702569426,9.669207599,,9.604842515
130,Bulgaria,2004,0.388759159,2.758367047,0.054207352,183.7459796,265.6873162,15.16700059,99.999999999,0.900597004,21.639389481000002,,52.0140343,36.13873631,,,12.21999622,0.074547715,0.252693453,100.000000004,1435.38979918,67.28409157,0.22807204,,16.05962601,98.8026971,67.93550395,,,0.148053592,,6.771683758,,,,0.121355403,,5.550560457,,0.823250565,91.922160218,100.708610941,341.37071296799996,,67.01103545,1.717161237,9.178581556,,11.84722939
131,Bulgaria,2005,0.391697476,2.761413844,0.056915179,221.9592917,259.9345334,16.74423995,100.000000003,1.013699228,21.577687773,,46.85457881,36.78146159,,,12.49514948,0.17315809799999998,0.675286448,99.99999999699999,1434.249412913,63.27703136,0.24676941,,15.58865389,,,1.675980981,81.33923924,0.189292268,11.29441624,9.18679225,1.13149985,67.51269036,54.91430873,0.355188863,21.1928934,17.23813827,,,80.005392758,91.92257693600001,358.48205219600004,,69.33076553,1.716092908,7.349335897,,16.3639596
132,Bulgaria,2006,0.394683768,2.761668048,0.059023134,266.9702837,238.2181049,17.2768833,99.99999999799999,1.077495632,21.650556932,,46.09344327,34.80275365,,,13.72183898,0.162766512,0.7362167869999999,100.000000003,1218.636597049,58.75417332,0.265753737,,17.09265678,,,1.796359066,94.45596368,0.14363411,7.995846314,7.55255369,0.934554405,52.02492212,49.14064154,0.718170551,39.97923157,37.76276845,30.60941828,,70.470350317,54.814502388,247.934027791,,70.23637241,2.033758323,7.739714092,,19.10380307
133,Bulgaria,2007,0.397596503,2.762176595,0.0519189,305.7281198,178.3658287,15.6559993,100.00001262,1.050319813,21.699659328,,45.33521297,32.81361941,,,13.33273606,0.14451538,0.850989048,99.999999997,990.180220859,43.66295544,0.257112405,,16.98971455,,,2.042696998,120.2612173,0.137019768,6.707787201,8.066866545,0.656749921,32.15111796,38.66532585,1.248927308,61.14109483,73.52902494,50.94117647,,54.575435984,49.906983129,293.880804251,,67.72869901,2.151866152,7.772940515,,21.85116761
134,Bulgaria,2008,0.400397141,2.762176595,0.047873151,348.1002023,152.4411643,17.25223424,100.000000004,1.108446231,21.709787313,5.692335612,45.2058186,30.88886886,,,14.16071221,0.14071042,1.0231481599999999,99.999999998,821.25029578,38.54577143,0.280277998,,15.81504383,96.79226753,60.40826917,0.879925829,53.24796895,0.192183488,21.84087363,11.62982161,0.687742341,78.15912637,41.61814734,0.0,0.0,0.0,45.3653217,2.00195296,42.878930958000005,46.325409410999995,336.846106426,,68.21911197,2.15075894,6.820135079,,23.90531254
135,Bulgaria,2009,0.537313537,3.684598379,0.046723902,326.5193917,153.3440449,19.02821537,100.00001253800001,1.071610327,21.725313187999998,5.803794309,45.82967375,31.61603231,,,12.10298742,0.091016033,0.6360449,100.0,888.7034185780001,39.59726032,0.276716472,,16.3513162,,,0.482362576,27.44568297,0.132547224,27.47875354,7.541731582,0.349815353,72.52124646,19.90395139,0.0,0.0,0.0,37.25490196,,41.227248185,51.363317111,358.94089058699996,,68.26506024,21.15770517,6.554706162,,22.55429394
136,Bulgaria,2010,0.540862207,3.684598379,0.051796156,355.0081609,153.1085767,17.66293518,100.000012887,1.049259431,21.696757549,5.782021732,46.79779292,30.48308797,,,10.49272682,0.067667473,0.463789343,99.99999999900001,976.42653893,39.4562523,0.270431104,,15.98963843,97.8199912,77.13005486,1.307292547,77.67479604,0.339174981,25.94484168,20.15260286,0.968117565,74.05515832,57.52219319,0.0,0.0,0.0,22.87234043,1.718914472,41.444883711,54.853620739,375.963867161,,67.95998048,22.47635691,6.295535173,,22.71911911
137,Bulgaria,2011,0.544341516,3.684598379,0.049143853,385.7586379,137.57297,16.24391263,100.000012598,1.079864971,21.72439204,5.90264731,46.67987302,32.81767978,,,8.940809392,0.049669483,0.38988460999999996,99.99999999799999,915.6226611640001,35.36675226,0.277614173,,15.39814922,,,1.450823923,93.41443379,0.216945633,14.95327103,13.96851346,1.233878289,85.04672897,79.44592033,0.0,0.0,0.0,13.4083045,,35.86835107,49.976462898,392.294274311,,70.2848723,22.586100863000002,5.929687801,,20.50244719
138,Bulgaria,2012,0.547503603,3.684598379,0.048881494,363.2852023,151.2356557,18.64583342,99.999987825,1.124018874,21.80545321,6.045113821,50.86717351,30.15848938,,,8.226241629,0.052249614,0.38831693,99.999999998,1077.994694767,40.70202559,0.30249574,,15.93510559,,,1.656526081,109.8946291,0.269835877,16.28926224,17.90102432,1.386690204,83.71073776,91.99360479,0.0,0.0,0.0,15.98240469,,34.568599823,55.353926027,411.388047552,,70.31941032,22.584430157,5.800231363,,18.97433711
139,Bulgaria,2013,0.550576281,3.684598379,0.049759095,382.3086076,130.2275858,18.74734147,99.99998623799999,1.00042243,21.840456886000002,6.20197965,46.38922374,32.74421475,,,8.272408627,0.108636333,0.834673642,99.99999999699999,1157.7675564,33.68012976,0.258770852,,15.24272021,97.69403919,78.03627817,1.495378496,97.87285714,0.29421268,19.67479675,19.25628571,1.201165817,80.32520325,78.61657143,0.0,0.0,0.0,17.04450042,1.841960886,32.730873578,55.887857837,429.397057024,,71.15575397,23.101941251,5.939889936,,20.86656151
140,Bulgaria,2014,0.553714608,3.684598379,0.052717357,416.5531321,142.5078033,19.77167714,99.999999997,1.126078878,21.878224019,6.005328961,53.67351293,34.31494574,,,9.136291037,0.118480969,0.936192974,99.999999997,1153.305666981,38.54179095,0.304543035,,14.86112545,,,1.699393096,113.6474856,0.388602477,22.86713287,25.98792154,1.309602232,77.06293706,87.58009033,0.001188387,0.06993007,0.079473766,15.10015408,,29.835903711,56.711950394999995,448.116941177,,71.11608253,22.414841846,6.239502921,,12.01154133
141,Bulgaria,2015,0.557258988,3.684598379,0.061547296,435.2896235,175.808861,20.54688119,99.99999999799999,1.243791612,21.989683121,6.120733143,55.38509413,32.97609018,,,9.863484086,0.144427606,1.021455725,100.000000005,1486.9332366580002,47.27581194,0.334355393,,15.09458421,,,2.489634357,176.0779221,0.65757607,26.41255605,46.50667988,1.832058287,73.58744395,129.5712422,0.002790186,0.0,0.0,14.12872841,,30.592640775,66.966384599,473.61580698299997,,71.13709878,23.648818821,6.041349902,,11.63881569
142,Bulgaria,2016,0.561181242,3.684598379,0.075340579,570.0299474,167.6458154,22.39251389,100.00000000499999,1.268961543,22.038504057,6.559929594,54.28030481,33.75288012,,,9.932907977,0.126202041,0.9548498839999999,99.999999996,1513.159306077,46.3569062,0.350738276,,13.98637903,,,0.649191025,48.84335591,0.314632161,48.46526656,23.67206264,0.334558864,51.53473344,25.17129327,0.0,0.0,0.0,51.7397882,,27.055602570999998,62.917076511999994,476.033211794,,71.20873666,23.663047845999998,6.086004348,,11.96681507
143,Bulgaria,2017,,,,,155.2194958,21.54740459,99.999999999,1.298642994,22.007184967,6.757987896,55.12613021,31.1072731,,,9.638285872,0.129192225,1.08027943,100.000000005,1386.73282821,42.25282076,0.353309599,,13.92746408,,,0.394710059,31.33842386,0.175296844,44.411547,13.91787884,0.219121054,55.51443375,17.39734855,0.000292161,0.074019245,0.023196465,58.79120879,,24.322972645,51.141749481,427.637035713,,71.21588089,23.624188111000002,5.526453683,,13.76659669
144,Bulgaria,2018,,,,,141.6019957,23.68535624,100.000000002,1.337640357,22.021002207000002,6.601713969,55.56498087,31.44622574,,,8.697463088,0.130298312,1.230313805,100.0,977.069623534,39.19653025,0.370104812,,13.35277214,,,1.74133646,144.8161039,0.171040363,9.822361546,14.2243613,1.570296097,90.17763845,130.5917426,0.0,0.0,0.0,22.53141831,,22.312212455,45.807040158,432.523131179,,71.21588089,23.817669552999998,5.493709637,,12.98879339
145,Bulgaria,2019,,,,,137.9680188,24.99755295,100.0,1.362999678,22.023765657000002,6.673455533,55.0634168,31.42292805,,,9.00260201,0.13591103300000001,1.3420757970000001,100.000000006,761.822666255,40.64846082,0.401389899,,13.76403223,,,1.060311331,92.05481503,0.201924493,19.04388715,17.53081509,0.858386838,80.95611285,74.52399994,0.0,0.0,0.0,28.7094548,,22.13646695,45.058296196,444.935541836,,71.191067,24.00523165,5.591232974,,13.51365515
146,Bulgaria,2020,,,,,127.2188292,27.04496537,100.000000004,1.288677916,22.057848197000002,6.649255312,60.03221915,26.15375473,,,6.677228128,0.082189742,0.832129725,100.000000006,1098.337313669,37.03523935,0.374963135,,11.68185258,,,1.131191442,96.73300139,0.278025776,24.57813646,23.77516909,0.852335738,75.34849596,72.88686165,0.000829928,0.073367572,0.070970654,41.91176471,,15.945708429,44.804477617,453.622756808,,71.25837677,24.059848366,5.069998156,,13.81402612
147,Bulgaria,2021,,,,,114.3872642,24.87686425,99.999999996,1.398004694,22.067059686,6.806921807,62.20322144,24.24371843,,,8.156745607,0.092315731,1.127986318,100.000000001,982.202939954,33.318387,0.407110298,,12.30492768,,,0.447548287,40.06904036,0.233847578,52.25080386,20.93639568,0.213700709,47.74919614,19.13264467,0.0,0.0,0.0,50.08403361,,14.339295206000001,37.045346069,452.649219356,,74.44802778,24.025094105,4.859290055,,13.55306013
148,Bulgaria,2022,,,,,,,,,22.080876937,6.920829373,59.22210174,28.66136462,,,8.213333845,0.109174962,1.523411017,99.99999999399999,924.966546831,,,,13.67671722,,,0.727017129,54.4616106,0.256243742,35.24590164,19.1954857,0.470773387,64.75409836,35.26612489,0.0,0.0,0.0,46.00136705,,17.76905918,35.368697094000005,493.529486142,,74.58426409,24.240296862,4.697127025,,12.11653364
149,Bulgaria,2023,,,,,,,,,22.104826827,6.95325513,,,,,8.164382454,0.129984454,2.053225553,100.0,766.35990584,,,,,,,,,,,,,,,,,,,,15.70288597,32.623882715,515.324623671,,74.48498387,24.308894229,4.708579956,,
150,Canada,1994,,,,,230.0707398,31.1083233,100.00000000200001,4.600620648,10.893226213,,43.86412182,14.84014332,,,11.1376764,,,,2.549691232,,,,13.31299951,,,,,,,,,,,,,,,,0.031219837,23.32361391,466.391923549,,,1.126956389,,,41.29573486
151,Canada,1995,,,,,226.2483734,31.25712817,99.999999265,4.678578901,10.884816281,,43.77159484,15.32014085,,,11.30627547,,,,213.943853569,,,,13.35675423,,,0.835717232,272.3965826,0.062768978,7.510791367,20.45913901,0.77186603,92.35971223,251.5846998,0.001082224,0.129496403,0.352743776,47.93576121,,822.525804883,22.406450518,463.342021064,,,1.142299472,,,40.90826431
152,Canada,1996,,,,,222.7031131,31.01374186,100.000000001,4.742826784,0.863155687,,42.5615024,15.40240801,,,10.56729809,,,,593.573254549,,,,13.791224,,,0.728163808,238.8415193,0.055708427,7.650535058,18.27265417,0.671524969,92.22168983,220.2636851,0.000930412,0.127775116,0.305180028,50.50998543,,792.0006073469999,21.610409323000003,460.228864285,,,,,,42.03608958
153,Canada,1997,,,,,221.1500393,30.98390036,100.0,4.843538382,0.835962831,,39.07471942,14.88214472,,,10.28557931,,,,612.857843432,,,,14.48412501,,,0.674058188,228.2846832,0.071121795,10.55128415,24.08696559,0.601723463,89.26877147,203.7869321,0.00121293,0.179944381,0.41078546,54.23131762,,764.0812087930001,21.17657445,463.80074624,,,,,,46.04313586
154,Canada,1998,,,,,232.5964685,31.08619723,100.00000000200001,4.890226761,0.818239514,,38.38762062,15.32928024,,,9.679931201,,,,607.022077398,,,,14.16408139,,,0.644524044,224.8945804,0.084951289,13.18046849,29.64215931,0.558509535,86.65456945,194.8814304,0.00106322,0.164962059,0.37099073,56.03080271,,791.002119172,22.537979744999998,473.850075383,,,,,,46.28309914
155,Canada,1999,,,,,222.8162541,31.23766642,99.99999999799999,4.972183545,0.784622094,,38.79951715,14.20230587,,,9.802216919,,,,566.3074677110001,,,,14.61763393,,,0.584770373,212.8180777,0.08036376,13.74278928,29.24713997,0.504406613,86.25721072,183.5709378,,,,58.94039735,,740.7359360370001,20.534975575999997,458.24150337099996,,,,,,46.99817698
156,Canada,2000,,,,,201.3973936,29.77627697,100.00000000099999,4.88714875,0.805312311,,40.5918006,13.90061745,9.327603153,,9.463682304,0.005169038,0.125432897,,533.339033762,,,,14.91884752,,,0.537311166,203.6722905,0.075402577,14.03331651,28.58197717,0.461908589,85.96668349,175.0903134,,,,61.22789709,,676.2989267219999,19.493438184000002,473.031633886,418.1078796,,,,,45.50758195
157,Canada,2001,,,,,199.9966388,29.77585506,100.0,4.764209048,16.613630559,,40.62489524,13.33266284,8.846406749,,8.890792984,,,,544.0434394609999,,,,14.51947352,,,0.589846532,225.3185343,0.057403225,9.731891572,21.92775544,0.532443307,90.26810843,203.3907788,,,,54.63411003,,653.068750233,20.31740959,483.99078624599997,421.8954445,,1.168931765,,,46.04244192
158,Canada,2002,,,,,210.020251,31.02123341,100.00000000499999,5.090729395,16.52477974,,39.22208255,12.36793168,9.198116921,,9.314651181,,,,530.6612465149999,,,,14.73288355,,,0.551065732,214.4781656,0.056212391,10.2006689,21.87820753,0.494853341,89.7993311,192.5999581,,,,57.12108014,,650.6915059230001,19.797602294,479.89207246,417.7694612,,1.199602499,,,48.40998577
159,Canada,2003,,,,,181.1938536,30.36436065,99.999999998,5.128182733,16.526553186999998,,40.42732809,11.79473779,8.819316749,,8.776182105,,,,488.301416514,,,,14.63990242,,,0.558122706,219.1839711,0.061765686,11.06668571,24.2564012,0.49635702,88.93331429,194.9275699,,,,57.14875464,,543.179557317,17.453434150000003,493.994699118,351.5841505,,1.199602499,,,47.77793411
160,Canada,2004,1.252394931,0.446150225,0.021419006,688.3763379,162.098667,32.01963105,95.801524383,5.209320379,16.5126333,,42.28932204,12.2916425,8.668367589,,8.563250343,,,100.0,1358.737852048,41.80860435,1.343668968,,14.53407979,57.19997005,67.39228008,0.548316868,219.9181109,0.043122681,7.864554888,17.29558054,0.505194187,92.13544511,202.6225304,,,,56.41390001,50.42645307,477.19151793099996,14.679573788,471.78058346800003,307.3793615,,1.199602499,,,45.41903546
161,Canada,2005,0.961456988,0.345766425,0.019849062,722.4170086,145.3942848,32.09037378,95.54406996700001,5.291532968,16.519604397,,43.67203192,12.30375688,9.078805157,,8.988072103,,,100.000000003,1206.143621345,37.06436765,1.348977065,,14.8306913,,,0.645060085,264.5129,0.061692224,9.563794984,25.29747147,0.583367861,90.43620502,239.2154286,,,,48.83075214,,438.23018752,13.086932524,476.30576095799995,272.0131383,,1.199602499,,,44.0242112
162,Canada,2006,0.890357317,0.323458913,0.017988778,728.6534454,128.4028251,32.4263362,95.593020099,5.201089251,15.71341094,,44.07089785,12.59095223,8.693203495,,8.814537435,,,99.99999999799999,1085.507427351,32.36715701,1.311064094,,14.84744041,,,0.701936556,292.4527441,0.056930028,8.110423608,23.7191564,0.645006528,91.88957639,268.7335877,,,,44.39516129,,387.772734452,11.837669490000001,479.496652099,250.3227445,,1.199602499,,,43.33814992
163,Canada,2007,0.881756834,0.323458913,0.017085196,763.0646414,119.6520501,31.84189752,95.004301154,5.343918556,15.71341094,,44.66425076,12.55654745,8.179454802,,8.370608843,,,100.00000000200001,981.521875474,29.86682885,1.333922144,,14.94408561,,,0.786734784,331.2574866,0.060088993,7.6377699,25.3006846,0.726645792,92.3622301,305.956802,,,,46.83239032,,343.779752314,11.154992902,498.20796609300004,229.1349419,,1.199602499,4.264680454,,42.77920179
164,Canada,2008,1.082794758,0.401535203,0.01635448,763.8596075,112.0579235,32.61464834,95.98288265400001,5.233855909,0.789507439,,46.82202408,12.94524888,7.363698873,,7.311872381,,,100.00000000400001,909.443136223,27.70525936,1.294014155,,14.93411184,59.13398259,47.04702834,0.881632308,370.8691998,0.058055328,6.58498186,24.42166953,0.823576981,93.41501814,346.4475302,,,,44.25472816,32.51302541,1.048204947,10.993958374,513.488705191,212.596336,,,4.078270608,,40.23272705
165,Canada,2009,1.159676479,0.43499647,0.017653053,722.5556986,123.1245354,33.44884855,96.323831493,5.039774783,,,46.01832747,13.3421323,6.6489242,,6.589341223,,,100.00000000200001,941.874175177,31.33196771,1.282446297,,13.78665017,,,1.148387294,463.6930618,0.049766631,4.333610418,20.09465084,1.098620662,95.66638958,443.598411,,,,37.55922885,,1.064709908,0.6570066299999999,26.891886547,242.1247014,,,4.140258677,,40.63954023
166,Canada,2010,0.970419782,0.368073936,0.016085221,765.0236421,108.0059037,33.53874739,96.591968572,5.136985802,,,45.89559628,13.36730186,6.662697231,,6.58121052,,,100.000000008,870.0859193819999,27.1371016,1.29065831,,14.4057141,62.77035278,56.95499902,1.318571036,542.7859093,0.057201302,4.338128186,23.54674852,1.261369734,95.66187181,519.2391608,,,,36.11491108,33.78050986,0.907214767,0.434420541,20.661325202999997,207.6863164,,,4.12016207,,40.73710186
167,Canada,2011,1.164848789,0.446150225,0.015447044,806.7043513,97.61884481,32.86075575,96.23239758099999,5.098016886,,,48.44977904,13.40188747,5.995264245,,5.891222751,0.669856114,34.982476743,100.000000003,835.697041769,25.0986028,1.3107461,,14.9250921,,,1.235638193,519.5098517,0.06741587,5.455955476,28.34422621,1.168222324,94.54404452,491.1656255,,,,27.86035017,,0.8199662999999999,0.40020087400000004,20.900037311000002,188.1603386,,,4.108338314,,38.14833349
168,Canada,2012,1.123485617,0.43499647,0.015931537,839.1193083,96.68773946,33.35463138,95.59734494,5.092455248,15.248087411,,47.39811028,13.47516302,6.094426904,,5.977519629,0.6923777799999999,36.467766977,99.99999999600001,877.3637166149999,24.47540574,1.289127727,,15.18475804,,,1.11104118,470.2059644,0.073445508,6.610511797,31.08302075,1.037595672,93.3894882,439.1229436,,,,29.68512406,,0.790937048,0.409567338,21.57204733,186.2181848,,,4.176018587,,39.1267267
169,Canada,2013,1.083207681,0.423842714,0.016294175,857.6950447,98.38999007,33.74429745,95.01101737,5.178774342,15.239934018,,46.95151438,13.25528124,5.536840851,,5.561416279,0.718907931,37.841974365,100.000000006,910.459254667,24.84568821,1.307830748,,15.40343353,64.11193916,56.26073299,1.014115397,434.5793987,0.072755985,7.174329998,31.17816017,0.941359412,92.82567,403.4012386,,,,23.1525191,31.49317638,0.778155717,0.41227488100000004,21.701381764999997,190.8195427,,,4.211444894,,39.79320438
170,Canada,2014,1.015971467,0.401535203,0.017661879,900.0643618,95.02849539,31.56938967,99.64898420700001,4.842271852,15.239554791,,46.16717063,13.25209582,5.316675764,,5.195565194,0.768478431,39.162313463000004,,970.3216224409999,,,,15.50470512,,,0.446434348,194.8195554,0.070780597,15.85464851,30.88795575,0.375653751,84.14535149,163.9315997,,,,48.0644404,,0.7766280720000001,0.43131882,21.980373346,191.7590928,,,4.336657115,,40.58073355
171,Canada,2015,1.456399135,0.579995293,0.021554676,939.6588631,109.9182891,31.65257867,99.631187403,4.792012628,15.253608523,,42.99779991,13.6272424,5.135951662,,5.285048399,0.912842098,39.794621957,,1162.882485838,30.04654044,1.309854925,,14.97673577,,,0.589705813,257.0774965,0.075862547,12.86447335,33.07166604,0.513843265,87.13552665,224.0058305,,,,42.59225401,,0.918464825,0.513847955,22.40079107,236.0474529,,,4.548920894,,43.37495769
172,Canada,2016,0.941546495,0.379227692,0.023486138,993.7940178,111.3828277,31.60830252,99.650634172,4.713231595,15.234524447,,41.50345774,13.66907741,4.914271821,,5.261583355,0.9327949790000001,39.470349080999995,,1231.301316225,30.17714009,1.276917522,,14.94140856,,,0.56752348,247.1566794,0.057663835,10.16060775,25.11262072,0.509859645,89.83939225,222.0440587,,,,40.95566212,,0.977458429,0.528082249,22.345307583,253.0302897,,,4.612367405,,44.82746485
173,Canada,2017,,,,,105.6022349,31.78819675,99.727281663,4.765768594,15.234557908,,41.70040051,13.33175849,4.764111216,,5.092341444,0.905698959,40.873852359000004,,1193.680040451,28.8613334,1.302501089,,15.55687519,,,0.574625776,254.776743,0.062831647,10.93435933,27.85820456,0.511794129,89.06564067,226.9185384,,,,41.75258208,,0.985491428,14.259720903,643.5358252569999,236.8502901,,,4.648928916,,44.967841
174,Canada,2018,,,,,104.496278,32.2633798,99.724139061,4.864071345,15.247842031000001,,43.12386735,13.45682334,4.871486157,,5.205998389,0.854104122,39.74857995,,1146.582509989,27.64740024,1.286663851,,15.74767334,,,0.514207809,230.9217685,0.074026959,14.39631176,33.24421772,0.440180849,85.60368824,197.6775508,,,,38.48606076,,0.939802925,13.853734935,644.7296953599999,229.6316556,,,4.700920956,,43.41930932
175,Canada,2019,,,,,101.7930518,32.1762371,99.68210319500001,4.720566535,15.268231096000001,,42.46789441,14.18412095,4.288521812,,4.681208007,0.820099762,38.013987537,,416.377696015,27.06847819,1.254701976,,15.28399234,,,0.572147808,258.0299234,0.08774345,15.33580116,39.570956,0.484404358,84.66419884,218.4589674,,,,36.8655287,,1.046231037,13.910722059,644.8020580980001,235.4905989,,,4.882317787,,43.34798464
176,Canada,2020,,,,,90.255059,29.86663378,99.68532002,3.912527732,15.293170894,,44.3615225,8.001752961,4.525904255,,4.499240809,0.666288847,29.00876965,,439.757935236,24.82357257,1.080764449,,12.63084376,,,,,,,,,,,,,,,,0.15473553099999998,14.840705819,646.132107075,228.3321731,,,4.574830014,,47.63672454
177,Canada,2021,,,,,78.40631838,31.03892265,99.691734885,4.105246758,15.599428812,,46.90953095,6.942056443,4.442330211,,4.762046225,0.617100505,32.39582651,,367.551123687,21.76867197,1.142786491,,13.57304506,,,,,,,,,,,,,,,,0.278176872,12.455117028,653.854286729,204.197117,,,4.352950424,,46.1484126
178,Canada,2022,,,,,,,,,15.631947841999999,,48.21997802,11.81217135,4.654256922,,4.959031364,0.516603185,28.67632436,,341.57827380000003,21.09662676,1.171060747,,14.70509285,,,,,,,,,,,,,,,,0.557672051,11.331767610999998,629.019434881,191.9464557,,,,,39.96785062
179,Canada,2023,,,,,,,,,14.838372,,43.66787589,13.86831723,4.642685851,,4.828199759,0.599127605,31.97644876,,349.7050706,21.5879276,1.152184033,,15.0756897,,,,,,,,,,,,,,,,0.684320035,11.413921419,609.18019839,194.8520738,,,,,42.46380688
180,Croatia,1994,,,,,,22.46908008,97.41376403,0.662883081,52.99052048,,,,105.8591178,,17.28279992,,,99.999999999,421.290424344,,,,,,,,,,,,,,,,,,,,0.041672911,46.983736222,151.229443373,507.2207683,36.42089663,1.12150921,,,
181,Croatia,1995,,,,,143.8228124,22.60196806,97.497954846,0.709094963,53.038812377999996,,51.82462376,16.22524362,94.42870633,,17.31590488,0.779244716,3.819239269,100.000000004,330.52871380600004,44.16235286,0.216448811,,9.951812083,,,0.450002525,32.55571486,0.041369838,9.193245779,2.992926882,0.408632687,90.80675422,29.56278797,,,,23.65930599,,0.028440555,31.749816998,155.612409466,374.1434535,36.06016141,1.12150921,6.484696744,,31.95013262
182,Croatia,1996,,,,,134.1400866,21.57915585,99.860951306,0.710793077,53.540550194000005,,53.45348774,15.31169495,72.23001403,,15.82147582,0.967388451,5.095787954,99.999999992,392.516759988,41.65827451,0.219437945,,9.658942664,,,0.78499833,61.05824253,0.070527194,8.984375,5.485701477,0.714471136,91.015625,55.57254105,,,,36.68478261,,0.030293897,35.212114771,185.482336707,415.8328962,36.06016141,1.167143801,5.511621848,,31.23481731
183,Croatia,1997,,,,,157.8614096,23.93726952,97.85165944599999,0.841452991,55.191139694,,61.1039283,10.81684167,60.57007126,,15.74448943,1.89424319,10.03722227,99.999999999,397.25922689699996,49.93830633,0.264613268,,11.05036481,,,1.00920954,83.74427148,0.139154729,13.78848728,11.54706822,0.870054811,86.21151272,72.19720326,,,,25.20325203,,0.031927224,39.200696552000004,207.71678443200003,490.5606292,36.06016141,1.171458999,5.244872362,,28.07923003
184,Croatia,1998,,,,,155.3364112,23.90088746,97.922091426,0.887201727,55.260239668,,50.28114075,26.23957059,48.93939394,,14.25376782,2.138882927,12.1439454,100.00000000200001,439.81500097599996,46.63431651,0.264775873,,14.03546956,,,1.598867847,135.7401431,0.11054052,6.913674561,9.384631742,1.485273722,92.89533995,126.0962674,0.003053606,0.190985485,0.259243971,19.84179301,,0.035752976,39.259177083000004,222.90200974299998,512.9774817,36.06016141,1.171458999,4.890914683,,23.47928867
185,Croatia,1999,,,,,180.5819161,24.69056559,98.097455052,0.951217448,55.655517798,,53.53634932,24.25055005,46.32286054,,14.67004477,2.240810824,11.73337659,100.000000001,425.461999622,,,,13.61034428,,,1.650172894,139.4917097,0.111876128,6.779661017,9.457065062,1.533536079,92.93184277,129.6322163,0.004760686,0.288496213,0.402428301,26.13929493,,0.03918922,45.249879481,236.938286337,604.8090105,36.06016141,1.345496812,5.063479946,,22.21305127
186,Croatia,2000,,,,,195.0805611,25.82097463,98.19589736100001,0.966112631,55.909286021999996,,51.64097372,20.23854339,47.30266484,,14.65881223,2.713288116,13.24239051,100.000000008,489.538007342,,,,12.91307021,,,1.377146774,121.0441895,0.081432251,5.913113435,7.157480234,1.288513032,93.56395817,113.2537349,0.007201492,0.522928399,0.632974442,50.96964587,,0.049156595,51.787985651,252.754849584,634.9546322,36.06016141,1.440386907,5.201667238,,28.12048289
187,Croatia,2001,,,,,189.7553906,24.65171015,98.192117251,1.017849858,55.446058092,,50.02065408,20.17489685,42.39287118,,15.04776444,2.772192528,14.99659739,99.999999996,939.5702108549999,,,,11.7115875,,,1.263783081,119.0433235,0.080919227,6.402936378,7.622268264,1.175132718,92.98531811,110.692813,0.007731136,0.611745514,0.728242191,30.16845329,,0.05352636,51.415615783,278.140598669,656.1600863,36.06016141,1.517241379,5.122334459,,29.80444907
188,Croatia,2002,,,,,175.0692227,24.88034323,98.27810430000001,1.088838341,55.569466301999995,,51.4433675,15.62323625,37.50224296,,14.57402699,2.385061054,15.01566417,99.99999999500001,887.2705133459999,,,,10.8536177,,,2.272912915,226.4097809,0.12663774,5.571605448,12.61465969,2.140646831,94.18076764,213.2344697,0.005628344,0.247626909,0.560651542,21.74211248,,0.05006413,45.768066335,288.142692539,617.2729995,36.06016141,1.605278013,5.094956445,,32.93339626
189,Croatia,2003,,,,,144.2441947,25.20172311,99.96932337199999,1.181694981,55.517832893,,51.41896926,15.25205914,38.4847653,,16.28944934,1.871889398,15.23423694,100.00000000200001,751.962403964,,,,10.47109505,,,3.719752114,391.1517541,0.336417192,9.044075558,35.37606019,3.376095565,90.76130509,355.014437,0.007239357,0.194619347,0.761256991,16.60881456,,0.045170442,36.9544471,300.751103931,520.0882471,36.06016141,1.954558284,5.378404455,,33.3289716
190,Croatia,2004,1.393857734,10.7211779,0.027101364,264.5128467,125.4093333,26.81917696,99.55738581199999,1.219402732,55.517832893,,54.00428628,14.16103396,31.3095422,,14.12442503,1.39633832,13.62844399,100.000000004,669.39461778,,,,11.27861825,79.91554808,21.61843694,2.981182896,326.5436988,0.379057523,12.71500397,41.52004426,2.592264354,86.95422069,283.9435285,0.009861018,0.330775337,1.080126021,21.76190476,5.433166233,0.041486707,31.935124968,311.690981751,462.2090487,36.09684519,2.61783799,5.608668898,,31.83467976
191,Croatia,2005,1.392064536,10.7211779,0.03455031,367.4161774,120.5897484,27.26564078,99.971250153,1.259723977,55.682224283,,53.07100202,12.11371222,29.91431578,,13.85104213,1.325927011,14.10022169,100.000000008,653.342037013,,,,12.33907594,,,2.296065273,261.972125,0.254507155,11.0844913,29.03827739,2.036423967,88.69190225,232.3480611,0.00513415,0.223606453,0.585786576,24.407841,,0.045794596,30.260541271,321.797758574,435.4086512,36.09684519,2.785201857,5.32639893,,34.81528576
192,Croatia,2006,1.391737118,10.7211779,0.036020799,426.0002937,116.7527823,28.97318206,99.97300740899999,1.341418398,56.304052601,,51.65507463,13.95134011,29.92202729,,14.24210984,1.337427005,15.81709234,99.99999999299999,629.6505133769999,,,,12.5334679,,,2.455269929,294.3146715,0.299013442,12.17843459,35.84291977,2.153232755,87.6984127,258.1092953,0.003023731,0.123152709,0.362456492,15.01127171,,0.042129245,28.233752884,333.906729019,402.4637357,36.00293902,3.046408226,5.02873888,,34.39358526
193,Croatia,2007,1.392041282,10.7211779,0.034641821,488.5925697,105.0193165,29.30137628,99.974896602,1.441759893,56.750768351,,52.23326308,17.2123868,28.65210146,,14.3612259,1.170222869,16.50496947,100.00000000099999,555.801875315,,,,12.00866362,,,2.610695388,328.8613639,0.207592292,7.951609114,26.14977019,2.398503562,91.87221048,302.1322044,0.004599534,0.176180409,0.579389295,12.91471833,,0.025419827,25.073760401999998,353.643447652,355.3766497,36.00293902,3.302569047,4.752487508,,30.55432283
194,Croatia,2008,1.624241102,12.50804088,0.030742917,507.417097,89.90896443,30.47451517,100.00550080000001,1.425750486,57.126009581,5.72173913,53.95675278,20.54144117,30.3737249,,15.40708703,1.064999658,17.57800128,100.000000003,474.47179973799996,,,,10.62739828,85.70654405,21.37649262,2.529046979,325.071511,0.258659006,10.22752872,33.24678216,2.266399838,89.6147781,291.3121133,0.003988134,0.157693174,0.512615584,13.25774095,3.565001473,0.024638598,22.010653682,363.289598716,307.3282319,36.18662748,3.566055799,5.169581052,,25.50177736
195,Croatia,2009,1.625947899,12.50804088,0.035690795,526.2519741,98.68418355,32.06990399,99.994732228,1.419834149,57.295761561,5.719470788,53.18071901,22.22260456,25.71804017,,12.72884926,0.496574975,7.321875666,99.99999999900001,459.837075426,,,,10.41170454,,,2.212458462,264.1468939,0.214955202,9.715671742,25.66364513,1.989751755,89.93397116,237.5577914,0.007751505,0.350357095,0.925457383,13.6610608,,0.026452865,24.496212706999998,361.190621293,335.6709462,36.18662748,3.738540708,4.833061057,,24.59664486
196,Croatia,2010,1.62964008,12.50804088,0.041613127,589.2145298,100.0380253,32.18388555,99.97343140499999,1.366940469,57.277892931000004,6.126038697,52.83180167,22.85652258,20.31376663,,9.917523916,0.550571634,7.795732531,99.999999998,461.777711638,,,,9.967905549,92.47741127,39.36328673,1.310739617,154.915995,0.181822881,13.87177732,21.48960186,1.123234771,85.69472964,132.7548431,0.005681965,0.433493041,0.671550058,27.44832915,3.202012394,0.025932506,28.168827186,398.852081508,344.8019395,36.14988979,4.240957284,4.751416799,,24.31167575
197,Croatia,2011,1.635276369,12.50804088,0.041275787,613.0814634,91.96138398,32.07701253,100.016849754,1.344842408,57.415481381,6.118196742,53.23383116,22.87606584,20.28240089,,9.76493603,0.559425113,8.309306451,100.000000005,425.74871347600003,,,,10.03149641,,,1.203459636,142.648019,0.176295506,14.64905845,20.89659168,1.019511905,84.71508926,120.8443966,0.007652226,0.635852287,0.907030691,31.29710432,,446.495955589,26.837809934,398.62991870499997,324.1359653,36.14988979,4.263855831,4.639961716,,23.89013452
198,Croatia,2012,1.405956287,10.7211779,0.04817222,649.6153069,96.98217419,33.92325883,99.931969249,1.30061056,52.555214071,6.364175955,52.99322002,23.33248849,19.343407,,9.209013679,0.42749535,5.764889429,99.999999993,450.740483705,,,,10.04503891,,,1.21480549,141.1051417,0.138113583,11.36919315,16.04251611,1.069266446,88.0195599,124.2001247,0.007425461,0.611246944,0.862500866,28.0431741,,510.830579893,28.054777672,378.32619962800004,353.0372746,36.14988979,4.69838891,4.665627818,,23.67429149
199,Croatia,2013,1.409877461,10.7211779,0.053528178,745.3441734,94.88099032,35.50054066,99.972321012,1.323506487,52.776785081,6.547054841,54.18358164,24.29709719,18.20340324,,8.647248424,0.392877669,5.470559526,100.000000002,454.81858592199995,,,,9.834011145,94.34046916,52.97453539,1.36544748,158.5341254,0.410580828,30.06932409,47.67013996,0.951021154,69.64904679,110.4175072,0.003845498,0.281629116,0.446478256,33.00687643,3.177968261,500.420218142,27.300112555000002,380.13586046300003,341.154373,36.18662748,4.807190274,4.710331049,,21.51935279
200,Croatia,2014,1.887509617,14.29490387,0.058418359,809.0069128,94.15887347,37.14520279,99.99999999799999,1.315492042,52.501608179,7.276452316,51.93440644,26.04956514,15.06849315,,7.266912027,0.499613688,6.918902441,99.999999994,465.573103254,,,,9.738361519,,,0.928301035,107.8438205,0.295799627,31.86462324,34.36402708,0.632501408,68.13537676,73.47979339,,,,47.93852159,,506.117713484,27.997022162,387.716889627,348.2388329,37.25038402,4.817387408,4.533118334,,22.01602842
201,Croatia,2015,1.665237734,12.50804088,0.072731436,873.9288953,116.0096961,38.14386689,100.000000001,1.400363593,52.372954039,6.619958093,51.31679416,26.10820816,16.41896674,1.930611172,8.27861045,0.8098426810000001,9.730935645,99.999999995,603.541667904,,,,9.092809073,,,0.655867121,78.80791081,0.131923976,20.11443662,15.85176727,0.523943145,79.88556338,62.95614354,,,,50.69274654,,589.4257499610001,35.686889309,428.80775642,419.6214554,37.25038402,4.905264735,4.747408523,11758.42063,22.57499768
202,Croatia,2016,1.916466496,14.29490387,0.07924102,1001.282595,116.4568812,38.61500461,100.000000002,1.46161641,52.458723469,6.173325461,48.08902884,26.43927367,14.00547445,1.643501504,7.354440177,1.011911474,12.786424901,100.00000000400001,616.316309493,,,,9.026992972,,,0.50725142,63.64767028,0.093037877,18.34157057,11.67398236,0.414213543,81.65842943,51.97368792,,,,54.28834922,,568.469124051,35.413830301,447.486063118,415.570951,37.25038402,4.89646408,4.996381398,11734.70781,25.47169749
203,Croatia,2017,,,,,117.5076815,40.77356001,99.999999997,1.593656103,52.578443289,6.866562825,48.96774037,25.79429892,14.54945055,1.72027408,8.02515486,1.081598038,14.871509028,99.99999999600001,611.854303807,,,,9.084303441,,,0.514853306,67.62671968,0.124320835,24.14684592,16.3297198,0.390532472,75.85315408,51.29699988,,,,46.73202614,,535.016279999,33.928653747999995,466.504434072,401.1600535,37.25038402,4.884232504,5.337901113,11823.63605,25.23792953
204,Croatia,2018,,,,,103.3172352,41.62602053,100.00000000200001,1.550083014,52.344364239,6.463461786,50.70102024,24.42852214,13.52389078,1.576288641,7.754700951,1.185548357,18.228684418,99.99999999799999,584.573058951,,,,9.460227326,,,0.723915319,98.79867873,0.18725006,25.86629331,25.55555603,0.536665259,74.13370669,73.2431227,,,,40.37162162,,468.37550337600004,31.995820755,491.95945143999995,372.9300215,37.25038402,4.90820532,5.423820919,11655.58541,24.87045761
205,Croatia,2019,,,,,106.1590373,42.44428364,99.99998463899999,1.601537715,52.406904436999994,6.334059178,50.68421424,24.15554853,12.23228995,1.425158315,7.305818359,1.25330012,19.383541438,100.00000000899999,569.343313556,,,,9.30167411,,,0.86051068,122.1361472,0.228396778,26.54200391,32.41738095,0.632113902,73.45799609,89.71876621,,,,41.98809786,,467.545862194,33.145739517,512.632055075,386.1740236,37.06534199,4.904162923,5.169376688,11650.78919,25.16020992
206,Croatia,2020,,,,,99.0112979,39.58394921,100.000000001,1.409577832,52.476769122,6.31490135,59.60391072,19.92213371,11.9395466,1.121772419,5.855205945,0.78611508,11.277324296,99.999999993,632.041305809,36.68204086,0.52622737,1.008175212,7.402823329,,,1.115203422,145.5386537,0.247620466,22.20406257,32.31549373,0.867582957,77.79593743,113.22316,,,,35.07404521,,383.89750803000004,36.384589113,521.960233991,341.8490662,37.06534199,4.897379341,5.365448177,9395.435664,20.47391471
207,Croatia,2021,,,,,89.50961773,40.84434356,99.99999999699999,1.588597834,51.874553252000005,6.358270243,59.9433519,20.55623233,12.44671782,1.341867981,7.5277502,0.627219826,11.273063724,99.99999999600001,568.183433826,33.1338684,0.595517225,1.061546246,7.768712712,,,1.150635673,178.2187752,0.238832453,20.75656605,36.99209779,0.911803219,79.24343395,141.2266774,,,,31.22980099,,366.190461222,31.212835564,560.990373464,336.5024038,37.98242262,4.982583674,5.292096106,10780.89823,19.50041577
208,Croatia,2022,,,,,,,,,51.979985702,6.427304965,61.31240125,21.61676304,11.0486139,1.228696634,7.132406777,0.654490639,12.213792726,99.999999994,556.842393263,33.49448829,0.625058194,1.07678505,8.167911112,,,0.895063926,148.0254964,0.206344167,23.05356756,34.12515781,0.688719759,76.94643244,113.9003386,,,,35.60798548,,375.8748696,31.106011614,580.48557948,345.924404,38.02063431,5.065921197,5.67709363,11120.82154,17.07083571
209,Croatia,2023,,,,,,,,,52.022873482,6.30466243,59.31014899,20.19840665,10.43809524,1.17687029,7.110972698,0.700731679,15.037112015,100.000000003,491.906599992,32.2906678,0.692930551,1.14680426,8.228640895,,,,,,,,,,,,,,,,332.7631927,28.15708741,604.227395364,317.4644306,38.70844478,5.061332327,5.20967894,11274.76099,20.49144436
210,Czechia,1994,,,,,178.5377709,6.946031871,100.00000000099999,0.826725899,84.46486347000001,,,,,,15.8415466,,,99.99999999599999,2060.4448657109997,,,,,,,,,,,,,,,,,,,,1498.745514253,80.88509239999999,374.541483029,,28.864,0.697786764,,,
211,Czechia,1995,,,,,120.5513849,5.918214042,99.999999996,0.702088251,84.30826971,,47.4751635,17.28695522,49.0426189,,15.37678994,,,99.999999994,1965.362412189,,,,10.03132441,,,0.861175739,104.7098584,0.244126126,28.3480032,29.68315401,0.614042671,71.30282971,74.66109203,0.003006942,0.349167091,0.365612367,32.05794691,,1221.988112949,66.41180484,386.78068601900003,538.3596863,28.3049212,0.702282418,6.799326779,,35.23788128
212,Czechia,1996,,,,,149.5402508,7.97457718,99.999999997,0.976932289,84.00802381999999,,48.30559334,18.94754741,45.20034592,,15.2008082,,,99.999999997,1687.968577668,,,,10.74136429,,,0.877953046,110.0358609,0.301051521,34.29016189,37.73147485,0.576026852,65.61021171,72.19476131,0.000874673,0.099626401,0.109624768,38.11956777,,1097.923284789,61.560689775,402.170147989,514.7763274,30.30206677,0.746241753,6.646164524,,32.74685925
213,Czechia,1997,,,,,167.0300146,8.381032777,99.99999999900001,1.007946522,83.76213278,,47.4361539,19.6534545,43.34961998,,15.49863836,,,99.999999994,2054.048972807,72.30560502,0.436329856,,10.08458335,,,1.210791954,147.0690743,0.510293127,42.14540122,61.98285142,0.696084878,57.49004819,84.55008167,0.004413949,0.364550597,0.536141188,31.80575575,,1178.12539612,70.146584751,423.301198279,592.4685251,30.31813362,0.765015463,6.806615318,,32.9103916
214,Czechia,1998,,,,,159.7713162,9.068808392,100.00000000400001,1.03686956,83.89025495000001,,46.70884063,20.07651393,34.85392107,,13.21110086,,,100.000000005,1642.311637628,67.22299344,0.43625775,,10.02129421,,,1.141970042,138.9966496,0.505929638,44.30323209,61.58000828,0.626673913,54.87656326,76.27658436,0.009366491,0.820204645,1.140056977,31.64230439,,1129.822296482,66.759497553,433.249795756,584.0661777,30.31813362,31.132654531,6.973962553,,33.21464544
215,Czechia,1999,,,,,180.4278056,10.65159643,100.0,1.143444971,83.91096157,,47.39291183,19.97512627,36.11317945,,14.14838397,,,100.000000006,1705.352215764,67.7120512,0.429119027,,9.977545732,,,0.97253286,118.1167039,0.439861286,45.22842408,53.42232376,0.52756723,54.24672539,64.07444402,0.005104344,0.524850532,0.619936149,36.57755723,,1196.934445566,65.673646876,416.200823408,618.2004403,30.10376959,31.064736253,7.233128855,,32.63196189
216,Czechia,2000,,,,,192.008687,9.668249404,99.99999158,1.157540232,83.96013977,7.011219345,48.79977588,20.38339937,36.70767255,,14.49040342,,,99.999999998,1884.286894585,72.28643537,0.435784744,,10.03252228,,,1.030470324,127.7061743,0.553160158,53.68035787,68.55313138,0.460463925,44.68483123,57.06528846,0.016846241,1.634810899,2.087754456,39.61642029,,1303.6019814489998,68.38723808,412.278110798,654.7996144,30.10376959,31.122817149,7.231460031,,30.81682475
217,Czechia,2001,,,,,187.965701,10.38666181,99.99999999799999,1.247548378,84.03390708,6.798804326,48.22802323,20.95128774,32.55883683,,13.05717506,,,100.00000000700001,1648.677206798,65.68479047,0.435956954,,9.899364339,,,0.930935518,120.3390882,0.520214988,55.88088297,67.24654505,0.399398866,42.9029571,51.62902739,0.011321665,1.216159933,1.463515775,47.3148527,,1200.134649923,63.833700459999996,423.67107269300004,604.2289848,30.37908222,31.021476273,7.267232647,,30.82068903
218,Czechia,2002,,,,,161.681404,11.18588241,99.977553879,1.30329582,84.15685259,6.872644839,47.99931892,20.94794359,33.1300638,,14.03365488,,,100.000000003,1525.046046957,55.19719425,0.44493845,,9.420120794,,,1.155117351,151.9978964,0.542552867,46.96950199,71.39265499,0.593500811,51.38013126,78.09671869,0.019063673,1.650366748,2.50852274,35.08515222,,992.233240978,54.19577334,436.866107349,525.4913659,30.47916667,31.015010467,7.275200814,,31.05273749
219,Czechia,2003,,,,,151.0653748,12.40500943,99.980125933,1.483245729,84.15167594,6.704499963,46.31636087,20.39879854,31.67251121,,14.19462707,1.561617243,15.332845859,100.000000003,1285.221983334,50.86398458,0.499411516,,9.592227078,,,1.187624227,160.4724536,0.469071194,39.49660026,63.38116352,0.705590178,59.41190505,95.33974174,0.012962855,1.091494692,1.751548312,29.69367589,,832.550726216,44.998540908,441.82125599,456.4501083,30.64986461,31.058063581,7.510929638,,33.28484059
220,Czechia,2004,0.392268352,5.177323324,0.051152619,601.0369025,132.2615698,12.9723385,99.99999999900001,1.554056981,84.20786953,6.796390615,48.15203362,19.68578531,29.21761146,,13.55287155,1.132741115,13.309567098,99.99999999799999,1052.819418399,44.58552624,0.523874384,,10.25909798,99.50212622,64.11850613,1.507076335,214.1018258,0.426635819,28.30883937,60.60974197,1.068521863,70.90031461,151.7988681,0.011918653,0.790846011,1.69321575,22.33316809,0.320826538,690.067595547,38.533036877,452.758386919,394.7783675,31.02372035,31.040453047,7.144111256,,32.16218106
221,Czechia,2005,0.391726118,5.177323324,0.053199129,714.4994289,125.02695,14.25693395,99.99998833400001,1.679194525,84.27258607,6.58746753,49.92845917,17.75737105,25.58592973,,12.59399468,1.035631513,13.909215122,100.000000002,884.528110978,41.48942697,0.557230402,,10.49816609,,,1.730824893,254.3826261,0.439128184,25.37103468,64.53950427,1.282474652,74.09615249,188.4877385,0.009222057,0.53281283,1.355383268,19.8504936,,611.912218352,34.977278595,469.767949261,366.4923687,31.17328895,31.103703034,6.823188864,,32.31416977
222,Czechia,2006,0.390666775,5.177993528,0.04862583,742.1181269,111.6935087,14.44775765,99.99999999799999,1.704644979,84.28090614999999,6.6374611,48.42326675,18.39135668,21.91526647,,10.38196956,0.902727484,13.777254503000002,100.000000001,876.745280864,37.93574919,0.578968161,,10.4927419,,,1.585241757,242.6673755,0.373221301,23.54349418,57.13237943,1.197095003,75.51498044,183.2502211,0.014925453,0.941525378,2.284774925,26.73380597,,550.720602135,31.832406773000002,485.820114531,310.4037642,31.68698552,31.176364616999997,6.790736205,,33.18537657
223,Czechia,2007,0.485492136,6.472491909,0.043680668,806.6324634,96.82055816,15.04515602,99.999999997,1.787944415,84.36634305,6.565885472,47.2744205,17.37413095,24.28264844,,11.86542779,0.8203945109999999,15.149879188,100.00000000099999,700.1259011960001,32.15831225,0.59385398,,10.13597563,,,1.524899515,243.6688387,0.440545527,28.89013491,70.39625624,1.074249138,70.44720835,171.6578945,0.010104849,0.662656744,1.614687992,28.30661756,,462.51955289899996,27.244878643,503.119675411,264.6067537,31.91489362,31.175676888,6.763407442,,35.35144856
224,Czechia,2008,0.481482056,6.473329881,0.03634973,828.9418478,77.11349691,15.64549083,100.000005473,1.758544164,84.37338167,6.547226387,46.22255494,18.54265585,20.72498941,,10.36149384,0.718288976,16.380308427,100.0,579.951882797,25.57249456,0.583171066,,9.906917866,99.28547498,35.62772605,2.025274187,321.721039,0.751423497,37.10230951,119.3659356,1.260543279,62.24062336,200.2411802,0.013307411,0.657067136,2.113923216,23.04021504,0.256401067,373.946954746,24.560552608000002,560.094112375,219.2326243,32.1093261,31.179835929,6.545965946,,35.23478921
225,Czechia,2009,0.47874671,6.473329881,0.037484958,744.5149032,85.01353572,15.79039521,99.99999433100001,1.688513124,84.45365096,6.701592433,46.45761363,20.00864973,16.82382597,,8.627015715,0.873134302,17.341929329,100.0,577.991663129,29.57080914,0.587326464,,9.435456528,,,1.863126909,284.4397682,0.495483421,26.59418519,75.64443873,1.32826883,71.29245053,202.784081,0.039374659,2.11336428,6.011248461,22.55838641,,425.63862251200004,27.898356686,554.108719183,258.1781356,32.91918981,31.153196535,5.99987,,33.53373663
226,Czechia,2010,0.572824627,7.769001683,0.036742513,733.3830736,79.4099282,14.73152821,100.0,1.585027605,84.53580215,6.716341528,47.67255992,20.02971657,17.23989682,,7.656755846,0.896676008,17.897714526,100.000000005,649.0307398369999,27.92366982,0.557358362,,9.228930729,99.63648563,43.01739744,1.482667855,228.3505813,0.356760926,24.06209355,54.94593048,1.089291662,73.46835358,167.7654125,0.036615267,2.469552879,5.639238355,28.03296049,0.156944938,387.344755634,28.049087176,559.861701045,222.5092703,33.5493311,31.310683972,6.044815949,,32.29772352
227,Czechia,2011,0.476367957,6.474168069,0.03441624,752.7267302,71.76038008,15.03610667,100.000006075,1.569490366,84.58371099,6.612863505,49.72655715,18.91950795,16.25964957,,7.36464862,0.828414093,18.118464709999998,99.999999995,619.879577473,25.50936741,0.557922152,,9.558504351,,,1.06675417,167.6399251,0.270461015,25.35364024,42.50282351,0.78277872,73.3794854,123.0133143,0.013514435,1.266874351,2.123787213,30.58199441,,354.91781761500005,25.988495712,568.401293891,207.093722,33.51441705,31.324436788,5.773953351,,31.35393489
228,Czechia,2012,0.475701862,6.474168069,0.034113965,677.871824,77.29469158,15.25550795,99.999993807,1.535907451,84.56817298,6.316494461,51.48563152,18.55580925,15.82933333,,7.059415638,0.91246807,18.131471629,100.000000001,645.84678921,27.36791352,0.543822369,,9.537925917,,,0.784145024,124.7332404,0.234634543,29.92234039,37.32310478,0.538920867,68.72719334,85.72565529,0.010589614,1.35046627,1.684480339,39.43990986,,385.63858283,27.347995658000002,543.426585133,224.4350851,33.61546499,31.292382767,5.755808088,,29.95855923
229,Czechia,2013,0.475544099,6.475006475,0.034810258,700.840819,75.60276535,15.75215956,99.99999999900001,1.522123263,84.53250453,6.114450358,51.51870344,18.05750066,13.8688608,1.033654462,6.220116809,0.9517935128,19.162620101999998,100.000000002,669.162873147,26.89365482,0.541454511,0.899785145,9.326661742,99.89340793,44.6186673,0.620593119,101.103912,0.209929924,33.82730455,34.20072824,0.406173489,65.44924154,66.1717436,0.004489705,0.723453909,0.731440204,44.2094095,0.047610712,383.975947937,29.888974012000002,601.759779443,222.7643047,33.64016736,31.317754324,5.681326161,7453.059601,30.4237959
230,Czechia,2014,0.475043721,6.475006475,0.034346986,683.1931527,78.87410659,16.76399171,100.000000001,1.568878537,84.58948459,5.949730357,51.26973853,18.10043689,14.23399193,,6.536601596,1.1078538953000001,22.0362331,100.000000005,676.0739606469999,28.30546905,0.563021818,,9.75915388,,,0.676589582,114.9320845,0.287820375,42.53987688,48.89196723,0.382717339,56.56565657,65.01208818,0.006051867,0.894466551,1.028029052,49.29113692,,401.56896334199996,27.98368181,556.621173679,230.8715569,33.64368658,31.525618265,5.593922077,,30.62982458
231,Czechia,2015,0.474110755,6.475845098,0.040432498,720.8992478,92.10551527,17.38236732,100.00000000300001,1.642213551,84.59266933999999,5.902040897,47.65611693,17.23328346,14.48933914,1.079924985,6.997874751,1.460307108,26.036835176999997,99.999999994,808.8381342160001,32.54215142,0.580216743,0.895401217,9.722532419,,,1.218386908,217.2347101,0.68718708,56.40138408,122.5233832,0.522270828,42.86576169,93.11931314,0.008929,0.732854228,1.592013757,43.60057901,,468.015545176,36.34365333,647.996374778,270.8779115,33.83859502,31.342828437999998,5.600617806,7453.23837,35.11059961
232,Czechia,2016,0.473201107,6.475845098,0.042749553,794.0828473,91.73217631,17.77021244,100.000005553,1.703946459,84.57712731,6.114743889,45.05081018,16.40985554,11.54594758,0.863606926,5.782517528,1.559941802,28.976280508,99.99999999799999,688.533284571,32.29191057,0.599829723,0.895833174,9.738364592,,,0.868194759,158.484551,0.384077294,44.23861001,70.11136243,0.478609711,55.12699838,87.36777586,0.005507755,0.634391613,1.0054127,47.46492635,,465.473889525,36.046790297,669.577484384,269.6206399,33.83521539,32.05174208,5.662325643,7479.740573,38.53933428
233,Czechia,2017,,,,,84.79532911,18.20341019,100.00000000000001,1.749853366,84.60562103,6.289410559,45.24192116,13.86856703,10.5323235,0.784518153,5.446253968,1.439356538,29.702849737,100.000000003,570.102494871,29.71244282,0.61315192,0.883228756,10.25139462,,,0.802075158,152.9785521,0.291366637,36.32660031,55.57190717,0.506990862,63.20989461,96.69758154,0.003717659,0.463505074,0.709063351,42.29175947,,434.56193565,33.640710436,694.2164369929999,250.5785927,33.83505801,32.354681923,5.674843566,7448.671252,40.88951181
234,Czechia,2018,,,,,74.9841705,18.5070789,99.999994639,1.756465237,84.61080171,6.199408726,47.82476199,12.39714937,11.62095102,0.861808937,6.171255346,1.229157992,28.792386925999995,99.999999994,480.15187186700007,25.99994394,0.609035169,0.850510832,10.43688688,,,0.847662649,165.3033754,0.351207529,41.43246484,68.48926289,0.49514292,58.41273302,96.55821934,0.0013122,0.154802137,0.255893157,45.47804143,,398.458057657,30.56979754,716.081614144,226.7054104,33.79648976,32.464667475,5.541428099,7415.993193,39.77808864
235,Czechia,2019,,,,,74.79800093,19.72708592,100.0,1.770083312,84.58669015,6.647777631,49.06667998,12.50962553,10.75068704,0.78893983,5.790925114,1.1691828456,27.668534191,99.99999999799999,454.032474079,26.30785144,0.622571302,0.848174147,10.1914216,,,0.97378951,193.561325,0.338116322,34.72170506,67.20779235,0.613019291,62.95193007,121.8505899,0.022653897,2.326364878,4.50294268,41.53286234,,406.504866398,31.017040002999998,734.013532755,227.6187388,33.79000209,32.5147101,5.384333972,7338.506149,38.42369449
236,Czechia,2020,,,,,71.51469687,20.16114802,100.00000568099999,1.644328799,84.59954144,6.235523909,48.30636693,7.804041746,9.96368812,0.647770444,4.842090819,0.9893096309199999,22.747077036,99.999999994,593.837212284,25.33595358,0.582546525,0.779325368,9.070608182,,,1.306626175,246.5195808,0.520534561,39.83806319,98.20862639,0.760378418,58.19402925,143.459677,0.025713195,1.967907557,4.851277459,35.00666237,,329.489648594,32.510110165,747.501041809,211.358367,33.91322574,32.323196095,5.22778676,6501.311927,43.88959133
237,Czechia,2021,,,,,66.83376473,20.41400486,100.00000531199998,1.792649603,84.61917162,5.982688757,47.73588088,11.03307623,9.925251106,0.659870251,5.063882978,0.9086408212,24.372030913000003,99.99999999799999,581.968827347,23.5564477,0.631843143,0.823349385,9.52194612,,,1.383907619,270.6882731,0.608311041,43.95604396,118.9838563,0.762909789,55.12721939,149.2229182,0.012686788,0.916736654,2.481498618,38.5049812,,355.428847648,28.610512303999997,767.4058603760001,190.2140887,33.95988659,32.501075422999996,5.123323122,6648.398556,41.23104289
238,Czechia,2022,,,,,,,,,84.67617604,6.197564276,51.92233513,9.68787348,9.000416663,0.632428262,4.947471533,0.74380779813,20.25136903,100.0,580.039004729,23.27529041,0.633707386,0.810059155,10.01178501,,,1.340923229,255.1960358,0.628902646,46.90071974,119.6887776,0.70328296,52.44766771,133.8443689,0.008737624,0.651612549,1.662889393,33.09316213,,378.5317957,28.732828055,782.297665767,201.895681,33.96702027,32.62652674,5.266212567,7026.655386,38.38979139
239,Czechia,2023,,,,,,,,,84.69820047,6.195136169,,,8.319660584,0.582716963,4.616648499,0.8358410925,25.432491220000003,100.000000002,495.582005943,20.79439768,0.632719954,0.798624045,,,,,,,,,,,,,,,,,328.7460229,26.037780617000003,792.262589154,182.3710991,34.4439773,32.669793424,5.045862707,7004.095386,
240,Denmark,1994,,,,,72.96576758,18.48909231,99.50135129399999,2.188667123,184.01,,44.60741252,12.76946471,13.64727055,2.734295578,10.48753597,1.049611027,31.483928711,100.0,188.16681064600002,,,,12.72734627,,,,,,,,,,,,,,,,415.995760031,12.786964729000001,383.555313093,256.1929215,15.75138357,29.122166866,6.039485834,20035.47573,42.62312276
241,Denmark,1995,,,,,62.69181393,19.85917459,98.856919775,2.216254412,186.745,,44.28539889,12.4922167,14.1598949,2.792106112,11.12093482,0.912344473,32.252812856,100.0,156.60676566,,,,13.0619863,,,0.762000284,391.8824785,0.513274438,67.35882502,263.967433,0.248725846,32.64117498,127.9150455,0.0,0.0,0.0,61.19223243,,356.64241297800004,11.266801023000001,398.299146633,222.1634004,12.85164347,29.089608948,6.136399843,19718.40986,43.22238441
242,Denmark,1996,,,,,62.47807985,16.3578992,99.54224042199999,2.227399045,186.7825,,44.49836446,11.5525888,12.15273673,2.372613942,9.766155673,0.938341141,33.452693232,100.0,157.07343778400002,,,,13.52579759,,,0.972221481,501.9046221,0.699157573,71.91340518,360.9367045,0.273063908,28.08659482,140.9679176,0.0,0.0,0.0,58.70169586,,357.990340923,11.545858594,411.62009125,225.4131368,12.85164347,29.090501287,6.087163803,19523.28924,43.94904813
243,Denmark,1997,,,,,68.55798522,19.21698212,99.17749705700001,2.251179803,183.96,,44.34115981,11.76160823,11.20993994,2.18623308,9.25261746,1.094366694,35.934782102,100.0,180.009390536,,,,13.55167076,,,0.83036,433.099192,0.56948195,68.58253651,297.0304115,0.26087805,31.41746349,136.0687805,0.0,0.0,0.0,55.83456425,,393.930730188,12.888904240999999,423.221912824,251.3675271,26.73487544,31.25770999,6.319745004,19502.62974,43.89723196
244,Denmark,1998,,,,,67.38836697,20.56925255,99.073676447,2.248615677,184.27,,43.14682373,10.51241728,11.14336757,2.168800479,9.407605531,1.127863845,37.634569762,100.0,182.919241256,,,,13.33005573,,,0.76248692,403.3789055,0.517290418,67.84253013,273.6624555,0.245196501,32.15746987,129.71645,0.0,0.0,0.0,58.93815306,,390.476690806,12.999576907,433.769985766,253.006898,27.25265018,29.176697837,6.002201773,19462.7025,46.34075899
245,Denmark,1999,,,,,67.18554717,21.81888654,99.39277989499999,2.246725215,185.9425,,48.63880045,9.722088583,11.07734747,2.180406124,9.658388075,1.035747824,34.636031912,100.0,188.065948246,,,,13.22574694,,,0.631322515,337.7207898,0.38009836,60.20668538,203.3304933,0.251224155,39.79331462,134.3902964,0.0,0.0,0.0,58.10048361,,394.061166993,13.246256406,442.962802623,260.7322616,22.20609579,28.910515068,5.99683919,19683.46781,41.63911097
246,Denmark,2000,,,,,72.68145003,23.49151859,99.761877028,2.234473415,186.12249999999997,,54.70801411,10.53086234,10.65172288,2.082646785,9.326513367,0.930543402,28.608049715,100.0,217.040415507,,,,12.42836984,,,0.572080352,303.3806491,0.316750589,55.36819918,167.9764021,0.255329763,44.63180082,135.404247,0.0,0.0,0.0,56.31205674,,424.81626391,14.566394879,447.820217739,284.8051511,22.5433526,29.229502942,6.348758379,19552.20585,34.76112487
247,Denmark,2001,,,,,72.97257733,22.95812585,99.448734085,2.244022757,186.64,,56.05509905,11.05825635,9.191529291,1.777165689,8.042870928,0.816178854,25.098795754,100.0,214.029725901,,,,11.64354974,,,0.519858819,276.5518781,0.249794714,48.05049088,132.884535,0.270064105,51.94950912,143.6673431,0.0,0.0,0.0,56.58187786,,419.40000339100004,14.716876114,452.56730865,284.5481579,22.5433526,29.264967732000002,6.499573718,19334.82049,32.8866446
248,Denmark,2002,,,,,68.15828751,23.37524379,99.740724056,2.264806784,186.825,,53.6375938,10.23912156,9.657704261,1.885670533,8.61246173,0.838498214,27.862150758000002,100.0,203.303339881,,,,11.98716327,,,0.462393389,247.1469466,0.252079205,54.5161785,134.7350706,0.210314184,45.4838215,112.4118761,0.0,0.0,0.0,62.80877743,,387.56896326,13.745134513,456.732052591,268.3742888,22.45412019,1.403733096,6.397418495,19525.0391,36.12328464
249,Denmark,2003,,,,,58.02775303,22.01614492,99.650812754,2.347741446,188.48,,56.56327081,10.56475982,,1.74381008,8.013988863,0.620618556,25.109570892,100.0,167.232864936,,,,11.10886652,,,0.478162107,253.4478798,0.174769294,36.55021834,92.63575346,0.303392813,63.44978166,160.8121264,0.0,0.0,0.0,54.53692115,,320.56795516,11.358867039,459.56775661800003,,18.80650995,1.762077864,6.47137076,,32.87196937
250,Denmark,2004,1.110181232,15.0,0.056236073,2615.648412,51.52738823,24.99520462,99.195757665,2.396638519,188.585,,50.69403013,9.70014174,7.697121402,1.459486205,6.827614574,0.695475423,32.34790563,100.0,143.429404916,,,,12.46057602,97.70870688,77.22915928,0.528286573,275.712069,0.16872501,31.93815988,88.05736139,0.359561562,68.06184012,187.6547076,0.0,0.0,0.0,50.30286344,1.81104271,284.564827736,10.057837651,467.80946259999996,190.7112353,19.51526597,1.768686771,6.778515063,18961.45493,39.60582928
251,Denmark,2005,0.922605911,12.5,0.052746829,2574.031744,49.80140512,27.17116594,99.28098646199999,2.430295832,188.845,5.380673499,48.23604252,8.766822667,7.101785101,1.263106157,6.107651134,0.806202982,39.342499362,100.0,137.257254591,,,,13.36804283,,,0.549059705,287.5709708,0.113178935,20.61322921,59.27766336,0.435880769,79.38677079,228.2933074,0.0,0.0,0.0,45.26957486,,270.93372078,9.908703302,483.54218674599997,176.2337775,19.51526597,1.766144746,6.834593902,17785.75583,42.99713481
252,Denmark,2006,1.103494547,15.0,0.048624302,2529.785893,47.59865822,23.87381153,99.648347382,2.476424391,188.875,5.310369573,46.87079998,8.612668438,6.423578311,1.121957927,5.627822187,0.809534599,42.117812024,100.0,129.034313272,,,,13.69135359,,,0.60698101,316.4027102,0.079000858,13.01537558,41.18100107,0.527980152,86.98462442,275.2217092,0.0,0.0,0.0,37.19861416,,256.16326537000003,9.641251444,501.60723983099996,168.39646,19.75151322,1.850547569,5.849122503,17466.24502,44.51653158
253,Denmark,2007,1.281713717,17.5,0.044599699,2608.504573,43.89894438,27.15306151,99.63981070599999,2.56751958,191.67,5.207404501,47.5489071,9.65239543,8.269849676,1.441402037,7.43393956,0.828743381,48.470750745000004,100.0,113.97412930300001,,,,13.51113625,,,0.540301085,277.8307978,0.099433803,18.40340607,51.13032989,0.440867282,81.59659393,226.7004679,0.0,0.0,0.0,41.45410112,,232.19340825,8.818083776,515.7436557860001,153.6957069,19.58503615,1.871079239,6.162862935,17429.60384,42.79869747
254,Denmark,2008,1.092175816,15.0,0.041898122,2694.957297,39.25348968,28.4910056,99.658622541,2.524850185,192.15249999999997,5.01385313,53.38338043,9.695382345,8.216461255,1.424703874,7.39038969,0.6382859070000001,41.055617045999995,100.0,95.030862204,,,,12.62932764,97.33114005,48.31539933,0.541613265,262.2271007,0.154373935,28.50261351,74.74157702,0.387239329,71.49738649,187.4855236,0.0,0.0,0.0,43.33983106,1.324828148,210.1715906,8.064647811999999,518.731634356,139.8379986,19.52216284,1.912323561,5.591478109,17339.6287,36.92123722
255,Denmark,2009,1.086347419,15.0,0.040229946,2339.919918,40.89802637,27.98514899,99.375303364,2.378778022,185.2075,4.944969059,58.78584976,11.09783647,6.608938426,1.063930271,5.486054468,0.480072298,27.922749836,100.0,97.079073171,,,,11.03619249,,,0.462853682,227.8884258,0.154226494,33.32078786,75.93421891,0.308627189,66.67921214,151.9542069,0.0,0.0,0.0,54.82746898,,229.11918888,8.865340279,515.64041541,142.7173818,,1.901920819,4.762893104,16098.35351,30.11631377
256,Denmark,2010,1.081532597,15.0,0.04385878,2545.624903,40.34303243,27.47845978,99.659799118,2.34156602,186.01,4.576538664,58.3354532,11.4804196,5.647465285,0.889448214,4.596513535,0.6017510580000001,34.926472909,100.0,101.616396555,,,,11.26079598,95.1812732,62.51828082,0.548172713,272.7578507,0.163010562,29.73708069,81.11022216,0.385162151,70.26291931,191.6476286,0.0,0.0,0.0,53.04295139,3.165102808,227.29836329,8.903689537,516.782591895,140.2287639,,1.924627708,5.87284458,15749.51185,30.1841272
257,Denmark,2011,1.256603451,17.5,0.043016457,2656.422895,36.75449616,30.06703125,99.400806508,2.269724186,185.135,4.719827789,57.58352355,12.60562945,4.762420175,0.763441162,3.949325132,0.626505967,38.689025113,100.0,104.092082842,,,,11.44225753,,,0.772503023,370.0531972,0.348105554,45.06203126,166.7534874,0.42439747,54.93796874,203.2997098,0.0,0.0,0.0,45.57322408,,213.66667432,8.376927226,517.305763252,134.2865775,,1.936424771,5.145147828,16030.52932,29.810847
258,Denmark,2012,1.251884086,17.5,0.046470742,2718.887104,35.41935934,31.18731467,99.427913374,2.072298452,184.8225,4.787651357,57.71781196,12.4170702,3.401429823,0.574743104,2.986637747,0.6473687929999999,37.875931849,100.0,107.889704335,,,,11.38547278,,,0.879682331,423.5927395,0.35973572,40.89382124,173.2232577,0.519946611,59.10617876,250.3694818,0.0,0.0,0.0,41.6429756,,226.37702896,8.881722797,519.64742648,150.0753857,,2.039794938,5.025806336,16897.10309,29.86511784
259,Denmark,2013,1.246675828,17.5,0.046891332,2869.336441,33.12280266,29.27373273,99.44523419800001,2.026823833,190.50750000000002,4.598300649,57.13767934,12.18482585,3.862409254,0.651066078,3.401644045,0.646496226,39.559873562,100.0,101.33755429600001,,,,11.86849744,97.77698519,70.58472964,0.789613999,389.0647631,0.384986703,48.75631686,189.6936487,0.404627296,51.24368314,199.3711144,0.0,0.0,0.0,46.77573279,1.604783573,217.2013805,8.538368550000001,522.4729346519999,143.9268022,29.64200477,2.064554434,5.757684633,16856.47572,30.6774948
260,Denmark,2014,1.063174728,15.0,0.046702998,2921.224954,32.50155519,33.07217972,99.449709151,2.032939279,191.25500000000002,4.846278013,56.83292508,11.88862621,3.590310108,0.610775557,3.224963343,0.661227267,41.359091692999996,100.0,100.918325219,,,,11.83165934,,,0.850762055,431.9523351,0.436258466,51.27855236,221.4989043,0.414503589,48.72144764,210.4534308,0.0,0.0,0.0,41.94414988,,209.16681857,8.441563558,528.011198721,143.6059987,29.64200477,2.097920895,6.124623216,17011.77723,31.27844871
261,Denmark,2015,1.055690674,15.0,0.05695679,3033.225577,39.64976457,36.87501354,98.920690725,2.111542517,191.2575,4.536687554,55.24709331,11.68741798,3.412903844,0.585656162,3.131882333,0.850032697,45.268368005,100.0,113.557736618,,,,11.72511713,,,0.87715498,467.1276247,0.479238352,54.63553913,255.2176962,0.397916628,45.36446087,211.9099285,0.0,0.0,0.0,42.64580974,,245.6514454,10.041613771,534.764685675,172.3146402,30.5760709,2.081319154,5.910277145,17160.05456,33.06548872
262,Denmark,2016,0.872903504,12.5,0.060589684,3312.074525,38.82319889,35.79277075,98.818944668,2.122231281,191.35500000000002,4.444384063,54.54878115,11.68177146,3.961994893,0.676858249,3.683652787,0.891404631,48.727743142,100.0,112.06224716,,,,11.58576346,,,0.806951973,431.73443,0.418586469,51.87253807,223.9516065,0.388365504,48.12746193,207.7828234,0.0,0.0,0.0,45.55008647,,233.77065149,9.955877645,544.228100173,170.0839625,30.36674817,2.116863766,5.162294992,17083.77388,33.76944739
263,Denmark,2017,,,,,36.56003585,38.23130606,98.41045701300001,2.106227255,191.3625,4.628791207,54.91684189,11.49193904,3.24344361,0.549998303,3.035569941,0.85494722,49.253596720000004,100.0,54.702940278999996,,,,11.57398015,,,0.778080767,416.5157746,0.416605866,53.54275333,223.0140138,0.361474901,46.45724667,193.5017608,0.0,0.0,0.0,51.18842365,,19.9415221,9.580325134,551.923510567,162.4558093,31.50478108,2.164757638,5.408793265,16957.23339,33.59121907
264,Denmark,2018,,,,,34.4907719,38.75410248,99.38311933899999,2.12435317,191.785,4.415178611,53.46683617,11.91452667,3.131982857,0.527944308,2.951514386,0.7545541179999999,46.474441952999996,100.0,49.265611103,,,,12.20688383,,,0.805523859,419.0986235,0.446985637,55.49005564,232.5580594,0.358538221,44.50994436,186.5405641,0.0,0.0,0.0,51.50951323,,18.38352724,9.076804920999999,559.057904226,153.0036311,36.73880221,2.191978803,4.97322501,16856.55167,34.61863715
265,Denmark,2019,,,,,34.74311644,42.45956113,99.680781062,2.070445867,193.1425,4.361197505,52.48470704,11.46913339,3.613866775,0.606400235,3.422524199,0.7950765340000001,47.38097785,0.0,0.0,,,,12.38514194,,,,,,,,,,,0.0,0.0,0.0,,,,9.470918159,564.4002104240001,158.9202743,31.033123029,2.23096586,5.35514411,16779.81708,36.04615957
266,Denmark,2020,,,,,31.10041332,42.58358968,99.60769635499999,1.894494876,193.23000000000002,4.434024278,51.64544843,7.56114362,3.163390067,0.486503556,2.79521021,0.6984865050000001,42.493540146,0.0,0.0,,,,11.28851256,,,,,,,,,,,0.0,0.0,0.0,,,,9.444164898999999,574.550828553,145.2435427,33.521126765,2.269841058,5.192855303,15379.18326,40.79340795
267,Denmark,2021,,,,,28.1140773,40.54520283,99.918047351,1.911975328,193.4925,4.263935822,52.6529178,7.064643995,2.428181852,0.380893112,2.219667518,0.5832536269999999,40.401192954,0.0,0.0,,,,10.93992798,,,,,,,,,,,0.0,0.0,0.0,,,,8.41294533,582.7533882719999,131.9684079,34.607645875,2.213263563,7.725485332,15686.35034,40.2824382
268,Denmark,2022,,,,,,,,,193.3975,4.159396211,56.83978226,9.528818046,,,,0.48729132599999997,33.033504623999995,0.0,0.0,,,,10.81529763,,,,,,,,,,,0.0,0.0,0.0,,,,8.539338288,578.882192321,137.2251436,35.089869283,2.213293108,12.22558639,16069.76313,33.6313997
269,Denmark,2023,,,,,,,,,193.4425,4.362847035,,,,,,0.534002168,36.294727111,0.0,0.0,,,,,,,,,,,,,,,,,,,,,8.496134988000001,577.46001653,137.5338303,36.274509803,2.200750043,6.043300434,16187.81134,
270,Estonia,1994,,,,,,8.119441531,99.99999999799999,1.068566181,105.803255472,,,,,,24.88865064,1.185244882,2.033484808,100.000000004,4007.833432245,,,,,,,,,,,,,,,,,,,,214.07630815000002,137.136100795,235.279799072,,12.890625,0.146032036,,,
271,Estonia,1995,,,,,395.5840033,8.993242131,100.000064727,1.07538176,105.782024031,,38.98747058,34.82795904,63.17191514,,23.10957419,1.009617086,2.74460997,100.0,2762.9145848119997,102.4212109,0.278428605,,9.094116558,,,0.419340252,23.32646307,0.139780084,33.33333333,7.775487691,0.279560168,66.66666667,15.55097538,0.0,0.0,0.0,74.19354839,,107.84149494,99.96310181,271.74631808099997,1345.686684,12.92850147,0.148334094,8.119037547,,26.18457037
272,Estonia,1996,,,,,340.1520524,9.015518379,100.000000002,1.149328833,106.600613384,,45.82697007,29.15394013,,,15.04668712,1.117684003,3.776506541,100.0,2548.700032645,62.72076336,0.211925171,,10.98666935,,,0.326089615,19.93883604,0.0,0.0,0.0,0.326089615,100.0,19.93883604,0.0,0.0,0.0,63.63636364,,64.63362120000001,86.408304985,291.96224337800004,,12.94117647,0.147165369,8.324788912,,25.0190898
273,Estonia,1997,,,,,333.5105585,9.752211524,100.000058176,1.228295827,106.527482849,,41.22790869,28.87211586,,,19.93519276,2.0984060319999998,7.728281179,100.0,3055.842585633,58.20283003,0.214356911,,11.10369169,,,0.218674735,15.26823414,0.0,0.0,0.0,0.218674735,100.0,15.26823414,0.0,0.0,0.0,72.22222222,,50.875190734,84.238895997,310.24590314700004,,13.66459627,0.153877486,9.317389511,,29.89997545
274,Estonia,1998,,,,,313.6029533,10.99868627,100.00000000099999,1.282793567,119.004482149,,43.04422557,29.2445366,45.21069137,,20.48831445,1.558533446,6.375184323,100.0,3481.612398241,52.9093622,0.216425857,,11.33735857,,,0.627397959,45.78922436,0.294092793,46.875,21.46369892,0.333305166,53.125,24.32552544,0.0,0.0,0.0,59.52380952,,41.674482413999996,80.644449874,329.876291011,1107.869135,13.66459627,0.149555376,9.50907239,,27.71123783
275,Estonia,1999,,,,,287.0297259,10.83825671,99.999999996,1.190005495,121.26444914300001,,46.32751104,31.92080198,36.38302544,,16.68771813,1.272065066,5.273894366,99.99999998999999,3911.513332769,52.04848882,0.215789459,,10.89321258,,,0.832271109,62.94373578,0.443877925,53.33333333,33.56999242,0.388393184,46.66666667,29.37374336,0.0,0.0,0.0,40.0,,41.344196609,80.65711419899999,334.398853717,1106.307979,13.63636364,0.172495836,9.893991552,,21.75168698
276,Estonia,2000,,,,,289.6179021,11.20871921,99.999999997,1.179797922,123.562160843,8.86762633,47.8538837,33.47304754,31.67455943,,14.60287691,1.8101119239999999,7.373737012,100.000000008,4229.8795952539995,,,,10.36809259,,,0.664328554,55.65659539,0.307859574,46.34146341,25.79208079,0.35646898,53.65853659,29.8645146,0.0,0.0,0.0,38.88888889,,46.263655367999995,82.57912995400001,336.397312808,1131.737292,13.63636364,0.180898658,10.71118323,,18.67306876
277,Estonia,2001,,,,,314.5026917,13.15560585,100.000000002,1.417165004,125.03892429599999,8.683485266,50.04432523,30.81172005,30.4379082,0.0,14.33598801,2.064296276,9.301822976,100.0,4231.784025155,,,,10.6968398,,,0.529549658,47.81552463,0.214682294,40.54054054,19.38467215,0.314867364,59.45945946,28.43085248,0.0,0.0,0.0,40.54054054,,29.1415209,65.99832737700001,297.391786701,1045.241839,13.54705274,0.178718988,10.26599112,,19.14168163
278,Estonia,2002,,,,,282.4068014,14.319012,99.544884828,1.50853083,127.265864596,9.086670905,48.07236482,30.46129535,32.58952254,,16.1670352,2.007311003,10.722441725000001,100.0,3823.153444469,,,,10.7580384,,,0.830927904,81.24608301,0.230103112,27.69230769,22.49891529,0.600824792,72.30769231,58.74716771,0.0,0.0,0.0,25.3968254,,24.199584313,55.103062148,294.343712606,928.6955326,13.54705274,0.184971971,9.464096063,,21.46633982
279,Estonia,2003,,,,,202.9238285,12.19984793,100.00004991,1.461789425,129.03279072,8.906211129,48.21267546,27.35516801,22.11285647,,11.964515,1.6137055120000001,11.624547686,100.0,3260.776365981,,,,11.65377531,,,0.731894809,77.59044071,0.182973702,25.0,19.39761018,0.548921107,75.0,58.19283053,0.0,0.0,0.0,30.43478261,,18.370710057,44.494481099999994,320.522061357,751.1012257,13.66006257,0.182366296,9.650091435,,24.43215653
280,Estonia,2004,0.733918021,2.359046945,0.05439663,484.8952332,168.2924463,12.39380296,100.0,1.500170269,126.8318,7.62585147,49.68900328,27.0689708,21.53261558,,12.47660636,1.3644152349999998,12.162489445,100.0,2852.933223672,49.39953782,0.440350813,,11.43324564,99.51706295,50.41259407,0.777298069,87.07162069,0.204552123,26.31578947,22.91358439,0.572745946,73.68421053,64.1580363,0.0,0.0,0.0,29.11392405,0.244642566,15.849805151,39.228749313,349.687717925,650.0155852,,0.178558143,9.707217394,,23.24202592
281,Estonia,2005,1.476259896,4.71809389,0.06569776,683.959329,152.1746481,13.08153109,100.000000002,1.584243878,136.68789812400001,8.301518967,49.50597426,25.81316381,21.08919489,,12.54820911,1.4346133060000001,14.935321359,100.0,2334.157255061,45.37671818,0.472403167,,12.07781756,,,1.075527604,131.0068608,0.176316001,16.39344262,21.47653455,0.899211603,83.60655738,109.5303262,0.0,0.0,0.0,19.68503937,,17.553544406,35.377816529,368.307652549,571.5339458,14.05405405,0.173632425,8.667405478,,24.68086193
282,Estonia,2006,1.484990459,4.71809389,0.057864485,731.749096,135.7993785,14.75069428,99.45410193,1.717306821,138.652984146,8.853767071,51.56381224,22.96593105,23.41329049,,15.14690268,1.548529793,19.58256918,100.0,1881.8554985389999,40.51283677,0.512321708,,13.01914755,,,1.112836458,147.8551963,0.154765335,13.90728477,20.56264319,0.958071123,86.09271523,127.2925531,0.0,0.0,0.0,17.72151899,,15.065967926999999,32.84416777,415.34440644399996,511.5773142,10.95317726,0.171937686,8.630247517,,25.47025671
283,Estonia,2007,1.491780291,4.71809389,0.050580358,846.7658203,108.7340341,12.76477113,98.835876161,1.820316556,139.683887734,8.25729927,53.66975176,20.17249641,20.27306578,,14.61944685,1.432522476,23.98185995,100.0,1323.8553629799999,32.52492559,0.544499806,,13.60797359,,,0.951142145,136.114265,0.182911951,19.23076923,26.17582019,0.768230194,80.76923077,109.9384448,0.0,0.0,0.0,20.25316456,,12.147895876,23.528263844999998,393.886684326,430.7547679,11.0,0.165483004,8.067184485,,26.1569112
284,Estonia,2008,2.243678436,7.077140835,0.048239462,877.1705719,97.07045546,14.03842771,98.26125569499999,1.765097338,140.58740264600002,7.785823171,56.38746597,20.92831114,14.10376955,,9.872185118,1.0477022059999999,19.051073603,100.0,1066.538635533,,,,12.78064613,98.75172905,33.5976633,0.992895442,139.5839065,0.138403607,13.93939394,19.45715061,0.854491835,86.06060606,120.1267559,0.0,0.0,0.0,21.11111111,0.424691167,11.297793356000001,23.203644565,421.927469308,384.9430568,10.86956522,0.178085241,7.94593917,,22.68422289
285,Estonia,2009,2.997343604,9.43618778,0.044843997,660.0255524,108.3982535,15.45279402,99.99999999799999,1.595433547,140.58976174600002,8.524521153,60.65109372,23.78548175,11.6298002,,7.493359011,0.518844134,7.636482168000001,100.0,1138.726992109,,,,11.29174346,,,1.103888973,144.4926675,0.26181982,23.71794872,34.27069678,0.842069152,76.28205128,110.2219707,0.0,0.0,0.0,24.6835443,,12.697223933,28.374578192999998,417.624380373,437.771875,10.86956522,0.171232877,8.376197631,,15.56342452
286,Estonia,2010,3.004187086,9.43618778,0.048809488,716.1223455,114.8738546,12.3828592,100.0,1.685404533,140.618070346,7.812843875,61.3407962,23.34842009,9.455076419,,5.933269494,0.5483458689999999,8.045213016,100.0,1254.261726773,,,,12.00169892,98.84561579,38.97764125,1.166805496,164.2188464,0.237431351,20.34883721,33.41662573,0.929374145,79.65116279,130.8022207,0.0,0.0,0.0,21.71428571,0.455206568,12.724896194,28.928469511,424.432302497,427.7067058,11.0367893,8.202081763999999,9.327745218,,15.31183383
287,Estonia,2011,2.259990855,7.077140835,0.055556927,971.5685617,96.67939911,12.44925933,99.999955447,1.690710458,140.794998846,8.011106967,59.63110594,22.32279614,11.92866423,,7.608635877,0.762643534,13.33695936,100.0,1049.9216265579998,,,,12.65270384,,,1.511039946,234.068716,0.563641884,37.3015873,87.31134646,0.947398061,62.6984127,146.7573696,0.0,0.0,0.0,19.79695431,,10.408160098,26.298407917,459.901358967,364.736941,11.0367893,8.30782909,9.201767173,,18.04702061
288,Estonia,2012,2.268094861,7.077140835,0.063946617,1112.876277,98.84409255,13.78272941,100.0,1.720204038,141.45789104600001,8.301825426,59.00315958,22.97811451,9.800608314,,6.577475096,0.932484328,16.228218734,100.0,949.046709073,,,,12.96137275,,,1.37358022,219.39261,0.26623233,19.38236489,42.52347622,1.10734789,80.61763511,176.8691338,0.0,0.0,0.0,18.25298723,,10.292060380999999,28.297391402,492.465388865,385.6353775,11.0367893,8.62884563,9.12241348,,18.01872591
289,Estonia,2013,1.517454137,4.600874166,0.047864652,912.1090564,88.64607673,12.08419307,100.000044919,1.689239809,138.33218313900002,7.556127786,60.25455713,21.37958725,8.889376646,1.060244118,6.145689254,1.002119885,19.096401583,100.0,852.7757539050001,,,,12.47731829,99.38775485,40.45299226,1.274563762,205.0004173,0.140131684,10.99448201,22.53873402,1.134432079,89.00551799,182.4616833,0.0,0.0,0.0,18.03385168,0.249197183,8.983507201,30.418154861999998,579.648512128,362.8001272,11.32075472,8.798141333,9.058980357,11927.09186,18.36585562
290,Estonia,2014,1.521438977,4.600874166,0.047678594,966.0194212,83.72752759,13.04803883,99.99995515900001,1.696409024,138.695652139,8.130276477,60.74466901,21.1872088,8.234797297,0.979354455,5.93361201,1.015991125,20.585069359000002,100.0,717.009679425,28.40461317,0.575507913,0.949887249,12.0443646,,,0.813837593,138.4105948,0.077313574,9.499877421,13.14883684,0.73652402,90.50012258,125.261758,0.0,0.0,0.0,23.87090122,,10.610569761,29.90314188,605.869711565,355.6344395,11.32075472,8.903171247,8.981281295,11892.87871,18.06812219
291,Estonia,2015,1.520441962,4.600874166,0.060891129,1059.630213,100.2800602,16.19710325,99.999999998,1.745077379,138.345985765,7.290528944,58.09413237,21.92085371,6.716118685,0.808540114,5.093480573,1.205769687,20.982859294,100.0,818.97060128,35.95844953,0.625750585,0.993317718,11.27333992,,,0.960431018,167.1345669,0.063495566,6.611153167,11.04952221,0.896935452,93.38884683,156.0850447,0.0,0.0,0.0,20.4257149,,12.647558515,36.200350493,629.960156828,435.8087894,11.34020619,9.046206019,8.589036962,12038.80027,19.98583733
292,Estonia,2016,1.519999392,4.600874166,0.060066517,1098.93752,97.43881673,14.92822243,100.0,1.782676567,138.582930753,7.969749855,58.1481627,21.18215759,6.835467411,0.820771294,5.395997842,1.257268085,23.002150795,100.0,752.38351864,35.90527062,0.656899239,0.999192465,11.29979883,,,0.749957122,138.6049129,0.066673073,8.89025138,12.32232518,0.683284049,91.10974862,126.2825877,0.0,0.0,0.0,22.68470343,,13.142297078999999,35.934288816999995,657.430136974,431.4823105,11.36950904,8.997816557,7.746473788,12007.53722,20.6696797
293,Estonia,2017,,,,,90.07871455,14.72969528,99.99999999900001,1.841007633,141.026900574,7.941388604,59.12107969,20.07371866,4.439799099,0.534891055,3.643584558,1.224132627,25.018521554,100.0,632.4381928800001,31.52761217,0.644353583,0.945933769,11.66441855,,,0.884465109,176.2773111,0.057901416,6.546489564,11.53997578,0.826563693,93.45351044,164.7373354,0.0,0.0,0.0,17.57322176,,13.631260489,33.329619049,681.182555739,401.5432837,11.36950904,9.065079149999999,7.45811093,12047.64096,20.80448871
294,Estonia,2018,,,,,80.43717573,15.95738334,100.000040598,1.863395505,141.10643277399998,7.42384355,59.51232036,20.29518838,5.983745646,0.722304215,5.068166844,1.107765658,25.662322418000002,100.0,547.0746012,,,,11.74824147,,,0.946314725,201.0582605,0.101804029,10.75794621,21.62973951,0.844510696,89.24205379,179.4285209,0.0,0.0,0.0,15.11627907,,13.618506987,30.288843739,701.6665191320001,365.6198107,11.36950904,9.063250059,7.068434369,12071.10492,20.19249126
295,Estonia,2019,,,,,78.32908704,24.93918644,99.99999999799999,1.834818501,141.27485376099997,7.380650927,59.96774174,20.25252556,4.460035509,0.525715048,3.918914642,1.107781652,26.123334275,100.0,444.2248206,38.35034422,0.904364917,1.213188573,11.79215081,,,0.899788305,201.3720572,0.112697144,12.52485089,25.22154991,0.787091161,87.47514911,176.1505073,0.0,0.0,0.0,16.34980989,,12.527806682300001,31.611198025,745.4446385269999,372.6087486,11.8251928,9.064969271,6.934298132,11787.23908,19.7797327
296,Estonia,2020,,,,,72.03938486,32.17743563,100.000000003,1.699786841,141.174268961,6.876332623,66.68150456,14.11237404,5.332717108,0.594098816,4.512900125,0.7890410959999999,18.593900664,100.0,383.65252062,41.49320107,0.977795027,1.287214102,9.86323623,,,1.006198217,219.6671146,0.116660663,11.5942029,25.46865097,0.889537555,88.4057971,194.1984636,0.0,0.0,0.0,14.9825784,,8.394393755,32.23488694700001,759.6211269880001,359.1172717,11.8251928,9.210103911000001,6.369805111,11140.64002,19.2061214
297,Estonia,2021,,,,,63.95007864,28.68261245,100.00000000300001,1.78700189,211.782456161,7.145859605,66.23464406,13.6549769,4.75441296,0.531411748,4.132442529,0.800167128,22.163416313000003,100.0,399.56816719,37.97660789,1.051894462,1.352684451,10.16476113,,,1.094036934,250.6877596,0.192499167,17.59530792,44.10928321,0.901537767,82.40469208,206.5784764,0.0,0.0,0.0,13.80368098,,7.866583062,28.074994039,777.634770187,313.800711,19.28020566,6.137406289,6.40620172,11177.23162,20.10972281
298,Estonia,2022,,,,,,,,,211.82923981200003,7.380480282,66.95573389,15.82618133,4.27492925,0.469035672,3.706888882,0.726712316,20.430888762000002,100.0,307.31930184,36.91839905,1.037928887,1.313299882,11.0817744,,,0.974698412,215.787441,0.277691855,28.49002849,61.47790341,0.697006557,71.50997151,154.3095376,0.0,0.0,0.0,14.04109589,,10.07344888,28.111172145,790.321313153,308.4294908,11.91489362,6.193640778,6.149709518,10971.77625,17.21758697
299,Estonia,2023,,,,,,,,,211.983625687,7.121428571,,,4.925285917,0.541943686,4.318585729,0.735798884,21.944271210000004,100.0,243.61373334,34.36018806,1.024749156,1.285968068,,,,,,,,,,,,,,,,,10.01354052,26.7193167,796.8698305519999,294.0004949,11.95559351,6.232392792,5.506813546,11003.29392,
300,Finland,1994,,,,,111.9552483,19.41532937,100.0,2.272758681,1.923569388,,51.4803517,21.17351516,11.49700599,,9.43334487,0.652531254,13.246774537999999,99.999999999,676.141996788,33.01186247,0.670160542,,12.06485972,,,,,,,,,,,,,,,,587.064103774,22.101461283,448.672875784,404.177495,33.28213006,,6.780131114,,27.34613314
301,Finland,1995,,,,,84.6455061,20.38648843,99.99999999799999,2.22371045,1.923569388,,50.4895341,19.0243079,10.45767133,1.89733156,8.633871009,0.600986518,15.788432958,100.000000003,474.17377213,25.03986286,0.657818744,1.445585951,12.24599483,,,0.695085693,260.0865792,0.229327543,32.99270073,85.8095867,0.463728703,66.71532847,173.5176156,0.002029447,0.291970803,0.759376873,56.72348485,,456.002819852,17.32160087,455.053359676,314.2651836,35.05717699,,6.551884058,18142.96415,30.486158
302,Finland,1996,,,,,83.90255257,17.82559393,100.000009021,2.163354293,1.923897699,,48.193887,18.64773078,9.501411101,1.699668565,7.883583666,0.732143014,18.877670391000002,99.99999999799999,526.658608374,25.30789993,0.652542173,1.406854376,12.77586037,,,0.610287707,236.1840442,0.188082247,30.81861958,72.78866209,0.42024627,68.86035313,162.6371669,0.00195919,0.321027287,0.75821523,55.07853403,,466.64919949,17.988997545,463.83064500300003,321.7978185,35.17064846,,6.559806034,17888.59093,33.15838222
303,Finland,1997,,,,,92.15652912,19.4357918,99.999991455,2.275421682,27.765192548999998,,48.66695489,17.92765528,10.06202619,1.828655024,8.521674334,0.830908855,20.515833677,99.99999999900001,615.758872124,27.42169425,0.677064536,1.452903992,12.92563892,,,0.59653271,244.3271827,0.202153294,33.88804841,82.79771397,0.393476946,65.96066566,161.1598361,0.00090247,0.15128593,0.369632652,56.4,,498.64934434699995,18.873713881,466.00776094599996,343.007572,35.14066496,0.54761451,6.489749193,18173.82493,33.40538983
304,Finland,1998,,,,,88.44654079,20.86524501,99.999991562,2.300411099,27.79802357,,46.34857522,16.93836978,8.928571429,1.606849033,7.761718351,0.94581657,24.599796100000002,100.0,602.606949669,26.33589031,0.684971645,1.418044272,13.2247774,,,0.578548068,252.5826214,0.210833873,36.44189383,92.04589073,0.367714196,63.55810617,160.5367307,0.0,0.0,0.0,55.34274194,,481.08711682599994,18.571980324,483.039675199,334.2345286,37.44673598,0.563430326,6.369834237,17996.70917,36.713055
305,Finland,1999,,,,,89.93550742,21.71114741,99.999991779,2.355068286,27.791457364,,47.68815823,16.46545081,9.367528798,1.674325443,8.34386157,1.2598982829999998,32.991938402,99.99999999799999,582.873825588,26.46674289,0.693063212,1.390738999,13.02987198,,,0.569668127,257.9240517,0.208011598,36.51452282,94.17973674,0.360868606,63.34716459,163.3875736,0.000787923,0.138312586,0.356741427,53.50253807,,487.35210947499996,19.030704467,498.34168175300005,340.1493967,38.27964359,0.600147182,6.35326087,17873.71546,35.84639096
306,Finland,2000,,,,,93.21690654,21.51781206,100.000008517,2.269450866,27.761909446999997,6.508451353,48.12770043,16.91070571,8.477842004,1.495677831,7.650386605,1.3105109190000002,31.905589593000002,99.99999999900001,671.949178256,28.3289372,0.689693944,1.348376226,13.24979327,,,0.528429662,239.0861759,0.170768532,32.31622746,77.26363245,0.357661131,67.68377254,161.8225435,0.0,0.0,0.0,52.25048924,,530.170331683,21.009668255999998,511.499632258,370.6567666,40.51930304,12.503494017000001,6.164676304,17642.19987,34.96159386
307,Finland,2001,,,,,91.76061045,19.61892656,100.00000841500001,2.291059883,27.812797527,6.632798555,51.31017672,17.4527727,9.087093389,1.607015942,8.34617063,1.072868491,26.787159929999998,100.000000006,625.6553824160001,28.17812215,0.703545561,1.354643923,12.38154162,,,0.494371768,230.8433846,0.141051525,28.53146853,65.86300764,0.351245955,71.04895105,164.0118033,0.002074287,0.41958042,0.968573642,51.66508088,,524.875020386,20.801128364999997,519.358297096,367.8595946,41.02564103,12.529005262,6.244942531,17684.59807,31.23705058
308,Finland,2002,,,,,85.96539585,19.17237322,99.999999997,2.320872523,27.842017137,6.449301326,48.50244847,16.87734882,8.512820513,1.507255346,7.979851548,1.06448898,28.738810424,99.999999997,596.1319118619999,26.4236621,0.7133795,1.34744996,12.73845618,,,0.50442466,236.7320793,0.151529437,30.0400534,71.11444303,0.350201366,69.4259012,164.3533795,0.002693857,0.534045394,1.264256765,54.93934142,,493.74796033800004,19.610124965,529.429307938,347.2111933,41.02564103,12.537680173,6.143410257,17705.71039,34.62020271
309,Finland,2003,,,,,71.4664335,17.21945078,99.99999184800001,2.353223874,27.878459567,6.342695857,46.9470405,15.76323988,7.611970275,1.323787625,7.270266299,1.081510962,35.611644248,100.00000000099999,480.142880369,21.90472741,0.721271802,1.313309095,13.31784425,,,0.53377617,249.9586981,0.181220305,33.95061728,84.86252096,0.351237899,65.80246914,164.4789952,0.001317966,0.24691358,0.617181971,54.05172414,,411.32058583799994,16.679034275,549.201862911,290.0628664,41.01862929,11.765152276999999,6.004320633,17390.86698,37.28971963
310,Finland,2004,2.29525731,3.93972225,0.031932411,1206.156186,63.82385805,18.76861399,99.999992066,2.410766134,27.874519846,6.385723046,49.21423502,15.95863328,7.368834742,1.254082456,7.172679093,0.966825102,36.519073973000005,99.999999999,432.21329099499997,19.74889958,0.745958626,1.304245755,13.14348156,82.14524587,54.22198052,0.586427141,276.6383086,0.206603762,35.23093448,97.46226125,0.377303821,64.33941998,177.9874832,0.002519558,0.429645542,1.188564162,49.49409781,11.78546756,364.109192677,15.142007951,571.946370504,257.6978205,45.6192301,11.83017104,5.773436151,17018.73499,34.8271317
311,Finland,2005,2.287415251,3.93972225,0.031265896,1221.085165,61.62950198,22.9924271,100.00000792200001,2.406930983,27.867625335,5.997938209,50.16286645,16.16210002,7.334300919,1.217559587,7.224419835,0.969892733,37.879024701999995,100.000000008,408.15752303499994,19.08382568,0.745316136,1.256110286,13.34646072,,,0.532525336,247.1081971,0.170626704,32.04104903,79.17605858,0.361291419,67.84492588,167.6503731,0.000607212,0.114025086,0.281765333,50.20920502,,355.979606417,15.192794689,593.352466331,252.2139877,45.6559665,11.833228053000001,5.693537179,16600.89489,33.67503353
312,Finland,2006,2.088765707,3.617112229,0.030632427,1262.747927,59.00184294,19.27535889,99.99999219300001,2.432209489,27.96257933,6.302499514,51.73623938,16.18950868,6.44295302,1.037840402,6.380229795,0.9392360519999999,38.717740911,99.999999998,378.38260195199996,18.10315789,0.746259021,1.213902614,13.13886327,,,0.512443825,235.2427169,0.135340694,26.41083521,62.12956632,0.375946373,73.36343115,172.5821287,0.001156758,0.225733634,0.531021934,48.49445325,,338.76672961799994,14.913188001,614.760205901,240.2238382,51.6003387,11.839710858,5.345603163,16108.14791,32.07425194
313,Finland,2007,1.890816682,3.288500115,0.028592333,1386.053903,51.2825848,20.3875864,100.00000000300001,2.485994721,27.643131968000002,6.060302012,53.82944052,17.0106826,7.136150235,1.130852758,7.18510339,0.730900654,35.431446552,100.0,316.702712571,15.8359793,0.767671573,1.208226894,12.72991288,,,0.544175505,256.8427445,0.112790797,20.72691552,53.23557868,0.42871194,78.78192534,202.3456592,0.002672768,0.491159136,1.261506604,43.2413305,,292.97064362500004,13.106792585,635.370373138,207.7009601,51.65282251,11.944575943,5.26963547,15846.81826,29.15987688
314,Finland,2008,1.693831011,2.961500494,0.027311957,1468.639566,43.84395469,22.35757948,100.000007986,2.357611954,27.660414608,6.035462044,54.03864159,17.23550941,6.493016233,0.964351513,6.474198531,0.69033543,37.121247620999995,99.999999999,295.14122713800003,14.06990688,0.756577852,1.126945663,12.83763112,88.19883125,52.60828578,0.670218516,303.0272203,0.16832677,25.11520737,76.10591477,0.500862224,74.7311828,226.4558259,0.001029522,0.153609831,0.465479601,40.88699878,7.039087133,262.497970354,12.484991369000001,671.352556064,185.4287728,51.81618517,11.964269715,5.168843022,14852.13464,28.72584901
315,Finland,2009,2.060360702,3.619611714,0.028222734,1340.056727,47.18449301,22.23915491,100.000008362,2.240389775,27.666995718,6.237600594,56.05942902,19.89706739,5.229615745,0.754307665,5.225823962,0.517480622,24.570737892000004,99.999999996,290.592173797,15.26642784,0.724872356,1.046297728,11.4647696,,,0.707026801,303.7720224,0.198627763,28.09338521,85.33984443,0.507298607,71.75097276,217.9593811,0.001100431,0.155642023,0.472796922,42.59028643,,298.833118815,14.590902213,692.797409819,210.4557946,51.81618517,13.151059992,5.115243879,14423.76842,24.04350359
316,Finland,2010,2.237406756,3.948667325,0.030904895,1437.241486,49.98194025,20.09873809,99.99999197599999,2.324425285,27.667324778,6.372894514,56.01034037,18.07841448,5.054352876,0.706143369,5.071455314,0.6050292429999999,28.137068013,99.999999992,324.967621618,16.19729865,0.753260275,1.048830593,12.33944369,88.89133157,66.84809356,0.680333576,293.3991224,0.206226115,30.3125,88.93660899,0.47304444,69.53125,204.0040773,0.001063021,0.15625,0.458436129,42.83879255,8.353945133,305.714733712,15.443198133000001,718.19060166,215.7568383,51.91755364,13.129142038,5.138887202,13970.99464,25.91124515
317,Finland,2011,2.598235575,4.606930139,0.031066193,1589.002374,44.6057935,22.51784037,99.999991864,2.281538683,27.668893351,5.956724307,55.2764977,17.20430108,5.361733382,0.728571635,5.419177057,0.609424416,31.171403374,99.999999993,266.846636198,14.69498025,0.751632434,1.010518878,12.968515,,,0.671218901,285.7746392,0.17929474,26.71181339,76.33558835,0.491419105,73.21294206,209.224021,0.000505056,0.075244545,0.215029826,40.34334764,,279.101244915,14.542014579,743.8084046529999,197.6021295,53.36473755,12.406096828,5.120912876,13588.36002,27.51920123
318,Finland,2012,2.770609595,4.935996578,0.031180727,1487.572246,46.41945954,24.49832988,99.999991658,2.21458242,27.659021361,5.791863403,57.27245237,17.82582401,4.701760856,0.617486192,4.710036312,0.560973881,26.762980445000004,100.000000003,272.58058263600003,15.48646269,0.738829225,0.968605791,12.74570261,,,0.891378204,364.2568599,0.22234713,24.94419643,90.86094664,0.668036232,74.94419643,272.9893766,0.000994842,0.111607143,0.406536674,18.90096618,,297.555855853,15.988406044,762.775973487,209.977076,53.36473755,12.363492044000001,5.233405008,13133.08377,24.90172362
319,Finland,2013,2.390157552,4.277863701,0.030464499,1519.94182,43.60038732,23.80366261,99.999999997,2.175320263,27.653756291,5.793281706,57.2496724,18.36892006,4.762783829,0.609170279,4.743543449,0.48147044699999997,24.021634975,100.000000003,253.16989130000002,14.66673078,0.731755927,0.939727795,12.27469273,91.51029455,73.79038605,0.974936497,399.7582916,0.298549831,30.62248996,122.4159427,0.674918388,69.22690763,276.7403032,0.001468278,0.15060241,0.60204562,17.47456613,6.845772332,282.715855791,15.607424673,778.689244899,199.6223132,53.36473755,12.374988797,5.105617721,12790.21474,24.38140754
320,Finland,2014,1.830994787,3.290664385,0.031284808,1574.478459,38.94834789,23.42776274,100.00000934,1.960162863,27.646516831000003,5.718663806,57.59567974,18.3689442,4.186012503,0.528291875,4.192978062,0.477681784,24.040412254,99.99999999599999,243.514404196,14.30895191,0.72013025,0.907323994,11.8997504,,,1.00629782,413.4231917,0.308365999,30.64361191,126.6877984,0.696965157,69.26032661,286.3382529,0.000966665,0.096061479,0.397140434,17.55288736,,279.939537668,15.770498754,793.6858877230001,199.0301356,54.77792732,12.382318662,5.009359073,12620.40845,24.03537607
321,Finland,2015,2.007471077,3.619492613,0.038054846,1628.820788,45.60756888,25.26095084,99.999990653,1.952090973,27.61080583,5.630334865,55.52494884,18.92019518,4.896182791,0.609569427,4.927429008,0.572355045,24.49789955,100.000000005,285.166941839,16.84613618,0.721047112,0.892003262,11.67637707,,,0.957967689,410.0284502,0.270596305,28.24691358,115.820382,0.686425243,71.65432099,293.8031018,0.000946141,0.098765432,0.404966371,17.08571429,,332.40754913500007,18.88573383,808.345823739,235.1253302,55.07344251,11.172088369,4.951875903,12449.89114,25.55485597
322,Finland,2016,1.819735873,3.29044783,0.038517789,1687.619409,49.46729308,26.36234124,99.96990002300001,2.16736129,27.609489654,5.751399044,53.10307609,18.8111942,5.123011854,0.566901272,4.694918551,0.604681575,26.493534566,100.000000007,305.61714911,16.56343239,0.725710666,0.87627995,11.64624018,,,0.937393687,418.1172671,0.274000313,29.23001471,122.2157387,0.66247391,70.67189799,295.4914085,0.000919464,0.098087298,0.410119929,16.89734717,,287.17600260300003,18.901987187,828.172168134,209.1652504,55.18056024,11.13462081,4.801905244,11065.78098,28.0857297
323,Finland,2017,,,,,44.22576311,26.54735748,99.950867785,2.052612153,27.612200575,5.640465793,53.51059102,19.24900015,4.738675958,0.510319496,4.320819779,0.5829229819999999,27.05468597,100.000000003,304.207591353,15.73649139,0.73036378,0.862611485,11.88388959,,,0.951918021,429.7493346,0.244806696,25.7172036,110.5195114,0.70525539,74.08782843,318.3919497,0.001855935,0.19496797,0.837873552,16.0,,309.34433199899996,18.242849376,846.689144535,196.4616654,56.20992238,11.081763748,4.748265186,10769.24231,27.24040883
324,Finland,2018,,,,,41.74237572,26.2623141,99.962706502,2.086602273,27.595419845,5.614339006,53.43489713,18.45233858,4.738678722,0.501131845,4.333223039,0.5409747189999999,27.042031359,100.000000005,291.517366454,14.7112219,0.735378772,0.850456386,12.02005767,,,0.98050218,444.0924459,0.21116927,21.53684854,95.64351747,0.765863395,78.1093006,346.8775035,0.003469515,0.353850858,1.571424932,15.01901141,,287.795042293,17.298032137,864.687223793,182.9327386,56.19304759,10.959431372,4.630765303,10575.34968,28.11276429
325,Finland,2019,,,,,41.39362954,27.3129695,99.92051144,2.012966336,27.587931430999998,5.582514811,53.03686865,19.18022306,4.187588068,0.432111938,3.821351976,0.5315867009999999,25.85099335,100.000000001,296.241612977,14.89674724,0.724426915,0.81916955,11.83856427,,,0.914958017,419.5447368,0.19344779,21.14280507,88.70352588,0.720009339,78.69315593,330.1529939,0.001500888,0.164039005,0.688217011,15.67382813,,296.589062966,18.185181853,884.343069731,187.6506008,56.23839271,10.934873276,4.679776645,10318.87404,27.78290829
326,Finland,2020,,,,,37.97318016,28.66591815,99.904149198,1.867130611,27.579785481000002,5.29329167,57.17513179,12.08267091,4.593865233,0.448324653,4.032883007,0.45593708,22.418308344,100.00000000399999,295.786909397,13.88080745,0.682515716,0.758734189,10.41336284,,,1.04143036,486.9941967,0.288189281,27.67244857,134.7632186,0.751560675,72.16619605,351.4451867,0.001680404,0.161355385,0.785791362,16.32366698,,271.155726623,18.294690893,899.54522463,178.54161,56.59006421,10.919289418,3.831164703,9759.203422,30.74219731
327,Finland,2021,,,,,33.30386008,27.49208745,99.89514583200001,1.781415217,27.578401572999997,5.266481435,59.72975036,10.80235132,4.657902909,0.446878642,4.060626416,0.41752557,22.339581342000002,100.0,275.83958076700003,13.14464829,0.703300495,0.773993808,10.80971794,,,0.906392621,415.3537245,0.243353653,26.84859155,111.516625,0.663038968,73.15140845,303.8370995,0.0,0.0,0.0,17.4366617,,244.563334009,16.982885586000002,908.66423987,162.933599,56.75904022,14.552152594,3.831737937,9593.987913,29.46789831
328,Finland,2022,,,,,,,,,27.559319353,5.168169078,60.52413221,14.43092242,4.109445435,0.384993201,3.52765048,0.37317743000000003,18.93304411,100.000000005,281.154858065,13.480562,0.683932236,0.746415389,11.1786167,,,0.833809636,356.8564753,0.207331697,24.8655914,88.73447302,0.626477939,75.1344086,268.1220023,0.0,0.0,0.0,18.39416058,,255.3218443,18.060402018,916.289034087,169.1987907,57.92497465,14.609238512000001,4.120464309,9368.49526,25.04494537
329,Finland,2023,,,,,,,,,27.543856182,5.072935845,57.35362531,16.50827407,3.83205947,0.354851076,3.277065697,0.367134414,19.735635711,100.000000005,242.21563761800002,11.59277154,0.623179706,0.674798767,11.11447608,,,,,,,,,,,,,,,,244.84066747999998,17.179597984,923.5045119030001,159.0841394,57.88672866,14.540383532,4.198651821,9260.061822,26.13810062
330,France,1994,,,,,87.0726273,36.15640173,100.00000000099999,2.045881271,173.148259727,,54.21188175,12.34399419,19.84094684,,15.2020346,1.64171062,38.574062977000004,100.000000005,289.511267971,27.45973866,0.645201216,,14.48706461,,,,,,,,,,,,,,,,540.463327864,22.542228172,529.658100818,326.0923012,,16.239001732000002,4.201934499,,33.44412406
331,France,1995,,,,,76.40214737,35.59442949,100.00000000200001,2.054284,181.740100688,,55.79144721,12.14643345,19.09259188,,14.93190064,1.421503382,38.221063975,100.000000003,295.706884929,24.14984604,0.649335641,,14.34931693,,,1.125760769,,0.227007615,20.16481841,,0.886933143,78.78522399,,0.011820011,1.049957603,,1.620647115,,473.892978867,19.854974805,533.856107129,290.8675864,,15.659458455,4.034768649,,32.06211934
332,France,1996,,,,,76.05368373,33.96837437,100.000000003,2.043698486,181.023657466,,54.3832134,12.24347541,18.15001976,,14.29299789,1.5543154799999999,41.767232381,99.999999996,298.643124169,24.30162956,0.65302818,,14.66884798,,,1.117147812,,0.236611071,21.17992525,,0.874228177,78.25537206,,0.006308564,0.564702698,,1.617590438,,477.636126324,20.007902838,537.648076118,293.0553815,3.616727364,15.769378302,3.993493339,,33.37331119
333,France,1997,,,,,85.78756341,35.50691952,99.999999996,2.078370292,182.804995148,,57.77514242,13.44952458,17.53751957,,14.08038667,1.413671698,34.248939774,99.999999999,338.970323378,27.38648344,0.663490698,,13.93714545,,,1.078030077,,0.233915053,21.69837907,,0.836921208,77.63430967,,0.007193816,0.667311261,,1.690060237,,537.268713345,22.472923157,544.450166585,331.3964443,3.620250778,15.725625464,4.150262646,,28.77533301
334,France,1998,,,,,85.89982617,34.66351229,99.985612645,2.145112662,183.59065390199999,,55.60910521,13.37900544,17.88604515,,14.81572793,1.54721902,38.637551108000004,100.000000003,336.679412529,26.88993427,0.671502351,,14.19498922,,,1.000452835,366.4606183,0.212960169,21.28637763,78.00619107,0.779060066,77.87074392,285.3656097,0.008432601,0.842878447,3.088817569,1.726216169,,535.592805765,22.528931198,562.598261354,331.7041266,3.626062323,15.760187361,4.290738537,,31.01188935
335,France,1999,,,,,86.7398582,35.3272063,99.973159258,2.140600141,184.836531078,,54.44471346,13.29689159,16.50159241,,14.02707439,1.715909198,42.345881506999994,99.999999996,358.158079473,27.64219856,0.682165039,,14.68239373,,,0.949700253,351.4673768,0.206352753,21.72819812,76.36752796,0.733426009,77.2271047,271.4280791,0.009921492,1.044697177,3.671769763,2.002805635,,551.615386351,23.251430145999997,573.807930024,344.4485563,,15.782354975,4.304059148,,32.25839495
336,France,2000,,,,,97.00823929,36.32779105,99.99298904,2.174577961,185.606692888,,55.84449836,13.48770967,15.51863235,,13.26135335,1.895447152,42.489152906,100.00000000499999,397.295358912,30.10706125,0.674892744,,14.6394576,,,0.950170113,342.8901493,0.19983633,21.03163709,72.11541183,0.739921236,77.87250153,267.0171368,0.010412547,1.095861374,3.757600702,2.041480665,,607.304798482,26.010276615,583.057469588,381.2132701,,15.853304416,4.193262815,,30.66779196
337,France,2001,,,,,97.42635282,36.45252101,99.99999925200001,2.187157289,186.366417276,,54.44073313,13.663926,15.14027015,,13.29696483,1.978396015,44.413687603,99.999999995,392.9737425,30.59545183,0.686847744,,14.41463686,,,0.878752731,325.6293271,0.158863477,18.07829111,58.86821768,0.709947598,80.7903718,263.0771441,0.009941656,1.131337098,3.683965381,1.983590241,,620.726494589,26.351950646,591.583937084,391.2148132,4.40337741,15.933640413,4.255340831,,31.89534087
338,France,2002,,,,,89.34477999,37.00252457,100.000000003,2.170030141,187.812998182,,54.66327591,14.14401703,13.9729558,,12.38347842,1.718843,41.747722772,99.99999999600001,358.335420084,28.25726589,0.686320102,,14.18142388,,,0.852988926,315.5854949,0.191748734,22.47962756,70.94244388,0.651529714,76.38196637,241.0504066,0.009710478,1.138406067,3.592644419,2.202647805,,575.10051468,24.629865476,598.216821126,364.8864914,4.428480204,15.778040321,4.317974617,,31.19270706
339,France,2003,,,,,72.0088683,36.0656578,100.000000754,2.133473296,187.151991221,,55.72786351,14.37843193,10.96053989,,9.730637389,1.309100874,38.785938345999995,100.0,290.148208564,22.97635692,0.680741707,,13.83463992,,,0.90770771,337.4977346,0.222826992,24.54831987,82.85002344,0.674014667,74.25459309,250.6075695,0.010866051,1.197087046,4.040141662,2.128241605,,468.06200301,20.338310164,602.581863538,299.6457706,4.517586318,15.889713316999998,4.295520706,,29.89370456
340,France,2004,0.733461566,8.400798441,0.025203143,851.7943483,62.77601858,36.07159015,99.99999999600001,2.121651298,187.900476119,,55.63133685,14.63542744,10.04013901,,8.917935951,1.1539704579999999,39.00090990899999,99.999999992,258.89123557299996,20.06867604,0.678264007,,13.96447258,89.27193807,63.98554125,0.901025092,335.9150509,0.215989258,23.97150317,80.52388705,0.676422242,75.07251998,252.1798937,0.008613591,0.955976853,3.211270133,2.031386447,7.689323927,408.532443437,17.921712576999997,605.70276568,262.8116265,4.517487047,15.90840089,4.383984598,,29.73243987
341,France,2005,0.727981776,8.400951864,0.024535751,853.0634937,59.53550688,35.1878887,100.000000004,2.069940976,188.721356848,,56.21930892,14.69192534,9.593234587,,8.416102356,1.328918109,46.204069595,99.99999999699999,241.66843452199998,19.15314516,0.665920079,,14.19449729,,,0.946728076,341.5003979,0.236217832,24.95096931,85.20765947,0.702306084,74.18245027,253.3333628,0.00820416,0.866580419,2.95937558,15.00233884,,390.633894414,17.457727333,606.973479832,252.3271219,4.518804056,15.929000508,4.382516652,,29.08876575
342,France,2006,0.801530628,9.314098806,0.025098531,915.3484487,56.50563081,36.17855119,99.999999235,2.060772382,181.8787816,,56.94227315,15.14902528,8.481490754,,7.400799466,1.260128138,45.957125874999996,100.0,235.502987459,18.1788187,0.662985163,,13.99797247,,,0.943443727,339.0315784,0.232828378,24.67856551,83.6681302,0.698824002,74.07161465,251.1261643,0.011791347,1.249819835,4.237283914,14.75216095,,370.831888204,16.678335257,608.262231119,239.2590051,,16.178192367999998,4.318423484,,27.90870156
343,France,2007,0.765365051,8.948840029,0.023283019,967.5874617,48.97207836,36.85073052,99.99999999799999,2.035163198,190.880401465,,56.6977288,15.19138839,8.225939128,,7.216299052,1.14546469,47.60281652,100.000000001,211.62388550300003,16.02204686,0.665838557,,14.06195279,,,0.964537905,351.5835728,0.23779299,24.65356614,86.67788867,0.715128032,74.1420351,260.6712159,0.011616883,1.204398754,4.234468168,14.18044311,,326.223758276,14.710620655,611.338770746,211.0950688,5.42787443,16.093784667999998,4.409847273,,28.11088281
344,France,2008,0.823240917,9.679357583,0.021916153,997.5343158,42.42545869,35.58785083,99.99999999799999,1.931035555,193.262801844,5.537592333,58.20569369,15.82440192,7.735176507,,6.640292306,1.029470883,46.85733527,99.99999999900001,182.55242040500002,14.17892671,0.645367182,,14.00554474,89.61467836,48.00857178,0.949724772,330.7321815,0.235723773,24.82021945,82.08845324,0.704500102,74.17939624,245.3351354,0.009500898,1.000384312,3.308592858,14.00536273,5.563647257,293.27765423799997,13.454262941,612.383429105,188.6051077,5.45085532,15.90359264,4.46507744,,25.96990439
345,France,2009,0.834481015,9.861986971,0.022629413,944.5007075,45.51444074,36.56397795,99.999999182,1.899670966,193.355212346,5.26224976,54.88820662,16.64347108,7.567103192,,6.603217366,1.135258846,47.38314558,100.0,169.12777831199998,15.41623202,0.643438779,,13.68477368,,,1.006581432,355.605554,0.256595416,25.4917693,90.65014746,0.737326935,73.25059973,260.483201,0.01265908,1.257630973,4.472205588,15.40989888,,318.06460566699997,15.257398597000002,636.809430454,209.0725149,5.47205792,16.099479367,4.376082153,,28.4683223
346,France,2010,0.799623869,9.496728195,0.023827774,969.2200476,46.60196761,36.2506142,100.00000000499999,1.895584654,197.32228789599998,5.229068956,56.19130696,16.3945263,6.955581058,0.949683318,6.138650935,1.178002161,47.916491592999996,99.999999995,175.852054684,15.81033386,0.643102156,0.994914674,13.66750277,89.9486018,61.21648588,0.995018965,340.7732848,0.255760744,25.70410751,87.59273148,0.726566124,73.02032924,248.8337745,0.012692096,1.275563249,4.346778782,14.3607426,6.840698618,327.45079536900005,15.891145520999999,646.3892560920001,216.970454,6.091972969,15.90356122,4.527251403,13653.54397,27.41416675
347,France,2011,0.811076762,9.679357583,0.022687101,994.7490584,44.73012081,39.24030026,100.000000002,1.961257725,197.408123724,5.188999341,56.77720813,16.24829645,6.511524442,0.930206771,6.064711714,1.075469111,47.15551324,99.999999996,168.132056583,14.60743372,0.640484257,0.982376114,13.98556335,,,0.968173601,317.8399246,0.3429903,35.42652879,112.5996524,0.612343621,63.24729578,201.0251572,0.01283968,1.326175423,4.215114963,17.88891136,,303.714296801,14.869491948,651.974582469,212.4188003,6.10774898,15.904915476000001,4.345090355,14285.54526,26.97384645
348,France,2012,0.761472652,9.131469418,0.024731609,1010.802099,47.35772159,38.46094414,99.99999921599999,1.935550447,200.149573425,5.208256634,57.99792586,16.94496954,6.141554645,0.813641215,5.563319192,1.001522864,40.933099448,99.999999994,167.525737819,15.43316097,0.630766541,0.922502623,13.6274352,,,1.02703631,327.8110291,0.385057047,37.49205779,122.9031005,0.630681554,61.40791205,201.3019085,0.011297709,1.100030155,3.606020173,17.791283,,358.769490629,16.729666214999998,683.755823758,221.6368124,6.072397894,15.892493744000001,4.406126779,13248.13117,25.05644823
349,France,2013,0.833304433,10.04461636,0.02397581,1021.434817,44.83410595,38.10462018,100.00000000300001,1.910054771,201.283336696,5.423438936,58.61581261,17.57587079,5.510599646,0.724804151,4.95134343,0.896602048,38.197690382,100.00000000499999,156.70069115,14.66034919,0.624570824,0.914280199,13.25199054,90.54892668,62.30477381,1.112720997,364.0242287,0.494423691,44.43375224,161.7496239,0.607700047,54.61387435,198.8077349,0.010597259,0.952373411,3.466869963,18.41452634,6.503080789,342.008132425,16.034853658,683.128459336,210.9049693,6.125074213,16.048078836,4.36790025,13152.90889,23.8083166
350,France,2014,0.784171002,9.496728195,0.024192391,1041.931433,44.19394271,42.25263599,99.999999202,1.903368975,202.900885207,5.412970124,58.10426604,18.06359252,5.649530676,0.746674584,5.103143595,0.8841725269999999,38.080037533,99.999999995,149.159831374,14.5238319,0.625520526,0.915240321,13.12449406,,,0.935567098,314.354038,0.424479932,45.37140441,142.6268418,0.502715554,53.73377867,168.914303,0.008371613,0.894816922,2.812893127,20.34317608,,339.586918637,15.868872436,683.4494843470001,209.7321778,6.330322141,15.925662612,4.477818369,13216.57722,23.83281042
351,France,2015,0.796414368,9.679357583,0.02928812,1073.495702,52.24220413,41.89133421,100.00000078800001,1.914829449,203.66920708,5.57800528,56.62741034,18.25452178,5.71012081,0.755848605,5.200736091,1.0885253830000001,39.897655042,99.999999997,171.124162577,17.1550919,0.628784546,0.913843567,12.9821336,,,0.863004374,316.3479575,0.400157658,46.36797562,146.6841438,0.455380304,52.7668593,166.9268817,0.007466412,0.865165073,2.736932038,20.60540862,,402.076970018,18.772460106,688.0658448849999,248.491026,7.047987029,15.924888009,4.530345519,13236.99849,25.11873211
352,France,2016,0.809302737,9.861986971,0.030338972,1124.439168,51.74851683,41.73507156,99.999999218,1.917931142,206.142191633,5.491601103,55.89320922,17.77239083,5.64932248,0.749253559,5.211010402,1.134140493,42.034120084,99.999999992,168.63543050500002,17.04323238,0.631665372,0.908226028,13.13232669,,,0.806708118,305.4024213,0.385593222,47.79835654,145.9773382,0.412509752,51.13494499,156.1673601,0.008605143,1.066698478,3.25772298,20.87130855,,401.775854368,18.765408445,695.493580576,248.8802702,8.072579152,15.294883279,4.483369954,13262.71533,26.33375351
353,France,2017,,,,,49.53228493,41.36825214,99.999999218,1.920913993,206.67638250099998,5.402572924,56.01074139,17.89704551,5.534278934,0.738763879,5.152573253,1.131525903,43.881737685,99.99999999699999,168.678752235,16.3171884,0.632797339,0.907289997,13.64565259,,,0.803129579,297.0782973,0.406346828,50.59542554,150.3080287,0.395256573,49.21454561,146.2057341,0.001526178,0.190028851,0.564534476,20.69335667,,388.87866622599995,17.984534660999998,697.4587413610001,240.0732734,66.255334286,1.052783242,4.532853973,13348.87323,26.0922131
354,France,2018,,,,,45.01981093,41.88925807,100.000000795,1.870926768,206.635290942,5.259168851,57.19376035,17.61103568,5.196774479,0.681250575,4.836330995,1.073408981,44.608557077,100.000000005,157.366803121,14.89731449,0.61910019,0.872070916,14.04382879,,,0.862978954,311.1459526,0.435190508,50.42886695,156.9073785,0.41821203,48.46144024,150.7858099,0.009576415,1.109692811,3.452764267,19.34548582,,360.648203294,17.082686987000002,709.919547163,223.9387214,67.52192505400001,1.057297536,4.316313828,13109.10407,25.19520397
355,France,2019,,,,,45.93968957,42.71919096,100.000000795,1.860323057,206.779202847,5.205350252,57.37835265,17.83022566,5.127284128,0.6809398,4.813913385,1.131539367,45.821584761,99.999999994,164.35096445300002,15.07300474,0.61037997,0.863397368,14.0510745,,,0.906796255,331.3050929,0.472933104,52.15428516,172.7898029,0.427176341,47.10830453,156.0722121,0.006686809,0.737410318,2.443077938,18.26537028,,373.312727972,17.457783980000002,706.95139032,231.8517883,69.032051736,1.057611141,4.440956571,13280.71125,24.79142169
356,France,2020,,,,,40.167392,40.68517835,100.000000001,1.568748859,207.081637212,5.130704137,62.11172551,11.59785127,4.905991542,0.534157658,3.760483012,0.919380038,36.021091083,100.00000000200001,159.554570189,13.25819153,0.519452789,0.737856506,11.70744609,,,0.894219746,313.175559,0.465494454,52.0559355,163.026467,0.415499139,46.46499263,145.5170004,0.013226153,1.47907187,4.632091597,19.75587905,,295.16132237600004,17.968522918,704.002451807,195.6388234,69.63978186,1.05423239,4.129702571,10887.86342,26.29042322
357,France,2021,,,,,40.20244421,40.75692111,100.00000084599999,1.755197667,206.884397428,5.090866141,64.5952535,12.63184736,5.188019002,0.615099926,4.34447021,0.8458694200000001,36.940230364,99.99999999399999,150.676357958,13.41170035,0.585706599,0.82925666,12.648388,,,0.863289421,304.3089359,0.441386058,51.12839876,155.5882862,0.407934398,47.25349205,143.7965988,0.013968965,1.618109194,4.924050869,19.97277804,,291.941865541,16.173159649000002,706.303159231,191.7515973,9.878770385,1.055475824,4.944896077,11856.16178,22.77289915
358,France,2022,,,,,,,,,206.264188036,5.094632883,62.98094643,17.39392871,5.318088433,0.673771689,4.806439587,0.81967038,33.513242074,99.999999996,158.916681139,14.57310772,0.595839618,0.83525416,13.51834963,,,0.854422657,278.8854574,0.439772467,51.47013171,143.5427123,0.400213407,46.84021464,130.6305469,0.014436784,1.689653643,4.712198292,19.88737813,,354.87640298,17.447512885,713.363245243,221.050108,9.91885234,1.066517821,5.421113776,12669.43372,19.62512486
359,France,2023,,,,,,,,,208.06820113,5.056741208,,,5.240303074,0.650845256,4.645723057,0.842264269,37.447740388,99.999999999,138.814515663,12.97963169,0.577084765,0.808470236,,,,,,,,,,,,,,,,,336.43574126,16.054557252,713.7984047980001,199.3974829,70.732325975,1.057034528,4.198553964,12419.99264,
360,Georgia,1994,,,,,,14.17482005,99.371039757,0.30492821,32.633472445,,,,,,10.21489323,,0.604829204,100.000000004,0.0,,,,,,,,,,,,,,,,,,,,,,96.93044526,,,,,,
361,Georgia,1995,,,,,,12.64068256,100.00009723000001,0.220827477,32.443517057,,,,966.0798626,,9.661375239,,0.681663697,99.999999999,0.0,,0.05345961,,,,,,,,,,,,,0.0,0.0,0.0,,,,,97.800598657,,100.0,,,,
362,Georgia,1996,,,,,823.6129473,39.86630443,99.999999998,0.561720854,31.476471437,,,,,,9.72905798,1.217589246,0.830420738,99.99999999699999,484.032529434,111.6395502,0.076140454,,,,,,,,,,,,,0.0,0.0,0.0,,,651.28045775,122.183285537,83.331496608,,100.0,,,,
363,Georgia,1997,,,,,538.1672446,34.46195935,99.99994706999999,0.434318342,31.221758523,,,,,,10.32204552,,,100.0,658.3354739179999,209.0858197,0.168739007,,,,,,,,,,,,,0.0,0.0,0.0,,,1052.2971687059999,96.0826253,77.54178071700001,,100.0,,,,
364,Georgia,1998,,,,,344.7681268,25.37496138,100.00000000499999,0.293575489,31.358468842999997,,,,,,10.98122423,,,100.0,821.281916059,185.6926798,0.158120203,,,,,,,,,,,,,0.0,0.0,0.0,,,1191.950545797,77.570280382,66.05229937200001,,100.0,,,,
365,Georgia,1999,,,,,401.8244337,25.66057006,100.000000003,0.270643983,31.313858107999998,,,,1672.354949,,12.96548247,,,100.0,3388.147252246,110.7132623,0.074569565,,,,,,,,,,,,,0.0,0.0,0.0,,,1663.9698333340002,98.284805756,66.198530162,115.1060788,100.0,,,,
366,Georgia,2000,,,,,310.8168014,20.51687922,99.999999999,0.233123488,31.54986329,,,,1580.777743,,12.2635255,,,100.0,4077.8327535440003,68.6725472,0.051506807,,,,,,,,,,0.529529546,,8.295900419,0.0,0.0,0.0,31.91489362,,1622.9996294920002,87.246836158,65.43817209,103.4339366,98.84763124,,,,
367,Georgia,2001,,,,,358.3604095,34.11535245,99.99999999699999,0.287399302,31.362786008,,,,1735.074627,,13.90005363,,,100.0,4439.863504162,,,,,,,,,,,,0.913994606,,15.24231812,0.0,0.0,0.0,21.79487179,,1604.339600785,82.187638325,65.913157545,99.89245838,100.0,,,,
368,Georgia,2002,,,,,356.7326954,42.9604902,99.999999999,0.304480692,31.362786008,,,,1583.154012,,12.9445283,,,100.000000002,4660.651187237,,,,,,,2.333690987,41.40969029,1.153433476,49.42528736,20.46685842,1.180257511,50.57471264,20.94283187,0.0,0.0,0.0,15.38461538,,1567.023624981,79.6580053,67.990192324,95.79574537,100.0,,,,
369,Georgia,2003,,,,,310.4128523,41.0257981,100.00000000099999,0.313526764,31.387249962,,,,1741.248097,,14.47465114,,,100.0,4161.593164042,,,,,,,1.70479093,33.82588621,0.537125909,31.50684932,10.657471,1.16766502,68.49315068,23.16841521,0.0,0.0,0.0,13.79310345,,1389.571204417,69.174106446,69.868027623,82.30240481,94.69309463,,,,
370,Georgia,2004,0.763875804,4.317167938,0.061730282,80.56725417,234.6977851,37.53630754,99.999916876,0.306315725,1.922578788,,,,,,16.21962957,,,100.0,3041.247504433,,,,,99.33531541,128.5719652,1.231639913,26.01355372,0.264649899,21.48760331,5.58968923,0.966990015,78.51239669,20.42386449,0.0,0.0,0.0,13.63636364,0.860316435,1134.3140144059998,54.80156194,71.524237777,,93.26347305,,,,
371,Georgia,2005,0.768744095,4.317167938,0.063592044,104.4679663,236.1935382,37.24407574,99.999999995,0.38801487,1.922578788,,,,,,14.88801064,,,100.00000000200001,2905.787952391,,,,,,,1.488697089,34.67903491,0.275365936,18.49710983,6.414619174,1.213331153,81.50289017,28.26441574,0.0,0.0,0.0,9.032258065,,930.483694761,65.388668064,107.41943113800001,,93.26347305,,,,
372,Georgia,2006,0.773126733,4.317167938,0.054741417,109.2649704,202.928136,34.72956866,99.999999998,0.405048569,2.177291697,,,,,,17.3953515,,,100.00000000200001,1030.552692743,,,,,,,2.472824313,63.3889857,1.00073242,40.46920821,25.65302061,1.472091893,59.53079179,37.73596509,0.0,0.0,0.0,9.777777778,,784.6449083819999,60.31321852400001,120.38639845,,100.0,,,,
373,Georgia,2007,0.777170261,4.317167938,0.050524475,133.1505083,203.1344329,37.89334457,97.251790858,0.535333787,2.177291697,,,,,,19.09248274,,,99.99999999900001,739.604538183,,,,,,,4.501641775,130.5945772,2.853982041,63.39869281,82.79525482,1.647659735,36.60130719,47.79932237,0.0,0.0,0.0,8.496732026,,608.4091286,45.129569447,118.93295556,,100.0,,,,
374,Georgia,2008,0.77953482,4.317167938,0.051553147,171.4015179,136.3164382,37.37349778,96.61017240999999,0.453218686,2.243488272,,,,,,22.52855631,,,100.000000004,556.297949485,,,,,,76.69691152,1.981661765,59.05565019,0.555704093,28.04232804,16.56057915,1.425957672,71.95767196,42.49507104,0.0,0.0,0.0,8.724832215,,487.86552698,40.194932899,133.63825266,,97.75497114,,,,
375,Georgia,2009,0.786489371,4.317167938,0.05928362,167.3392462,201.5494786,41.0048679,94.958957488,0.568911543,2.253561664,,,,,,19.34763853,,,100.0,560.088675593,,,,,,,4.012017748,116.2328454,1.180982498,29.43612348,34.2144439,2.83103525,70.56387652,82.01840151,0.0,0.0,0.0,4.825953493,,589.79674419,50.506551238,142.56430661,,94.89144317,,,,
376,Georgia,2010,0.792247593,4.317167938,0.064738067,212.4528118,184.5585653,45.23681253,99.999955746,0.59671851,2.253561664,,,,,,18.08965338,,,99.999999998,551.132994475,,,,,99.85914841,114.355582,3.372102278,106.1090486,0.889485004,26.37775876,27.98918885,2.482617274,73.62224124,78.1198597,0.0,0.0,0.0,3.856241823,0.161298853,526.210096898,46.833854525999996,153.69603308,,94.89144317,,7.248536902,,
377,Georgia,2011,0.798628276,4.317167938,0.057653522,237.5133804,153.1566241,38.86321031,99.999956779,0.615958297,2.138437185,,,,,,14.00261577,,,99.999999995,431.909760473,,,,,,,4.623846973,158.9135399,2.398311895,51.86832326,82.42578855,2.225535078,48.13167674,76.48775131,0.0,0.0,0.0,5.128687592,,432.3164495,43.301287391,178.38693593,,84.92597577,,7.313864519,,
378,Georgia,2012,0.804532414,4.317167938,0.056086777,254.1120993,148.7470376,37.10585684,99.99999999699999,0.657748961,29.303496909,,,,,,16.22473701,,,100.000000003,391.45741305900003,,,,,,,3.205825372,118.15155,1.855607069,57.88235021,68.38889395,1.350218303,42.11764979,49.76265606,0.0,0.0,0.0,7.830271045,,405.115398627,42.848538057,194.13367143,,100.0,,7.12091572,,
379,Georgia,2013,0.80695748,4.317167938,0.070394733,331.7001411,178.8099359,41.50925586,100.000032532,0.826796529,30.159735214999998,,,,,,13.82587149,,,100.0,352.35299408,,,,,99.46890235,116.6940548,2.270011725,86.47338768,0.475138364,20.93109734,18.09982895,1.794873361,79.06890266,68.37355873,0.0,0.0,0.0,5.612804558,0.623068487,398.351678211,45.131598259,212.66019450000002,,100.0,,6.296089856,,
380,Georgia,2014,0.806578671,4.317167938,0.072446894,349.9427598,195.0711642,42.80312258,100.00002908,0.924496439,30.227370843000003,,,,,,13.73872336,,,100.0,314.116177999,,,,,,,2.225391999,88.51014191,0.565868324,25.42780438,22.50618574,1.659523674,74.57219562,66.00395616,0.0,0.0,0.0,6.511619317,,396.426060251,48.636272134,234.92948084999998,,100.0,,6.150832956,,
381,Georgia,2015,0.805309459,4.317167938,0.096608361,394.8018885,252.8082728,43.31312657,100.000000002,1.014800783,,,,,,,16.15987648,,,100.0,323.55169183799995,,,,,,,2.056263055,84.03171785,0.642590483,31.25040261,26.26025015,1.413672571,68.74959739,57.7714677,0.0,0.0,0.0,7.376739215,,474.312201296,62.251227670999995,254.39725807,,,,6.140785529,,
382,Georgia,2016,0.804827894,4.317167938,0.111055947,460.1493492,283.4122808,47.03691902,99.9999767,1.151256672,32.095265503,,,,,,15.58683355,,,100.0,265.33510475500003,,,,,,,2.084226688,87.76429065,0.634832111,30.45888023,26.73202017,1.449394578,69.54111977,61.03227048,0.0,0.0,0.0,8.108616259,,484.95559795500003,66.495953132,275.51941582,,73.66751269,,5.597371328,,
383,Georgia,2017,,,,,238.2607309,42.42628186,100.000025841,1.038084991,,,,,,,13.86801087,0.17331258900000002,0.7658253589999999,100.0,221.371349849,,,,,,,2.432810834,106.7772287,0.321054666,13.19686106,14.09124251,2.111756168,86.80313894,92.68598616,0.0,0.0,0.0,8.967674661,,469.658402702,65.801842413,290.76202705000003,,,,5.451485552,,
384,Georgia,2018,,,,,213.6165419,41.91665016,100.00000000200001,1.008861282,,,,,,,12.31702575,0.1978186,0.950477238,100.0,183.831171995,,,,,,,3.010303985,139.0110811,0.356140808,11.83072572,16.44601973,2.654163177,88.16927428,122.5650614,0.0,0.0,0.0,6.989496447,,445.327313263,63.641516437,305.78425236,,,,5.686459841,,
385,Georgia,2019,,,,,223.2467958,40.95555212,99.999999999,1.04879305,32.077996832,,,,,,12.92954794,,,100.0,206.180409715,,,,,,,3.073718004,148.129,0.266735741,8.677950952,12.85456197,2.806982263,91.32204905,135.2744381,0.0,0.0,0.0,5.369491525,,465.983665589,67.163730028,318.56148162,,98.47586791,1.108479394,6.646536644,,
386,Georgia,2020,,,,,238.0767171,40.53360483,99.99999999799999,1.013416011,31.981580081,,,,,,12.08794869,0.18520846800000001,0.79673013,100.0,227.16043417999998,,,,,,,,,,,,,,,0.0,0.0,0.0,,,381.08302742200004,77.718119068,334.32794767,,98.47396768,1.108479394,6.004550111,,
387,Georgia,2021,,,,,223.6482179,42.14227521,100.00000000399999,1.123216785,1.603108361,,,,,,12.10696191,0.244996292,1.24521047,100.0,214.499505919,,,,,,,,,,,,,,,0.0,0.0,0.0,,,290.990265781,70.10719037700001,356.32460677,,98.47396768,,6.069162387,,
388,Georgia,2022,,,,,,,,,1.603108361,,,,,,11.58248534,0.220215927,1.482019403,100.0,197.03753978,,,,,,,,,,,,,,,0.0,0.0,0.0,,,321.56444291,56.733458255,381.807471049,,98.47396768,,6.481474047,,
389,Georgia,2023,,,,,,,,,1.603108361,,,,,,11.75417812,0.261629944,2.124527805,100.0,149.90056349,,,,,,,,,,,,,,,,,,,,279.74577869,48.885304456,396.96598606,,98.47396768,,6.12522805,,
390,Germany,1994,,,,,75.29943153,19.32665506,99.895109825,2.038800308,77.29970496,,,,15.99408085,,12.05083384,1.559958311,42.237288504,100.0,356.521178557,,,,,,,,,,,,,,,,,,,,426.663991797,19.074096518,516.448491802,278.275373,,4.874367903,,,
391,Germany,1995,,,,,64.94691499,19.60408625,99.89629127099998,2.055974597,77.5073045,,46.22874252,14.85369585,15.13889867,,11.57471302,1.37418073,43.501368558,100.0,301.472826741,,,,13.52954285,,,0.880075583,283.2302837,0.303334195,34.46683459,97.62051341,0.539213875,61.26904162,173.5324804,0.037527512,4.264123786,12.0772899,,,369.277877391,16.585231119,525.025737946,241.5221041,,4.889452067,4.003240605,,38.91756162
392,Germany,1996,,,,,67.69461775,19.05781722,99.89698303600001,2.06378591,77.88879658,,45.80892791,14.045811,13.88186624,,10.69159259,1.573606105,47.974072002,100.0,308.467752448,,,,14.01219518,,,0.889100542,291.3793416,0.270638812,30.43961833,88.69475948,0.579062965,65.12907569,189.7726719,0.039398765,4.431305977,12.91191018,,,382.879467122,17.488148537999997,533.156102089,252.6294608,1.063048058,4.866797071,3.975784712,,40.1452611
393,Germany,1997,,,,,76.76491767,19.86169438,99.897435555,2.069872798,77.19782266,,46.14427861,14.42648635,13.42945022,,10.42119079,1.748225734,47.138779723,100.0,359.83206491000004,,,,13.79931612,,,0.836346021,282.9174506,0.241949876,28.92939885,81.84631771,0.556612192,66.55285941,188.2896531,0.037783953,4.517741739,12.78147975,,,432.89455305,20.030955851999998,540.110351527,287.7917143,1.130649993,4.894103188,4.158834138,,39.42923504
394,Germany,1998,,,,,77.18101149,20.40357813,99.89921869900002,2.106188408,77.01306515,,44.75294628,14.31088582,12.02398625,,9.496973053,1.81187029,49.444018161,100.0,369.750333418,,,,13.75903071,,,0.79928714,279.3221297,0.219566922,27.47034346,76.73074838,0.538616574,67.38711881,188.2271354,0.041103643,5.142537731,14.36424591,,,432.48036343399997,20.019606103,546.313813626,289.4343564,1.274720663,4.953937528,4.109769604,,40.93616791
395,Germany,1999,,,,,80.94203246,21.80026856,99.90197470400001,2.163980587,76.86973465,,45.17585364,14.02229057,11.62394185,,9.466476244,1.87677375,50.175442233,99.99999998999999,392.994345938,,,,13.77091016,,,0.939314778,336.9821281,0.356886204,37.99431378,128.0340471,0.541204576,57.61695529,194.1588421,0.041223998,4.388730938,14.78923891,,,451.150461919,20.8385712,557.118046568,304.618049,1.308461026,4.990573602,4.252668687,,40.80185579
396,Germany,2000,,,,,89.05134534,21.3551567,99.899604208,2.110050299,76.61899985999999,,49.61515063,14.76247785,11.31158959,,9.126459522,1.878671745,44.514680356999996,100.0,455.093531944,,,,13.35282909,,,0.858190025,312.5314753,0.251530281,29.30939227,91.60107604,0.567401107,66.1160221,206.6333793,0.039258638,4.574585635,14.29701997,,,500.90909157699997,24.353673007,577.054492192,340.5072291,1.730075435,5.075095115,4.308197396,,35.62237152
397,Germany,2001,,,,,87.13006602,20.38979355,99.89727545299999,2.05873771,76.50730868000001,,48.90379424,14.43887988,10.21911709,,8.47238173,1.851436651,43.746354353,100.0,461.721457307,,,,13.31830814,,,0.823137894,307.8322999,0.252285343,30.64921993,94.34819862,0.532004014,64.631214,198.9557525,0.038848537,4.719566068,14.52834877,,,512.444721084,24.773999343,585.368207659,350.8804167,1.759017396,5.1033133,4.395125382,,36.65732589
398,Germany,2002,,,,,80.40634443,20.43317689,99.895791339,2.026020016,76.64535917,,49.06991418,14.34502776,9.954533881,,8.294490038,1.679414969,42.316664890999995,100.0,427.667888572,,,,13.57226968,,,0.902680472,341.4600243,0.338334577,37.4811007,127.9829756,0.527496224,58.43664953,199.5377977,0.036849672,4.082249773,13.93925107,,,482.047320918,23.371918229000002,588.908428999,330.6856494,1.801474696,5.197749384,4.425745198,,36.58505805
399,Germany,2003,,,,,65.57154927,19.9876636,99.893830905,1.987497107,78.25205699,,49.33472116,14.49567976,9.693425093,,8.012438387,1.3893512839999997,42.111730781,100.0,358.131254853,,,,13.44473632,,,0.852019154,325.3793324,0.326826644,38.35907233,124.8124935,0.487888694,57.26264395,186.3208086,0.037303816,4.378283713,14.24603032,,,398.364920785,19.600578994,594.1005093160001,272.7070843,1.553056753,5.204390286,4.478139832,,36.16959908
400,Germany,2004,0.30297059,7.168047711,0.025533294,870.8549321,58.26894222,20.38085321,99.893800469,1.987358891,66.36665998,,48.94642039,14.33796367,8.388869025,,7.079816754,1.244189855,42.435139448,99.99999998999999,336.90905955299996,18.58802385,0.633975097,,13.54991689,92.90248475,62.08684041,0.791330021,307.4939624,0.283047222,35.76854334,109.9861112,0.473365981,59.81903485,183.9399205,0.034916818,4.412421805,13.56793065,,4.743277831,364.01056726300004,17.57928142,599.570278669,247.4455372,,5.259497034,4.467048845,,36.71561594
401,Germany,2005,0.351645486,8.315173758,0.028340692,978.3277007,54.66690838,19.77672138,99.888095593,1.887114778,77.32710173,,49.54577514,14.73834598,7.83447784,,6.500591213,1.253755318,43.279944413,99.99999998999999,344.390684814,17.99909053,0.621333067,,13.44349925,,,0.629329068,245.0305942,0.149061971,23.68585515,58.03759161,0.445743802,70.82841469,173.5512854,0.034523294,5.485730158,13.4417172,,,356.990523737,17.657614578,609.5452324129999,240.3637075,2.243103178,5.340850181,4.624061711,,35.71587888
402,Germany,2006,0.315624182,7.455838495,0.028757338,1045.440462,51.2515021,19.21704604,99.88653015199999,1.863190974,,,48.41535672,14.97845948,7.407278076,,6.18016428,1.2335037749999997,44.842633489,100.00000001,347.876427111,17.16911666,0.624163801,,13.65139981,,,0.649915307,258.4231304,0.166493367,25.61770208,66.20206767,0.449880088,69.22134056,178.8839552,0.033541852,5.160957358,13.33710756,,,341.986091327,16.970827248000003,616.955214523,229.5042563,,,4.698084874,,36.6061838
403,Germany,2007,0.340357783,8.030515961,0.026564805,1106.161227,43.3154625,19.34507832,99.88262811300001,1.803659362,10.8999914,,50.64792575,15.99857664,7.151734104,,6.015823817,0.986898494,41.094555622,99.99999998999999,316.940923997,15.0470973,0.626562692,,13.09006812,,,0.620151627,243.5454468,0.153467624,24.74679053,60.26968156,0.433878098,69.96322818,170.3922566,0.032805905,5.289981292,12.88350857,,,299.809090275,13.137838143,547.060942521,202.0095713,2.431259045,,4.75794782,,33.35349761
404,Germany,2008,0.328826795,7.744600293,0.024597555,1121.96064,39.75520558,19.23957294,99.883032695,1.813342688,77.10093796,4.779993176,51.37597833,16.13417797,6.487465585,,5.452435405,0.8870860599999999,40.462380653000004,100.0,288.954346435,,,,13.24386352,91.66351228,49.35535212,0.633460175,244.9103121,0.149853328,23.65631393,57.93675227,0.448067732,70.73337053,173.2333185,0.035539115,5.610315542,13.7402413,,4.488703048,275.956355074,12.077101679,550.869084995,184.2594561,2.285835229,5.474049671,4.780197895,,32.4898437
405,Germany,2009,0.341870712,8.03189811,0.025791461,1074.223379,43.10992323,20.41972398,99.88157355199999,1.79554416,10.88150082,4.731847874,47.12674649,15.50271411,5.939064512,,5.069454271,1.169025005,48.690301237,100.00000001000001,281.391668435,,,,13.53616726,,,0.703348285,258.1783563,0.139508449,19.83490292,51.20942632,0.516001357,73.36356238,189.4088394,0.047838478,6.801534705,17.5600905,,,305.473771945,13.410744055,558.5621903919999,204.9389498,2.277640112,,4.797392484,,37.3705394
406,Germany,2010,0.354623242,8.319706228,0.027252676,1132.960653,43.56993943,19.51948844,99.882424997,1.811309388,10.86639699,4.68674779,51.74881774,16.41634003,5.175936436,,4.460915811,0.9084105280000001,37.764856179,100.0,295.73171278800004,,,,12.82997652,92.62202904,62.99074726,0.669045391,256.0538105,0.148455779,22.18919392,56.81627654,0.477694587,71.3994288,182.8209581,0.042895024,6.41137728,16.41657583,,5.017638991,307.934598274,13.643677288,567.2011653930001,207.314375,55.474298386,,4.647299999,,31.83484223
407,Germany,2011,0.411086976,9.467523525,0.025677343,1199.283119,39.99203811,20.50522687,99.883851668,1.867863965,10.85781501,4.729685133,51.78820178,16.19320405,5.586677815,,4.994083898,0.895044957,41.803870575,100.0,272.94240852,,,,13.71913119,,,0.647693016,259.0269596,0.151695154,23.42084145,60.66629353,0.456273482,70.4459475,182.473996,0.03972438,6.133211051,15.88667011,,,282.152391669,12.561237120000001,586.683749261,191.3949889,55.760186018999995,,4.521821532,,32.01859417
408,Germany,2012,0.373014523,8.607333448,0.027512179,1206.570308,42.10582419,19.93087923,99.88273439,1.846586898,10.88569461,4.779244977,51.8532408,17.27944765,5.004865842,,4.476174276,0.924194261,40.531335315999996,100.0,280.955070241,,,,13.55326224,,,0.648924894,257.4549435,0.215458364,33.20235756,85.4811109,0.405054438,62.41930957,160.7015982,0.028412092,4.378332866,11.2722344,,,300.872620513,13.516022480999998,592.7568064999999,203.9327156,55.639018474,,4.517996753,,30.86731156
409,Germany,2013,0.396797817,9.172208209,0.02666922,1234.756339,40.80743084,19.95241454,99.885699638,1.889340095,10.85186884,4.839205833,51.9770641,17.03170399,4.601074824,0.65730211,4.14033722,0.90548054,41.922780538999994,100.0,267.990393965,,,,13.29926929,93.88677821,61.44457789,0.636822206,253.5112619,0.205356895,32.2471317,81.75011051,0.405143436,63.61955234,161.28273,0.026321874,4.133315956,10.47842144,,4.000822476,286.56289986,13.605037084,629.898665921,194.3593599,56.061806659,,4.685345155,14285.8383,30.9912319
410,Germany,2014,0.382798753,8.885067355,0.026538061,1274.460704,39.74526065,21.37609036,99.772783754,1.90872123,10.82688449,4.826682137,51.42025882,17.21955402,4.56043214,0.655527055,4.170036736,0.897436251,43.098373101,100.0,258.670629198,,,,13.52172427,,,0.663999315,269.658579,0.233929253,35.23034559,95.0016493,0.40342553,60.75691967,163.8362462,0.026644531,4.012734745,10.82068349,,,279.313982643,13.246220868,636.134955045,190.4042399,56.502978161,,4.533063241,14374.2311,31.36018715
411,Germany,2015,0.367257249,8.59943817,0.031963319,1313.797104,46.93563357,21.59706478,99.760558401,1.929207383,11.02619962,4.869962319,49.28385062,17.70099464,4.597899774,0.660455899,4.234476076,1.096628226,45.075012351000005,100.0,302.579867336,,,,13.19756125,,,0.628420961,258.301479,0.226594235,36.0577144,93.13760959,0.377703904,60.1036451,155.2486042,0.024122822,3.8386405,9.915265185,,,327.76250491300004,15.598377458000002,641.1444098290001,224.0596993,55.474964903,,4.643819971,14364.29525,33.01515474
412,Germany,2016,0.364304613,8.587130753,0.032673142,1376.719446,46.406692,21.92338152,99.763861279,1.95539798,11.05535837,4.888570568,47.69652944,18.22844836,4.168508646,0.601378756,3.893201965,1.116208232,47.032684886000006,100.0,305.894082941,,,,13.41961818,,,0.615138736,255.4889504,0.20457837,33.25727325,84.96865836,0.385677919,62.69771301,160.1857289,0.024882446,4.045013743,10.33456316,,,323.37639757,15.364000103,647.3793644780001,221.6520115,2.573596044,,4.448298415,14426.71244,34.0750222
413,Germany,2017,,,,,44.29652371,22.7452855,99.7763013,1.977954475,11.04674128,4.999288311,47.93071749,17.82167854,4.24226254,0.587060316,3.847223977,1.06643594,47.619099472,100.0,288.046192442,,,,13.55876774,,,0.651819929,271.9610475,0.215967385,33.13298272,90.10880686,0.413815057,63.48610068,172.6574644,0.022037488,3.380916604,9.19477621,,,290.739261474,14.676359520000002,655.337088065,203.0970071,56.311861952,,4.472967259,13838.37775,34.24760396
414,Germany,2018,,,,,39.66845818,22.69991732,99.703590711,1.901677256,10.9954777,5.049710351,48.07824575,18.00557922,4.360271602,0.595656809,3.950267305,0.996672541,47.779743519,100.000000007,263.961408239,,,,14.03347536,,,0.689952309,281.0173681,0.225527047,32.6873385,91.85709836,0.441842844,64.03962102,179.9624575,0.022582418,3.273040482,9.197812221,,,270.976869765,13.833722289,663.178401756,188.9825136,56.559766762,,4.502683263,13661.00242,33.91617503
415,Germany,2019,,,,,41.15979357,24.7966703,99.771475105,1.926018488,11.18177395,5.050765923,46.74300391,17.45089214,4.034437086,0.545900256,3.665773763,1.070765915,50.117361325000005,100.0,268.727910427,,,,14.10369378,,,0.727869872,290.5756998,0.246883374,33.91861431,98.55925089,0.452202147,62.12678451,180.5253389,0.028784351,3.954601178,11.49111005,,,278.616056235,14.346920827,671.509808468,194.1283897,56.373502611,,4.468053251,13531.01422,35.80610395
416,Germany,2020,,,,,36.62315915,24.01833673,99.788089268,1.712968627,11.10506883,,46.24857919,13.33123538,3.981405544,0.480276447,3.269566525,0.891771536,41.689871194000006,99.999999999,257.340479713,,,,12.98533534,,,0.789868762,304.8299328,0.282484216,35.76343686,109.0176606,0.471541515,59.69871676,181.9795582,0.035843031,4.537846383,13.83271408,,,228.92253439799998,14.562030714,680.767617297,175.6615923,56.863402065,,4.11529924,12062.98735,40.42018543
417,Germany,2021,,,,,34.56466426,23.59329864,99.782639229,1.769833669,11.10020321,4.64859975,50.27049949,14.33156274,3.734693878,0.44810713,3.079472088,0.736654338,37.883744949,99.999999995,242.139498581,,,,13.10329983,,,0.752408465,287.9214069,0.278594037,37.02696745,106.6085656,0.443682705,58.96832978,169.7824448,0.030131723,4.00470277,11.53039656,,,208.996167759,13.363039861,687.217827753,160.3363928,57.42206637,,4.624049987,11998.49693,35.39793778
418,Germany,2022,,,,,,,,,11.11537251,4.84676775,53.48463547,15.49330718,4.04057971,0.483796505,3.327048974,0.775639065,37.787567324,100.000000005,249.907360424,,,,13.52976154,,,0.725802915,253.9579941,0.265759735,36.61596418,92.98916813,0.427284288,58.87056649,149.5065098,0.032758892,4.51346933,11.46231617,0.0,,245.91151588,14.115855636000001,687.6959511609999,169.0153915,2.842723246,,4.846270737,11973.4429,31.02205735
419,Germany,2023,,,,,,,,,11.0738716,4.832599227,,,,0.488285289,3.360468535,0.7641509689999999,40.305701076,,77.473670592,,,,,,,,,,,,,,,,,,,,22.75722727,13.047847767999999,688.2182624290001,,57.855832107,,4.630760474,,
420,Greece,1994,,,,,142.2479258,22.47126594,99.999993969,1.577784844,33.07835531,,,,28.89447236,,18.15860519,1.145546991,12.706172465000002,100.000000004,265.961332397,,,,,,,,,,,,,,,,,,,,269.347169507,34.813123233,386.140028357,566.5860547,0.0,0.697141719,,,
421,Greece,1995,,,,,122.0892174,21.85232095,99.99999401600002,1.582283839,33.07835531,,28.87206336,37.88285695,29.40922439,,19.34264728,1.120515044,14.52194453,99.999999999,185.855167864,,,,13.34407334,,,,,,,,,,,0.0,0.0,0.0,,,241.266219495,31.418413972,407.184595738,507.4873944,0.0,0.697141719,4.594575584,,33.2450797
422,Greece,1996,,,,,117.8388732,22.50303641,99.99999999799999,1.620141581,1.9193173,,26.72615142,35.93318165,29.57914513,,20.33217706,1.1272460260000001,15.498265593,100.00000000499999,181.770461247,,,,13.88070586,,,,,,,,,,,0.0,0.0,0.0,,,245.912897849,31.230360124,429.37957173,499.9584104,0.0,,4.729156493,,37.34067707
423,Greece,1997,,,,,124.1726291,22.97923543,100.00000562500001,1.667278414,1.941815361,,29.81130098,36.63903665,27.31885845,,19.74438479,1.377752537,18.499222277999998,100.000000003,183.703365365,,,,12.49251034,,,,,,,,,,,0.0,0.0,0.0,,,263.682246234,33.871266337,454.792909562,538.2683036,3.276068718,,4.873029628,,33.54966237
424,Greece,1998,,,,,134.4553575,24.050462,100.000000007,1.811421734,1.783553142,,28.84557832,40.22772711,27.54528814,,20.3535112,1.5722376500000002,21.181643517999998,100.000000003,188.053963527,,,,12.32630323,,,,,,,,,,,0.0,0.0,0.0,,,273.73435452999996,36.672343839,494.06049658599994,548.4670708,3.56676816,,5.050858128,,30.92668512
425,Greece,1999,,,,,131.4085171,24.18891296,99.99999999899998,1.821287589,1.783553142,,25.51137235,31.24045058,26.02321921,,19.66232466,2.192581593,30.388605964,99.999999996,190.939165865,,,,13.57790554,,,,,,,,,,,0.0,0.0,0.0,,,280.79369622300004,37.366670186,517.892250819,545.1535304,3.56676816,,5.215142598,,43.24817706
426,Greece,2000,,,,,144.7973776,21.69224179,100.000005243,1.765031916,1.850271528,,27.96583176,34.08756244,,,18.85097348,2.691961207,32.814112557,100.000000004,224.445654554,,,,13.44906486,,,1.411000662,297.1771313,0.418415149,29.65378826,88.12427727,0.992585514,70.34621174,209.052854,0.0,0.0,0.0,,,319.573263982,44.956115825000005,548.00011249,,3.438155136,,6.316504187,,37.94660581
427,Greece,2001,,,,,145.0276371,21.95492703,99.999999998,1.819957169,1.844065167,,33.66357125,34.3765188,,,17.30783607,2.557837106,32.098394681,100.000000003,217.90840946,,,,12.09322354,,,1.253664422,275.3500047,0.199745275,15.93291405,43.87127958,1.053919148,84.06708595,231.4787251,0.0,0.0,0.0,,,314.640516423,45.547734019,571.5802386099999,,3.449726546,,5.504890266,,31.95990995
428,Greece,2002,,,,,129.6023952,22.18783844,99.999999997,1.83744731,1.848719938,,32.21507816,34.46512369,,,14.98804534,2.105636322,29.85281079,100.000000001,194.966579639,,,,12.56231333,,,1.636478342,377.217975,0.601367555,36.74766355,138.6187923,1.035110787,63.25233645,238.5991827,0.0,0.0,0.0,,,282.436543265,41.823636218999994,592.9576184150001,,3.441040705,,5.219236485,,33.31980534
429,Greece,2003,,,,,103.6817832,22.35738302,100.0,1.920018539,1.872769589,,30.75176988,35.02766207,,,14.68694838,1.575242404,29.170933203,100.000000002,150.09502127,,,,13.2904376,,,1.864118839,461.6829292,0.949666539,50.94452774,235.2021879,0.9144523,49.05547226,226.4807413,0.0,0.0,0.0,,,215.498800692,33.114033246999995,613.218162054,,3.438276719,,5.999383357,,34.22056167
430,Greece,2004,1.825626891,15.5159038,0.035586994,782.7525908,88.77801192,22.88417753,99.99999999999999,1.952714803,1.89992242,,33.99779131,31.45232752,,,15.24398454,1.509481997,33.201763442,99.999999997,133.581437816,,,,13.27380752,83.42287309,61.89192847,1.699912755,437.7893004,0.92196908,54.23625873,237.4405376,0.777943675,45.76374127,200.3487627,0.0,0.0,0.0,,12.2986696,183.73855338500002,29.552024604000003,650.0106205919999,,3.389138424,,6.73608139,,34.54988117
431,Greece,2005,2.002309209,17.06749418,0.037500526,846.0175981,87.88380391,22.89310272,99.99999999900001,1.982671561,1.99844841,,35.07597969,34.18593916,,,15.09013031,1.4317955039999999,32.301525192,100.00000000300001,133.180074146,,,,12.72184359,,,0.757871149,190.1505343,0.215817612,28.47682119,54.14882764,0.542053537,71.52317881,136.0017066,0.0,0.0,0.0,,,178.91020100300003,30.075398973000002,678.505592912,,3.222049689,,7.396994539,,30.73808115
432,Greece,2006,1.905563538,16.29169899,0.034520845,856.8739393,81.47774285,23.68444314,99.999999992,2.022435379,1.946470132,,35.50229701,31.6675207,,,15.03580372,1.30150385,32.305835322,100.000000005,125.809074084,,,,13.54722388,,,0.752312588,192.8611133,0.113374746,15.07016473,29.06448748,0.638937841,84.92983527,163.7966258,0.0,0.0,0.0,,,161.323429008,28.001674996000002,695.055570739,,4.224790753,,7.239391006,,32.83018229
433,Greece,2007,1.900715149,16.29169899,0.032923588,950.306074,71.7379367,23.36747237,99.99999563,2.070641889,1.97905353,,34.28738788,32.49974459,,,14.59025152,1.1933534479999999,34.444940943,99.999999995,114.33019288899999,,,,13.631866,,,0.790736036,207.707961,0.139238302,17.60869565,36.5746627,0.651497734,82.39130435,171.1332983,0.0,0.0,0.0,,,139.59481598000002,25.038879821,722.7219544850001,,7.800862407,,7.833986031,,33.21286752
434,Greece,2008,1.895676242,16.29169899,0.029779382,956.7510492,62.36965732,23.52678523,99.999999995,2.003811302,1.979829325,4.669359868,35.62432604,32.44194357,,,14.01897716,1.032029236,33.157002341,99.999999996,99.941717616,,,,13.7357027,87.67064632,52.14366052,0.867803056,216.4756306,0.140501447,16.19047619,35.04843544,0.727301609,83.80952381,181.4271952,0.0,0.0,0.0,,7.333100184,123.20144088900001,22.98248987,738.38070076,,10.34482759,,8.113050847,,31.93373484
435,Greece,2009,2.070763014,17.84328937,0.032049276,955.9896235,74.84876476,27.50502728,100.00000000200001,2.232645543,1.979829325,4.762453495,38.99547957,28.95621914,,,13.10883021,0.881815955,26.303462032000002,99.999999996,105.597684681,,,,12.16919629,,,0.950600032,246.5387705,0.196603284,20.68201949,50.98919655,0.753996748,79.31798051,195.5495739,0.0,0.0,0.0,,,4.294473952,24.610320542,734.09494196,,10.34482759,,6.922537356,,32.04830129
436,Greece,2010,2.068095925,17.84328937,0.035840426,957.5360561,73.99863631,26.37277411,99.99999999799999,1.97699558,1.979829325,4.743517459,39.23363025,36.48202461,,,11.31158554,0.6776105290000001,18.103482309,99.99999999699999,139.66801129700002,,,,11.75542722,89.29976965,71.67858895,0.740143626,169.5798722,0.224680377,30.35632121,51.47821071,0.51546325,69.64367879,118.1016615,0.0,0.0,0.0,,8.588794975,4.534633061,27.613745588,737.746733936,,14.4200627,,7.200596074,,24.28434514
437,Greece,2011,2.071157964,17.84328937,0.041758064,1064.15745,69.39940503,23.91672305,100.00000509600001,1.768566288,1.981380915,4.842976328,43.87475549,37.66700318,,,10.27474451,0.50945614,12.982918621000001,99.99999999799999,146.857907459,,,,11.59162335,,,0.637851402,123.2322037,0.080821953,12.67096892,15.61471424,0.557029449,87.32903108,107.6174895,0.0,0.0,0.0,,,3.419021985,28.964864652,738.137105049,,17.1495693,,6.813738955,,18.45824133
438,Greece,2012,1.991849533,17.06749418,0.043783451,959.4268399,67.82291448,21.32213576,99.503342427,1.486203409,1.981380915,4.822766054,43.45041786,40.86590951,,,8.945215175,0.37640477,8.248158376,99.99999999799999,171.054935806,,,,11.20201327,,,0.658551913,113.1584096,0.130591051,19.83003137,22.43934812,0.527960862,80.16996863,90.71906145,0.0,0.0,0.0,,,3.473898078,33.720601178,738.9195899900001,,17.1495693,,6.768111821,,15.68366605
439,Greece,2013,2.097542856,17.84328937,0.045439388,990.0239038,68.25179632,23.68485304,99.885538214,1.487055653,2.006206362,4.923644023,40.82542349,45.74657679,,,8.016261611,0.369406214,8.048545532,100.000000001,162.75150731399998,,,,11.19573828,90.65722199,85.7709223,1.211444962,202.0173924,0.079299419,6.545854025,13.22376361,1.132145543,93.45414597,188.7936288,0.0,0.0,0.0,,8.839215114,3.196887431,34.172632396,744.54618338,,16.89868523,,6.714051142,,13.4279929
440,Greece,2014,2.111561506,17.84328937,0.057281812,1238.244639,69.42699657,24.87140914,99.81310504900001,1.500783252,1.736229635,4.8504772,39.67212225,45.56159231,,,7.29865825,0.437020254,9.446942565,99.999999999,166.277325976,,,,11.69122059,,,0.90420641,151.4149191,0.033491358,3.703950514,5.608333676,0.870715052,96.29604949,145.8065855,0.0,0.0,0.0,,,4.600189164,34.897935955,754.37875886,,22.07327971,,7.091331542,,14.76628543
441,Greece,2015,2.310347501,19.39487975,0.078950451,1427.73099,85.26338551,25.85033799,99.981078408,1.541892653,1.737781226,4.662563094,37.88329546,45.27218678,,,7.328422274,0.562668457,10.175232464999999,99.999999996,205.127584044,,,,11.6302792,,,0.95951977,173.5183837,0.19479878,20.30169532,35.22717359,0.76472099,79.69830468,138.2912101,0.0,0.0,0.0,,,6.511720608,41.796538954,755.8438622059999,,22.05357143,,5.982957492,,16.84451777
442,Greece,2016,2.134378424,17.84328937,0.09063359,1624.513466,88.83872977,27.20347917,99.96320306,1.592342444,1.737781226,5.033958977,36.94066565,43.90442569,,,7.646642702,0.623702593,11.179224591999999,100.000000001,257.06688815300004,,,,11.73098488,,,1.511002381,287.970842,0.2576438,17.05118422,49.10243878,1.253358581,82.94881578,238.8684032,0.0,0.0,0.0,,,6.237124731000001,43.177059390000004,773.904179871,,23.21428571,,5.856008433,,19.15490866
443,Greece,2017,,,,,84.48306028,26.75221826,99.964947961,1.569871774,1.737781226,5.015755428,34.28026307,46.90614049,,,6.797041548,0.585600906,10.881682288999999,99.999999999,288.10191959099996,,,,12.06650162,,,2.328239724,427.9501549,0.126510714,5.433749466,23.25373925,2.20172901,94.56625053,404.6964156,0.0,0.0,0.0,,,5.618638536000001,41.030358161,762.429357548,,23.75,,6.250952628,,18.81359018
444,Greece,2018,,,,,80.96672367,27.87067145,99.959065635,1.599658787,1.778898371,4.823730717,33.86410591,44.43520976,,,6.522013379,0.6457788760000001,12.758642087,0.0,138.179659982,,,,12.42788966,,,1.285921353,230.4625724,0.084077248,6.538288508,15.06830789,1.201844105,93.46171149,215.3942645,0.0,0.0,0.0,,,5.277667019,40.02159613,790.7059819,,29.61186219,,6.488687877,,21.70067843
445,Greece,2019,,,,,85.50585718,30.99167559,99.979562034,1.636948447,1.768813033,5.288894855,33.7624014,41.40168626,,,6.416963467,0.742874082,14.221502012,0.0,137.493389894,,,,12.14498989,,,0.457452471,83.50482012,0.053371663,11.6671493,9.74263204,0.404080808,88.3328507,73.76218808,0.0,0.0,0.0,,,6.178354764,41.984636322,803.749390686,,32.06140351,,6.353311244,,24.83591234
446,Greece,2020,,,,,78.52865312,30.89345533,99.990388309,1.386733347,1.819239721,5.379479405,39.94801744,26.56139723,,,5.458658652,0.611999901,10.781785541,0.0,134.74660995600001,,,,9.796041834,,,0.47659161,84.64971305,0.030842572,6.471488686,5.478096603,0.445749038,93.52851131,79.17161645,0.0,0.0,0.0,,,3.4255436589999997,46.543847221,819.9768959990001,,31.17270789,,5.968492925,,33.49058534
447,Greece,2021,,,,,74.23779015,32.11944892,99.984823,1.499053727,1.81458495,5.303589613,36.87492138,33.90458949,,,5.903943408,0.6761935,13.733953739999999,0.0,98.130482582,,,,11.13962087,,,0.448131708,77.89029473,0.072746031,16.23318098,12.64407251,0.375385677,83.76681902,65.24622222,0.0,0.0,0.0,,,3.082559254,41.867002006,850.347523711,,31.25267208,,6.189941702,,29.22048239
448,Greece,2022,,,,,,,,,1.543832428,4.935275081,35.69727064,36.90609866,,,6.272226724,0.740606035,15.454421383,0.0,0.0,,,,12.73602926,,,0.474072177,70.39734186,0.038663045,8.155518746,5.741268412,0.435409132,91.84448125,64.65607345,0.0,0.0,0.0,,,5.133713993,27.136508836999997,566.2646846590001,,37.08542714,,6.447541263,,27.39662574
449,Greece,2023,,,,,,,,,1.413498836,5.35418331,32.44483534,40.76151037,,,6.147880164,0.841871458,19.354627002,0.0,0.0,,,,13.37954382,,,,,,,,,,,,,,,,2.825283318,,,,40.50493963,,6.509352941,,26.79365428
450,Hungary,1994,,,,,160.299136,12.22019833,100.00000000200001,0.668741525,126.152904565,,,,,,15.10148303,,,100.000000007,1216.657338333,,,,,,,,,,,,,,,,,,,,1671.1017377590001,55.47924277,231.45024026599998,,29.59170447,52.373019332999995,,,
451,Hungary,1995,,,,,153.2171178,12.65030606,99.999999996,0.688859436,126.136211863,,49.7041844,21.64431478,,,15.38392278,,,100.000000003,1153.832702834,,,,12.18502584,,,0.611584065,47.11230907,0.23966488,39.18756128,18.46216499,0.369640415,60.43983751,28.47460305,0.00227877,0.372601205,0.175541031,42.48313738,,1569.365600206,52.900136639,237.837382595,,30.83071279,52.339330651,6.313768145,,28.65150082
452,Hungary,1996,,,,,152.4248434,12.40228604,100.000000003,0.689728527,126.112842214,,49.91611635,21.05703116,,,13.28647443,,,99.999999995,1140.949609911,,,,12.6537026,,,0.616134805,46.4802366,0.280007666,45.44584463,21.12333611,0.334161483,54.23512522,25.20861452,0.001965656,0.319030148,0.148285968,42.65198429,,1569.020590602,52.790059652000004,238.877135774,,30.88331802,52.326263407,5.806648028,,29.02685249
453,Hungary,1997,,,,,159.3001703,13.49864412,99.999986728,0.732172805,159.10579067,,50.944367,21.09169372,,,13.51734019,,,99.99999999900001,1152.186071249,,,,12.60663019,,,0.908126721,71.07619704,0.190943295,21.02606289,14.94452589,0.716504274,78.89915118,56.07851616,0.000679151,0.074785925,0.053154992,31.15149933,,1555.8850441739999,52.477578533,241.19657709999998,,31.3183195,43.85736673,6.089967271,,27.96393928
454,Hungary,1998,,,,,172.4761406,14.96626739,100.0,0.818263549,159.25055677199998,,49.74625531,20.22245597,,,13.35402184,,,100.00000000200001,1078.802253635,,,,12.88373022,,,0.957481017,80.20314887,0.311295284,32.51190143,26.0755687,0.645419656,67.40808897,54.06340995,0.000766077,0.080009601,0.06417022,35.91693923,,1505.021004054,48.424270357999994,229.735052709,,33.94399372,43.822997078,5.919521128,,30.03128872
455,Hungary,1999,,,,,182.0444042,15.75953239,99.99999999900001,0.872625819,159.389755043,,49.25105363,18.99166553,39.7479989,,12.75698337,,,99.99999999799999,1026.338655095,55.83475953,0.267642683,,14.21685944,,,0.86201163,73.17451466,0.408539739,47.39376178,34.68015516,0.452844612,52.5334689,38.44111091,0.00062728,0.072769321,0.053248598,37.99124582,,1504.073155962,48.612085076999996,233.020953291,669.5484284,34.24388969,43.838619434,6.018185211,,31.75728084
456,Hungary,2000,,,,,187.8652145,16.64912359,100.000000001,0.868741768,159.79468866500002,,52.67343419,17.52448316,36.39230909,,11.7520655,,,100.00000000400001,1066.593527602,58.57884493,0.27088511,,14.8592859,,,0.729417748,63.90966994,0.384102374,52.65876446,33.65404256,0.34467743,47.25377619,30.1997324,0.000637944,0.087459357,0.055894986,37.67557371,,1573.902960895,52.912114689,244.68054995999998,698.329296,35.44600939,43.830603513,5.69724082,,29.80208265
457,Hungary,2001,,,,,173.7791889,17.00648634,99.999999998,0.916856767,159.823700111,,52.65006989,16.4536105,37.55000606,,12.16187246,2.675689008,14.116900817,100.0,1206.08135543,54.3446713,0.286721787,,14.50705556,,,0.786430023,73.36204145,0.379252794,48.22460776,35.37855674,0.394838525,50.20644096,36.83247003,0.012338704,1.56895128,1.151014688,,,1386.301185708,48.725123454,257.073125108,613.8845513,35.39523375,43.830917338000006,5.718356041,,30.89631961
458,Hungary,2002,,,,,147.1878384,18.3673417,99.999999995,0.979495321,159.820352644,,50.64421647,15.17586835,42.95031709,,14.0668879,2.498447064,16.626490563,99.999999991,931.546583781,45.85609346,0.30515992,,14.38831268,,,0.790415937,80.11228302,0.387177618,48.98403483,39.24222862,0.395207969,50.0,40.05614151,0.008030351,1.015965167,0.81391289,,,1112.899264663,41.000939042999995,272.850177937,492.1542211,36.21677957,43.830917338000006,5.481721771,,34.17991518
459,Hungary,2003,,,,,121.9845904,18.32404564,99.999999998,1.027040979,210.416201755,,44.64079503,14.08661125,37.95185895,,13.09041111,2.3564967159999997,19.84036411,100.000000007,773.621524238,37.52121911,0.315907357,,14.77574825,,,0.701578269,74.10000633,0.370229792,52.77098918,39.10330633,0.321620306,45.84239859,33.96922026,0.00972817,1.386612225,1.027479747,,,895.9394187160001,34.335913844000004,289.088895576,409.6730858,36.19320401,34.311806919,5.126526396,,41.27259372
460,Hungary,2004,0.098939899,1.115822361,0.044279278,456.1519147,104.540761,19.76881485,100.00000000499999,1.076947736,217.614371745,,46.90911099,14.32405879,35.4446997,,12.82261085,1.966024017,20.253392994,99.999999997,704.43171463,31.69395447,0.326501665,,14.82178989,,60.32598528,1.886782979,210.7224504,0.184286553,9.767236336,20.58175975,1.701596381,90.18506105,190.0401706,0.000900045,0.047702617,0.100520123,15.1352207,,749.8553964130001,28.73870451,296.05756163600006,351.1690156,36.31750163,33.457705463,5.229741974,,38.76683022
461,Hungary,2005,0.297410595,3.347840643,0.051643169,579.6119089,104.1831227,21.55376772,100.00000000200001,1.169288787,220.12387008,,49.33709769,13.61561832,34.23611669,3.697341097,12.66969133,1.938695826,21.75875738,99.999999997,740.893656242,33.15044256,0.372060654,1.085768477,15.37585947,,,2.058786015,236.3917867,0.187364743,9.100739066,21.51339968,1.869695223,90.81542278,214.6802005,0.001726048,0.083838154,0.198186509,14.26614497,,675.911600646,30.531778422,342.67034069799996,329.7289822,36.30448926,33.187035791,5.236560886,10799.5341,37.04728399
462,Hungary,2006,0.39716543,4.463787524,0.052090652,598.4987147,108.8781286,23.26171834,100.0,1.250961885,224.432540976,,50.96958958,14.05529158,32.9298188,3.674465482,12.93766389,1.7243134709999999,19.811604579,100.00000000099999,835.911358885,34.61935431,0.397761178,1.129693686,15.62072889,,,0.736656345,84.98593051,0.099172702,13.46254642,11.44127034,0.633269295,85.96536227,73.05846304,0.004214347,0.572091312,0.486197124,68.26332637,,684.579943576,30.644903790999997,352.09648740399996,341.9503821,34.32083589,33.121220447,5.434961475,11158.47465,34.97511884
463,Hungary,2007,0.198890588,2.231893762,0.043309789,603.7777278,92.52563768,24.69586693,100.000007712,1.289891286,227.12866864600002,,51.49496473,14.36347681,29.74480311,3.398271019,12.25166024,1.351697497,18.843888789,99.99999999299999,768.825912427,29.79598103,0.415382994,1.152157309,15.31362247,,,1.002183289,115.7293086,0.367521462,36.6720805,42.44034523,0.63062172,62.92478903,72.82242332,0.004040106,0.403130463,0.466540098,67.91082541,,564.976123834,25.861035463,360.52628440399997,295.4560063,35.06659836,33.110738704,5.812006232,11424.75547,34.14155847
464,Hungary,2008,0.199239146,2.231893762,0.037146498,585.8867158,81.39005511,24.89918404,100.000007762,1.283710566,229.156344181,6.653544074,55.07835928,13.05095581,23.03049923,2.702323591,9.922109448,1.0791812379999999,17.021199439,100.00000000200001,675.959956379,27.27291373,0.430157315,1.171549525,14.73388615,,37.64337638,1.179184075,136.344579,0.275442768,23.35875915,31.84840182,0.903378003,76.61043112,104.4541698,0.000363303,0.030809736,0.042007405,31.23723809,,500.74100125399997,23.279351963,367.16955292,273.1523159,35.04415717,32.979638951999995,5.623150243,11733.67353,31.87068491
465,Hungary,2009,0.199548024,2.209212416,0.042448331,555.1098761,97.71603439,27.3278245,99.999999997,1.277862641,226.343753476,6.744091415,62.76804093,13.30465625,19.35802934,2.258170415,8.201423775,0.544826382,7.124862187000001,100.00000000099999,765.151119348,34.82128005,0.45536859,1.253806542,13.27620923,,,1.994956709,217.6661454,0.335981873,16.84156211,36.65837908,1.655743407,82.99645799,180.6551909,0.003231429,0.161979897,0.352575398,22.48231157,,599.323920043,27.772450443,363.188877237,323.9737105,37.78078484,32.564968431,5.784108836,11665.29079,23.92730282
466,Hungary,2010,0.09999977,1.104606208,0.041952399,554.5060246,88.13453495,24.70925948,99.99999142,1.164918621,228.56401194,6.791876541,66.08568914,13.68554115,18.07037679,2.050523798,7.39998298,0.38807538599999997,5.1293882029999995,99.999999994,764.859780602,31.07235962,0.410699055,1.138040708,12.07323001,,48.65413429,1.1149462,124.1294006,0.272489527,24.43970187,30.33685543,0.841707176,75.49307541,93.70910197,0.000749497,0.067222723,0.083443163,28.11764962,,579.150932566,27.303381505,360.882569995,309.823277,39.83949946,32.648684402,6.014080271,11347.43244,20.22876971
467,Hungary,2011,0.200567063,2.209212416,0.040780799,580.4931282,76.30486264,23.37078784,99.999999995,1.086159398,230.25295477799997,6.759686623,66.90021959,14.31103053,15.72474306,1.77308808,6.398089318,0.386840383,5.506468439,100.0,719.6014050260001,28.53272782,0.406148303,1.125549643,13.00500416,,,0.633245921,71.61877698,0.341356474,53.90583066,38.60669664,0.291682707,46.06152161,32.98869843,0.00020674,0.032647731,0.023381906,46.25347857,,537.7519499680001,25.350039409,360.84441537699996,285.8415718,39.829037,32.529197206999996,6.267879741,11275.78412,18.78874988
468,Hungary,2012,0.201605546,2.209212416,0.040514856,526.0787862,81.56302279,24.57725712,100.0,1.059082521,231.33436427200002,6.705946906,68.10638108,12.96294759,15.04413776,1.670470092,6.098567774,0.498749055,6.476174962,99.99999999799999,787.944230198,28.51391961,0.370248586,1.014154818,12.90658214,,,0.623696594,70.21380875,0.471372002,75.57713256,53.06558331,0.152314246,24.42120862,17.14706071,0.00020674,0.001658824,0.001164724,65.95990659,,593.717482823,28.115943549,365.080931493,312.1936502,39.83435747,32.489192383,6.421796305,11103.79418,18.93067133
469,Hungary,2013,0.303242205,3.313818624,0.039225101,537.9750213,72.18165895,24.33473251,99.999999997,0.989976531,232.704075971,6.656005754,67.415606,13.20117436,14.72640287,1.601366066,5.973871439,0.597880452,8.199972466,100.00000000200001,783.5393462,27.19547931,0.372987912,0.999837696,12.90302995,,46.51977714,1.001703254,115.4775428,0.609694885,60.86581852,70.28635161,0.391889761,39.12234078,45.1775178,0.000118609,0.011840703,0.013673353,48.0290121,,564.876832987,27.199893969999998,373.048459519,295.7747901,40.35612342,32.386503368,6.524820702,10874.11556,19.38321964
470,Hungary,2014,0.304060176,3.28731098,0.039140024,559.4776165,77.49072667,27.28148221,100.00000914799999,1.107672472,231.28314705900002,6.307877074,66.79540415,13.1418526,,1.656960478,6.344722346,0.6967405680000001,9.959389723000001,99.99999999299999,784.024583,27.95073802,0.399535072,1.043408659,13.71198402,,,1.755131055,214.3562381,0.589711105,33.59926331,72.02211687,1.16540288,66.39976407,142.3320364,0.000118609,0.000972618,0.002084867,18.05131613,,552.471359822,26.787910747,382.913318112,,41.26233838,32.352998884,6.537859647,,20.06274325
471,Hungary,2015,0.304784259,3.28731098,0.049264566,626.4993862,95.31825366,27.93688522,100.000008378,1.212165911,232.38987504,6.338320865,64.59968358,14.11857929,,1.657085675,6.542702103,0.876890198,11.151446486000001,100.00000000099999,886.6083822400001,35.15102282,0.447016914,1.132170337,12.77864934,,,1.727371534,219.6705046,0.621552055,35.98253434,79.04301476,1.105819089,64.01744315,140.6274404,0.000118609,0.000972618,0.002084867,18.44780602,,637.911026765,31.047468451,394.831854582,,41.16993192,32.219033394,6.483798958,,21.28173713
472,Hungary,2016,0.305685039,3.28731098,0.054504305,714.2625404,92.98341872,27.46371902,99.999999996,1.218519765,234.92877492099998,6.347592293,63.1121068,13.77086906,,1.508900024,6.185027282,1.03467991,13.559169364,99.999999994,907.5392855,35.70489327,0.467901899,1.141494055,12.76135039,,,0.977389081,125.5968842,0.27799577,28.44269244,35.72313548,0.690544111,70.6519159,88.73660499,0.008849199,0.905391658,1.137143712,26.71321415,,642.655088028,31.279088248,409.90305399000005,,38.63781846,32.099620009999995,6.59500291,,23.11702414
473,Hungary,2017,,,,,88.93135143,27.85953238,99.999999996,1.300286597,239.721674348,6.650608405,64.21511291,13.81221497,,1.48395747,6.385392021,1.070859117,15.657287734,99.99999999100001,844.84591103,34.68607241,0.507153376,1.178618381,12.6601956,,,1.446261017,190.1102707,0.437869036,30.27593437,57.55766078,1.008248122,69.71411872,132.5336998,0.000143858,0.009946912,0.018910101,22.39094688,,604.437068132,29.429434466,430.294813074,,39.00691389,31.588833811,6.164322253,,21.97267212
474,Hungary,2018,,,,,84.22764515,29.70140157,99.99999999799999,1.383456341,242.200306865,6.468321223,63.78301018,13.06728313,,1.432824307,6.47532971,1.105473107,18.157622415000002,100.00000000200001,719.06904822,31.99314567,0.525493977,1.162783328,12.90455872,,,1.899201444,251.9722255,0.590175432,31.07492538,78.30018106,1.308254512,68.88445222,173.5696873,0.000771501,0.040622401,0.102357168,17.57922046,,563.05758863,27.514279665,451.92768418099996,,39.69218831,31.56024379,6.058432293,,23.14970669
475,Hungary,2019,,,,,87.42075818,31.54051266,99.999999999,1.467463523,242.805172038,6.714094168,62.16491216,12.46318434,,1.301509621,6.161000031,1.2310293460000001,20.664321598999997,100.000000001,714.49915719,32.75810828,0.549884604,1.161629767,12.57401074,,,2.162100845,288.2184329,0.600224184,27.7611558,80.01276822,1.561262072,72.21041868,208.1237371,0.000614588,0.028425517,0.081927581,14.10220457,,570.341365198,28.200128144,473.37337571099994,,40.17822549,31.533709623,6.097876073,,25.3719035
476,Hungary,2020,,,,,78.04576586,28.04799972,100.000008145,1.258535536,244.727153233,6.210135749,62.76267708,8.309536804,,0.967090133,4.717876619,1.046939371,16.889177792,100.000000003,668.25855551,31.49617206,0.508094799,1.041514026,11.24104927,,,1.842093891,233.5423335,0.520250035,28.24231912,65.95777109,1.319595746,71.63563988,167.299545,0.00224811,0.122041003,0.285017407,17.53781855,,521.454587288,30.240756512,487.84249344,,39.95120072,31.307671964,5.759745433,,28.92778612
477,Hungary,2021,,,,,74.61221709,30.18084239,100.0,1.400631068,245.889765506,6.135484774,66.70003271,7.347890088,,1.115199264,5.60253457,0.886173193,16.620268958,100.00000000200001,608.32754701,28.75185333,0.539243952,1.073379292,11.61554043,,,1.649869834,211.6797876,0.419152789,25.40520354,53.7776809,1.230012267,74.55207929,157.8116831,0.000704778,0.042717173,0.090423622,15.11644932,,471.709358952,26.786294044,502.379686809,,40.82900241,31.397625971,5.237203657,,25.9520772
478,Hungary,2022,,,,,,,,,247.88297177200002,6.170067052,68.14793426,9.339929049,,1.079567763,5.568778668,0.844236304,15.496656241,99.999999999,623.306984218,31.08931898,0.570670186,1.106305661,11.82823598,,,1.350866212,167.8860336,0.428951814,31.75383398,53.3102524,0.921913435,68.24609475,114.5756616,0.000118609,0.000972618,0.00011966,21.73888184,,547.1503431799999,28.101925248,515.834101374,,40.73605666,31.255868925,5.564813295,,22.51213669
479,Hungary,2023,,,,,,,,,250.044926618,6.240238085,,,,0.929880692,4.921859228,0.705832535,15.632221157,100.000000003,471.65608604199997,24.76588859,0.548495329,1.036265347,,,,,,,,,,,,,,,,,497.9077065,23.899176653999998,529.300078253,,45.28707812,31.097058261,5.282611159,,
480,Iceland,1994,,,,,103.2271523,32.13390141,100.000000001,2.479375688,12.38802993,,,,6.857142857,,4.51092207,0.929029655,22.314027836,0.0,6.385513676,35.57419818,0.854443822,,,,,,,,,,,,,,,,,,537.452294231,19.976172162,479.800466851,273.8884594,0.0,,,,
481,Iceland,1995,,,,,85.54997853,31.047103,100.000164091,2.278504344,12.30922693,,53.39400187,9.334137341,13.58464935,,8.973036027,1.015632877,27.049964857000003,0.0,6.331035417,56.15109207,1.495506004,,12.31737542,,,1.371408863,553.687313,0.0,0.0,0.0,1.371408863,100.0,553.687313,0.0,0.0,0.0,15.64335291,,486.84358487000003,18.388078871,489.740828798,248.0053359,0.0,,6.59035768,,37.27186404
482,Iceland,1996,,,,,91.52645705,30.55165616,99.999999996,2.527491856,12.34713217,,53.75717964,9.007269321,5.363080553,,3.718633328,1.3200769460000001,36.453762513,0.0,7.123541,53.86420261,1.487453331,,14.28437717,,,1.182987487,485.6358392,0.0,0.0,0.0,1.182987487,100.0,485.6358392,0.0,0.0,0.0,19.11947944,,492.88965113399996,18.471247019000003,510.081215,251.0879805,0.0,,6.09586376,,37.23554843
483,Iceland,1997,,,,,77.59330289,27.87252277,100.000000001,2.166342097,12.65935162,,53.13494114,9.288845391,7.873189166,,5.532442241,1.592538884,44.462394142,0.0,7.345098258,52.84243496,1.475317931,,15.5922887,,,1.220183933,516.9319928,0.0,0.0,0.0,1.220183933,100.0,516.9319928,0.0,0.0,0.0,16.37083387,,494.120943163,19.225398904000002,536.757546237,251.6885177,0.0,,6.179809706,,37.57621347
484,Iceland,1998,,,,,71.95006691,29.14973565,100.00000000099999,2.232613384,12.65735661,,48.62371999,10.18909936,12.85714286,,9.852324601,1.6034217339999999,49.754239231,0.0,6.350185089,59.85637426,1.857345638,,15.47269528,,,1.845187215,840.1387325,0.0,0.0,0.0,1.845187215,100.0,840.1387325,0.0,0.0,0.0,10.45520347,,453.402356881,18.140009279,562.885198512,246.9516423,0.0,,6.147631351,,41.18718065
485,Iceland,1999,,,,,69.51688201,30.4024649,99.99999999799999,2.251069828,12.65037406,,46.93591411,9.658729899,9.36246099,,7.570814151,1.7504915570000001,56.683767087,0.0,6.167858232,77.93322461,2.523604717,,16.15878492,,,1.303640282,617.4918207,0.0,0.0,0.0,1.303640282,100.0,617.4918207,0.0,0.0,0.0,16.03885805,,458.286349557,18.546437460000003,600.563845362,249.7203183,0.0,,5.863811001,,43.405356
486,Iceland,2000,,,,,69.55685777,29.07419234,100.000000005,2.232524315,12.96558603,,52.87913633,10.62315453,13.72212693,,11.37959851,1.550134838,49.753738375,0.0,11.0349746,28.80673705,0.924592379,,15.79125815,,,1.323071002,654.6426107,0.0,0.0,0.0,1.323071002,100.0,654.6426107,0.0,0.0,0.0,16.00608392,,471.037994079,19.458396902999997,624.544371571,258.3742723,0.0,,5.824160606,,36.49770914
487,Iceland,2001,,,,,77.36889792,30.28390642,100.000156954,2.235763314,12.92269327,,62.47783795,13.17834533,10.0,,8.421998259,0.920357162,26.595968673999998,100.0,168.21685642,31.57314449,0.912383145,,13.82274484,,,1.189614571,618.6001364,0.0,0.0,0.0,1.189614571,100.0,618.6001364,0.0,0.0,0.0,17.54643629,,541.522895205,21.519040932000003,621.845259793,291.4444107,0.0,,5.899351882,,24.34381672
488,Iceland,2002,,,,,68.37612749,28.92009659,99.999999997,2.216017501,12.94064838,,62.50290135,13.78693423,11.6,,10.08614963,0.785864659,25.469266806,100.0,151.54385313400002,27.90179048,0.904275484,,13.43207452,,,1.243121835,635.6476253,0.0,0.0,0.0,1.243121835,100.0,635.6476253,0.0,0.0,0.0,16.31462799,,491.951375995,19.254918292,624.0370336010001,268.2864469,0.0,,5.746946539,,23.71016442
489,Iceland,2003,,,,,56.02364126,29.21185257,99.999999997,2.211628863,12.97157107,,57.20026431,12.58804527,8.949416342,,7.944156037,0.90005232,35.531101366,100.0,125.410264762,22.74847898,0.89803503,,14.83719346,,,1.689340419,852.6630928,0.0,0.0,0.0,1.689340419,100.0,852.6630928,0.0,0.0,0.0,13.16252345,,412.28413897999997,16.225177640000002,640.516577374,224.8599653,0.0,,5.106762738,,30.21168896
490,Iceland,2004,23.96652903,6.982543641,0.092309546,4369.468012,48.57547814,29.74410374,99.999999998,2.299317981,12.99551122,,53.56993849,11.05958885,8.682521706,,7.874716681,0.909491424,43.050733716,100.0,109.605144897,18.80608957,0.890185364,,16.00342956,95.40447449,209.9887256,1.283772068,681.6753662,0.0,0.0,0.0,1.283772068,100.0,681.6753662,0.0,0.0,0.0,15.62478835,10.11491914,351.263960804,14.160623791,670.292460102,191.6051202,0.0,,4.962565661,,35.37047265
491,Iceland,2005,20.22012981,5.985037406,0.077203297,4384.752,39.8488172,30.45795025,99.999999998,2.2632088,12.99451372,,47.15919354,9.177460769,6.768792305,,6.403041108,1.157599984,65.745752089,100.0,95.149271584,15.42754605,0.876205625,,17.70789798,,,1.115666541,605.7631033,0.0,0.0,0.0,1.115666541,100.0,605.7631033,0.0,0.0,0.0,18.14474321,,305.378123225,12.49773638,709.807436956,166.5581606,0.0,,4.536980414,,43.66334569
492,Iceland,2006,23.04283993,6.982543641,0.084321165,4847.871171,51.54151625,40.02666995,99.999888912,2.963273005,0.0,,50.36671594,9.333016538,10.41316762,,10.20468626,0.980743635,56.38582931,100.0,97.943475509,14.88664517,0.855876912,,17.19218117,,,1.50769013,850.656318,0.0,0.0,0.0,1.50769013,100.0,850.656318,0.0,0.0,0.0,13.30049261,,312.421221508,12.75922906,733.565517378,170.4520872,0.0,,3.793134235,,40.30026752
493,Iceland,2007,16.04796416,4.987531172,0.072977744,5071.641322,44.62601317,41.82130752,99.999999997,3.101317217,0.0,,50.14746469,9.324300989,4.798464491,,4.814389247,0.736312014,51.17053851,100.0,82.733427414,12.00784818,0.834494136,,16.89764719,,,1.179493515,672.8240437,0.0,0.0,0.0,1.179493515,100.0,672.8240437,0.0,0.0,0.0,15.99137267,,264.71395984099996,10.982008477,763.202660161,144.3712824,0.0,,4.485134727,,40.52823432
494,Iceland,2008,22.05321756,6.982543641,0.08268163,4708.169772,50.5450196,43.16766973,100.0,2.87820323,13.01546135,5.238633154,65.10718267,10.5359175,3.938299967,,3.780551582,0.499318949,28.43289836,100.0,96.123738628,14.38481181,0.81911951,,14.59513084,94.70823335,142.1628809,1.955303758,1078.133505,0.0,0.0,0.0,1.955303758,100.0,1078.133505,0.0,0.0,0.0,17.73331216,7.94326708,309.186227929,13.368912145,761.27076939,168.5789292,0.0,,4.82047148,,24.35690073
495,Iceland,2009,18.8383637,5.985037406,0.095802807,3956.778514,67.5370147,42.72066606,100.000112562,2.789365116,0.0,5.73018499,80.68895042,11.89819203,5.517689062,,5.337536382,0.19544767,8.072238845,100.0,133.72558446,19.76522525,0.816329094,,12.32226949,,,1.282594622,638.6388056,0.0,0.0,0.0,1.282594622,100.0,638.6388056,0.0,0.0,0.0,19.88939667,,429.38922930200005,18.025201245,744.4638758709999,234.2179192,0.0,,5.217230042,,7.412857545
496,Iceland,2010,18.86549218,5.985037406,0.101651846,4395.128301,61.45153443,43.35508193,100.00011833800001,2.656984477,0.0,5.369532428,81.8481464,10.93952899,2.620373403,,2.515398958,0.225871822,9.766036454,100.0,122.980443928,18.90749314,0.817504661,,13.05414289,96.48172104,246.102539,0.765452294,379.5565052,0.0,0.0,0.0,0.765452294,100.0,379.5565052,0.0,0.0,0.0,26.66704662,8.9743153,407.082066332,17.202982631,743.806616094,222.0176021,0.0,,5.94397658,,7.212323682
497,Iceland,2011,18.807952,5.985037406,0.11321237,5401.882049,53.69020137,43.70333888,99.99999999900001,2.561806065,0.0,5.377315861,78.8891632,11.31397116,4.07885792,,3.7615904,0.331042231,15.79554502,100.0,107.483151522,17.08096448,0.815011253,,13.73371573,,,0.354162566,172.6025324,0.0,0.0,0.0,0.354162566,100.0,172.6025324,0.0,0.0,0.0,42.80878317,,354.374205959,15.647674469,746.622405301,193.2776827,0.0,,5.673178894,,9.79686564
498,Iceland,2012,21.82616396,6.982543641,0.123476799,5679.383006,54.17771476,43.08534554,100.000125123,2.491933673,0.0,5.196545563,74.67867321,11.69583667,3.024193548,,2.80622108,0.537233205,24.71033562,100.0,113.229371856,17.62531652,0.81068609,,14.65542481,,,0.330648877,158.2022187,0.0,0.0,0.0,0.330648877,100.0,158.2022187,0.0,0.0,0.0,43.96583395,,369.887614876,16.443335677,756.320233493,201.7420845,0.0,,5.535642111,,13.62549084
499,Iceland,2013,37.0640343,11.97007481,0.136881346,6817.373148,50.55119013,40.61457407,100.0,2.517701165,0.0,5.282147496,74.84314188,12.89277938,4.90035936,,4.633004287,0.451161096,22.47007079,100.0,106.36567806299999,,,,14.30401684,97.96374101,355.6451518,0.344593799,168.5260606,0.0,0.0,0.0,0.344593799,100.0,168.5260606,0.0,0.0,0.0,39.92567029,7.392384455,348.12909351400003,15.258485327999999,759.948604524,189.8287445,0.0,,5.982464006,,12.26407805
500,Iceland,2014,33.59948196,10.97256858,0.13898623,7585.415992,45.78041558,41.93065049,100.000122247,2.498546059,0.0,5.686136524,71.71049148,13.28860763,1.24300808,,1.221799344,0.527713136,28.80086503,100.0,100.517851176,,,,14.1832564,,,0.336183656,169.666686,0.0,0.0,0.0,0.336183656,100.0,169.666686,0.0,0.0,0.0,41.6181122,,330.319425658,14.058638365,767.2747154570001,180.101906,0.0,,5.771837383,,15.00090089
501,Iceland,2015,30.22837538,9.975062344,0.168234605,8908.305246,48.3532466,41.67354654,99.999881934,2.560385714,0.0,6.139395589,64.94731426,13.66906465,4.657933042,,4.83654006,0.800869519,42.40738781,100.0,109.703368098,,,,14.08859168,,,0.426856328,226.0276031,0.0,0.0,0.0,0.426856328,100.0,226.0276031,0.0,0.0,0.0,39.1636857,,359.654007223,14.935425875,790.855916395,196.0928645,0.0,,6.613927561,,21.38362109
502,Iceland,2016,38.75518351,12.96758105,0.1935441,11997.39744,44.55761617,56.87428216,99.990609758,2.76203423,0.0,6.78566741,61.73746702,13.39533781,4.519206628,,5.366102332,0.890148147,55.17843781,100.0,107.343334869,,,,14.02304339,,,0.397642596,217.5565207,0.0,0.0,0.0,0.397642596,100.0,217.5565207,0.0,0.0,0.0,37.80973727,,351.399595238,13.390600189,830.055539177,191.5533021,0.0,,6.824237717,,24.86719517
503,Iceland,2017,,,,,39.63412719,58.66103888,99.985817542,2.854059406,12.86583541,6.87209902,61.04331427,12.3832208,3.673094582,,4.659289458,1.029954152,74.16715201,100.0,99.754268513,,,,14.39119394,,,0.415184275,229.1874611,0.0,0.0,0.0,0.415184275,100.0,229.1874611,0.0,0.0,0.0,42.7624713,,323.162020817,12.138973563,874.129295246,176.1545521,0.0,,6.74320266,,26.57346494
504,Iceland,2018,,,,,38.81134759,59.98285059,99.991856508,2.889589789,12.79182783,6.996092273,65.59260028,11.23528126,4.006231916,,5.103183536,0.825715827,61.476351001,100.0,96.556125807,,,,13.98033916,,,0.448391509,247.2641234,0.0,0.0,0.0,0.448391509,100.0,247.2641234,0.0,0.0,0.0,45.53123332,,313.882434709,11.879241995,884.435573762,171.0911828,0.0,,6.932133982,,23.17211846
505,Iceland,2019,,,,,41.05760028,61.78001208,99.991112254,2.808468978,12.79381137,6.354930979,71.32121433,10.28851825,1.346499102,,1.664064255,0.587285696,40.201018958,100.0,100.912415604,,,,13.03464763,,,0.415895058,229.3038258,0.0,0.0,0.0,0.415895058,100.0,229.3038258,0.0,0.0,0.0,43.67789344,,331.0863525,12.791605088,875.613970368,180.5412249,0.0,,6.306152669,,18.39026743
506,Iceland,2020,,,,,39.33915621,58.61151243,99.880997313,2.313685147,12.79381137,5.269245598,73.27935024,3.251005595,2.321532211,,2.183030756,0.5483599490000001,32.366159745,100.0,90.386649846,,,,12.00310022,,,0.565860865,290.3134229,0.0,0.0,0.0,0.565860865,100.0,290.3134229,0.0,0.0,0.0,38.69058628,,292.044272521,14.610295176000001,862.351724502,159.3161103,0.0,,3.773121288,,23.46964417
507,Iceland,2021,,,,,34.23560162,56.39856594,99.94387353100001,2.348357135,12.83546564,4.872478112,68.17561433,5.166879394,2.182876546,,2.415977666,0.5950878660000001,41.211210138,100.0,90.20128048000001,,,,12.84888406,,,0.478412636,257.4117384,0.0,0.0,0.0,0.478412636,100.0,257.4117384,0.0,0.0,0.0,41.35014781,,292.989255788,12.759386218000001,883.616987009,159.8193896,0.0,,4.14855153,,26.65750628
508,Iceland,2022,,,,,,,,,12.84339978,6.333174905,62.30145929,10.81568026,1.99556541,,2.35600244,0.581182446,43.66719633,100.0,82.8518588,,,,14.44285981,,,,,0.0,0.0,0.0,,,,0.0,0.0,0.0,,,287.6123189,11.946137064,897.574102863,157.1328357,0.0,,5.725314835,,26.88286045
509,Iceland,2023,,,,,,,,,0.0,6.365596278,62.32172706,12.6602125,,,,0.565582899,44.57418699,0.0,0.0,,,,14.22850179,,,,,,,,,,,,,,,,0.0,1.031591434,81.30081301,156.9276232,0.0,,,,25.01806044
510,Ireland,1994,,,,,99.85148747,17.83454001,99.999982461,1.587963801,135.652489438,,,,13.80441468,,11.25227204,1.399257908,22.252760565,100.000000002,205.874593839,,,,,,,,,,,,,,,,,,,,22.151513995,16.946737283,269.508348102,512.5498387,1.900359527,3.368158769,,,
511,Ireland,1995,,,,,84.6384107,17.96563129,100.000017092,1.621587097,136.993758159,,43.08498346,22.83990556,13.74473171,,12.10915083,1.2286637,23.539967540999996,99.999999998,177.851934137,30.37237226,0.581904273,,10.61949907,,,0.569772058,,0.052959582,9.294871795,,0.516812476,90.70512821,,0.0,0.0,0.0,,,18.767038196,14.739538700999999,282.394818744,459.837716,1.902313625,3.3322514329999997,3.488539349,,34.07510437
512,Ireland,1996,,,,,89.77703877,20.09713559,99.99998529999999,1.87053259,137.326172164,,40.2083028,21.31339305,13.11826711,,12.45357401,1.478927608,30.813935908,99.99999999699999,183.06291172299998,28.94890684,0.603159854,,10.9197402,,,0.470509464,,0.003325155,0.706713781,,0.467184309,99.29328622,,0.0,0.0,0.0,,,17.188272255999998,14.339406897,298.76618896699995,455.6352101,1.893551689,3.335132218,3.599166436,,38.47827496
513,Ireland,1997,,,,,86.39300367,20.54807854,99.99998602800001,1.948318954,141.750616948,,39.74642515,20.32306304,15.41778271,,12.84643529,1.556531348,35.10261226,100.000000002,182.986237026,28.74754926,0.64830951,,11.72035033,,,0.6945172,,0.012968163,1.867219917,,0.681549037,98.13278008,,0.0,0.0,0.0,15.08078995,,16.847411932,14.056344724,316.99613327099996,369.4699719,1.939203354,3.2419786100000003,3.639837488,,39.93051181
514,Ireland,1998,,,,,93.67515984,22.60964421,100.00001183399999,2.275823822,141.736101037,,37.30857579,19.90084336,14.1782497,,12.33604906,1.574788976,38.259259579,100.000000003,193.655418487,30.36606008,0.737738829,,11.67291576,,,0.72442321,,0.044335601,6.120124268,,0.680087609,93.87987573,,0.0,0.0,0.0,12.75917065,,15.869300782,13.607575872,330.59399422900003,358.1288203,1.938187533,3.251752269,3.716200841,,42.79060296
515,Ireland,1999,,,,,94.35078911,24.03836287,99.999999999,2.48502125,141.746262132,,35.09391407,18.82506207,12.01384647,,10.9992953,1.779309773,46.863656148,100.00000000200001,219.831410328,30.63887642,0.806970091,,11.8856668,,,0.805279605,,0.005629011,0.699013277,,0.799650594,99.30098672,,0.0,0.0,0.0,11.5613826,,14.863887669,13.170581116,346.888211518,347.6147376,2.449192288,3.251854174,3.697185122,,46.08103162
516,Ireland,2000,,,,,103.7139091,25.43139793,100.00000000200001,2.731260909,141.746262132,4.592062882,34.48878935,16.11088245,11.52745757,,10.90620298,2.325581674,61.243191508,100.0,257.920460815,32.83183521,0.864612236,,12.94925518,,,1.04889842,523.0448974,0.225821208,21.52936869,112.6082644,0.823077212,78.47063131,410.4366331,0.0,0.0,0.0,10.52104208,,14.000762119,13.464794668,354.589566724,359.2641032,2.449192288,3.540165048,3.759747587,,49.4003282
517,Ireland,2001,,,,,99.489313,25.30233509,99.999990806,2.813797529,141.754971732,4.887691955,37.42838412,18.42945507,10.8615222,,10.63047511,1.5393151740000002,43.535546009,99.99999999500001,237.782972121,30.81940918,0.87164723,,10.98865213,,,1.076367294,566.1629172,0.070545107,6.553999452,37.10631449,1.005822187,93.44600055,529.0566027,0.0,0.0,0.0,9.705882353,,13.996317767,12.9061443,365.016891066,346.0553244,2.449192288,4.392287123,3.597286631,,44.14216247
518,Ireland,2002,,,,,86.17452299,26.32390447,100.000000004,2.818375222,141.778197132,4.924098538,38.52531253,18.64851454,10.37069726,,9.562692478,1.217121509,39.806487727000004,99.99999999799999,232.23160063400002,26.67267311,0.872341362,,10.6895382,,,1.162897739,651.3950272,0.111410868,9.580452717,62.40659259,1.051486871,90.41954728,588.9884347,0.0,0.0,0.0,8.975175048,,12.813216229,11.492383898000002,375.86340810799993,281.9371534,2.501302762,0.130545576,3.436036753,,42.82617294
519,Ireland,2003,,,,,68.49946662,26.87918645,99.999991135,2.8224198,141.74045582600002,4.910313592,37.86619346,20.76927156,8.818342152,,8.382290497,0.9015990580000001,37.149060397,100.000000003,198.66179312499997,21.31525991,0.87826387,,10.6801806,,,1.175595405,688.375663,0.134221067,11.41728407,78.59380492,1.041374338,88.58271593,609.7818581,0.0,0.0,0.0,8.674698795,,9.897711529999999,9.359542772000001,385.646165766,230.6966976,2.671755725,0.183694983,3.563647299,,41.36454984
520,Ireland,2004,1.965475441,11.61271592,0.061481876,2936.01665,61.68639466,28.28340931,99.999999998,2.945784571,142.882856732,4.783226533,38.63343324,19.98605165,9.356549585,,9.188597687,0.792598606,37.849897625,100.000000001,182.640012671,19.08710838,0.911489236,,11.14416245,97.89791194,68.65135384,1.123883343,638.4596704,0.124267005,11.05693094,70.59404486,0.999616338,88.94306906,567.8656255,0.0,0.0,0.0,8.65497076,1.474098769,8.317806086000001,8.28699994,395.73889837,205.6468723,2.60552371,0.198936931,3.612656483,,41.38050164
521,Ireland,2005,1.92311668,11.61271592,0.064285318,3274.246295,59.81721763,28.60773043,100.00000000200001,3.046671638,142.862534506,4.68249699,39.10342815,18.62651154,9.41288329,,9.519427565,0.802876044,40.892912688,100.00000000200001,174.709807851,18.73728269,0.954346652,,11.69022393,,,1.082064829,623.8240014,0.106178756,9.812605807,61.21339018,0.975886072,90.18739419,562.6106112,0.0,0.0,0.0,8.580858086,,8.608165101,7.972510837,406.06416380599995,198.5585599,2.667364017,0.255942636,3.540793898,,42.27006031
522,Ireland,2006,1.87196201,11.61271592,0.068924269,3744.596523,59.77116079,30.88137056,100.0,3.247317069,142.55189433200002,4.604506643,40.63299178,18.41407855,8.05508353,,8.540826672,0.7638883120000001,41.501397767,100.000000001,154.692133954,17.91709169,0.973420245,,12.28056919,,,1.185888093,651.5475643,0.094042419,7.93012591,51.66854221,1.091845674,92.06987409,599.8790221,0.0,0.0,0.0,8.018223235,,8.281218657,7.70534434,418.624758395,195.1627826,2.709744659,0.280417511,3.607080453,,40.95294002
523,Ireland,2007,2.273273892,14.5158949,0.065357855,4012.740336,52.61847199,32.12931408,100.00000704,3.230585673,142.429960826,4.236305725,40.45294005,19.19887687,7.009684979,,7.683665754,0.684794846,42.043973298000004,100.0,143.199663008,16.73581747,1.027519799,,12.39321817,,,1.23917698,689.7396306,0.127385883,10.27987809,70.90439315,1.111791097,89.72012191,618.8352375,0.0,0.0,0.0,7.747368421,,7.653670913,7.045823586,432.588563326,178.5363678,2.889858233,0.279376026,3.639502516,,40.34818308
524,Ireland,2008,2.004657934,13.06430541,0.067196176,4122.692193,48.60398946,30.56214982,99.907498191,2.982005745,142.740600948,4.149849355,43.80541782,20.58407312,6.381372796,,6.214439596,0.5459664230000001,33.496720381,100.00000000099999,126.732902076,15.64727389,0.960008411,,12.16883164,98.02236899,73.47736778,1.18343862,593.627013,0.078693294,6.64954591,39.47350076,1.104745325,93.35045409,554.1535123,0.0,0.0,0.0,8.532272325,1.482428167,7.425910332999999,7.186251959,440.89867474,158.7272533,2.805717311,0.438591944,3.507466249,,35.61050905
525,Ireland,2009,1.763911474,11.61271592,0.068345622,3563.067001,51.34260288,30.91236091,100.00001647399999,2.676648568,142.18028737400002,4.493462025,51.42337043,24.84837286,5.27599202,,5.247636634,0.239440355,12.482760524,99.999999996,103.258925763,16.79051486,0.875341069,,10.98189168,,,1.125257022,521.804548,0.081720569,7.262391395,37.89548859,1.043536453,92.73760861,483.9090594,0.0,0.0,0.0,8.767405879,,7.446814141,8.299420385000001,432.67425516000003,190.7859258,2.767624021,0.690387679,4.038124733,,23.7282567
526,Ireland,2010,1.754326333,11.61271592,0.066971807,3259.08922,51.10006777,28.8964116,100.00000882,2.486713281,142.152707248,4.523676591,51.20222801,22.29469071,5.027747474,,4.648964783,0.390548467,19.005494334,100.000000004,99.905905716,16.80834661,0.817954653,,12.13645216,98.65295104,84.03326766,0.905462701,401.579796,0.060735881,6.70771762,26.93683873,0.84472682,93.29228238,374.6429572,0.0,0.0,0.0,10.44965168,1.147425643,7.943562538999999,8.766233202999999,426.596464367,190.0109231,2.750389206,0.937480469,3.731802944,,26.50309226
527,Ireland,2011,1.746692855,11.61271592,0.062124679,3244.131985,45.01976983,30.28118456,99.999999997,2.349272633,142.158513606,4.651008844,52.04267701,23.11715699,4.462464912,,4.061060889,0.370543027,19.349645112999998,99.999999996,84.523146151,14.50847189,0.757628026,,12.72871398,,,0.675161962,299.1568207,0.083275559,12.33416028,36.89848176,0.591886404,87.66583972,262.258339,0.0,0.0,0.0,13.52040816,,7.224785563,8.1110302,423.55555047100006,174.2730885,2.744691869,0.937480469,3.607283933,,24.84017646
528,Ireland,2012,1.521893636,10.16112643,0.067472646,3302.36961,46.76775169,29.44415966,99.999999995,2.294177909,142.158513606,4.429849635,53.7483718,23.79032615,4.010037394,,3.543838037,0.34675476299999997,16.971505585,99.999999996,89.264486979,14.96987681,0.732683079,,12.81341175,,,0.542526888,238.7384773,0.036872462,6.796430273,16.22569415,0.505654426,93.20356973,222.5127832,0.0,0.0,0.0,13.56097561,,7.4211373620000005,8.655014182,423.609527303,180.5624785,2.744691869,0.937480469,3.510611853,,22.46130206
529,Ireland,2013,1.513901072,10.16112643,0.065955727,3396.520104,44.91672559,30.96183138,100.000000001,2.315293472,142.154158806,4.289713718,52.06331926,24.96526216,4.502239146,0.825834202,4.065905737,0.35508003499999996,18.285545961,100.000000001,78.081801207,13.90099135,0.715858936,1.453995324,12.43034051,99.86159453,88.52376704,0.367983424,162.6350689,0.036668522,9.964721136,16.20613108,0.331314902,90.03527886,146.4289378,0.0,0.0,0.0,17.72853186,0.122691544,7.07820016,9.560547490000001,492.33922807700003,175.3666755,2.744691869,0.934384733,3.487179066,18342.74404,22.97141858
530,Ireland,2014,1.502874785,10.16112643,0.064121692,3574.962535,42.93391675,32.64174042,100.000000001,2.388974481,142.154158806,4.301751122,47.29269855,24.28767464,4.38036138,0.83008146,4.122170838,0.42389160800000003,23.633135383000003,100.000000004,76.517312373,13.63206022,0.760025248,1.530462693,12.92562176,,,1.124505378,530.4413022,0.798112374,70.97452708,376.4782057,0.326393004,29.02547292,153.9630965,0.0,0.0,0.0,11.75656985,,7.553274798,8.907149636,496.59835030500005,168.7910913,2.744691869,0.934384733,3.373691022,18950.06801,28.4196364
531,Ireland,2015,1.488741815,10.16112643,0.061434751,3819.96943,38.65086647,31.83003877,100.000008867,2.398440266,146.362316706,4.318339269,41.90218164,24.40490152,3.537890369,0.683653054,3.445373916,0.508858187,31.640442479,99.999999999,68.471340738,12.31340218,0.765638648,1.519229008,13.17302238,,,0.256481092,159.4780562,0.02422905,9.44671958,15.06544476,0.232252043,90.55328042,144.4126114,0.0,0.0,0.0,11.81556196,,6.9534081,8.105033616,503.96526377699996,156.619635,2.744691869,0.926206799,2.613325438,19323.74897,33.69291684
532,Ireland,2016,1.472030887,10.16112643,0.065822613,4132.611267,39.93596901,32.09048476,100.000008374,2.511809158,146.362316706,4.361845577,37.68778571,24.48988676,3.80952381,0.74958783,3.827280307,0.583642915,36.643475168,99.999999997,78.53786414599999,12.05790749,0.757044456,1.482701202,12.9878568,,,0.243519095,152.0353818,0.012913713,5.302956833,8.062370666,0.230605383,94.69704317,143.9730111,0.0,0.0,0.0,11.77304965,,7.114383395,8.13239207,510.5846381,160.0184807,2.744691869,0.926206799,2.644035234,19676.68053,37.82232753
533,Ireland,2017,,,,,34.70718759,32.53018652,99.999999996,2.42849485,146.362316706,4.254882746,38.48528936,25.4377569,3.17922632,0.625497371,3.224204079,0.456628093,32.032779551000004,100.000000002,70.781253862,11.54661739,0.81000327,1.571410815,12.52675488,,,0.206281974,137.5845458,0.02304977,11.17391364,15.37357834,0.183232204,88.82608636,122.2109675,0.0,0.0,0.0,12.89808917,,6.745740595,7.347930455,515.462450757,144.5669708,2.744691869,0.926206799,2.440795015,19674.51538,36.07695375
534,Ireland,2018,,,,,30.70059859,33.30270317,99.999999995,2.433034346,146.527797908,4.370313763,37.98816669,26.36377775,2.860447997,0.538896649,2.79414774,0.386089017,30.673578619,99.999999996,60.57182191,11.11992643,0.883443771,1.703864404,12.3460326,,,0.224959533,161.1435902,0.013318588,5.920437318,9.540405249,0.211640945,94.07956268,151.6031849,0.0,0.0,0.0,11.26760563,,6.332148060000001,6.526297752,518.494176303,122.9527679,2.591687042,0.926206799,2.024763146,18839.58909,35.64805556
535,Ireland,2019,,,,,29.62349642,34.89165946,100.00000000099999,2.397342907,146.642473508,4.557932245,36.96918101,26.17207893,2.974167233,0.540978127,2.837258884,0.359268235,29.046235161000002,99.999999999,62.979327698,12.03209185,0.972774474,1.85478215,12.20137785,,,0.255049855,192.9826058,0.020173286,7.90954626,15.26404848,0.234876569,92.09045374,177.7185573,0.0,0.0,0.0,8.223684211,,6.440081528,6.487064720999999,524.4683179440001,117.9947141,2.591687042,1.005284056,2.077617456,18189.23028,36.85874006
536,Ireland,2020,,,,,23.38027627,31.21060468,100.000010043,1.997147661,146.642473508,4.450595556,42.68609571,17.50380434,3.973838894,0.544644593,2.888444657,0.25231395,21.692219376999997,100.00000000099999,53.764109790000006,7.466014199,0.64187659,1.210321318,10.40714954,,,0.160959511,126.5745328,0.026915415,16.7218543,21.16560896,0.134044096,83.2781457,105.4089238,0.0,0.0,0.0,8.378870674,,2.0731774329999997,6.16862158,530.335689438,84.54561141,2.591687042,1.005284056,1.037955928,13705.75425,39.81009996
537,Ireland,2021,,,,,21.06519331,31.56036368,99.999999998,2.110144213,152.74640730800002,4.180872431,46.71619423,15.21763223,3.175891876,0.494277346,2.642473005,0.259871669,26.507381833,100.000000004,49.078230118,6.817404503,0.695387633,1.300729858,9.343710769,,,0.142834191,118.5369239,0.021885884,15.32258065,18.16291576,0.120948307,84.67741935,100.3740082,0.0,0.0,0.0,8.056042032,,1.838878403,5.241214738,534.613416119,81.57121879,2.591687042,0.964315481,1.157905993,15563.41857,38.06617354
538,Ireland,2022,,,,,,,,,152.74640730800002,4.293875664,50.55461217,19.39785218,3.235022267,0.567409334,3.003606278,0.241844601,25.147791084,100.000000005,46.760711871,6.940017406,0.721645664,1.363256193,10.08138686,,,0.152879099,123.6107668,0.04207138,27.51937984,34.01691643,0.110807719,72.48062016,89.59385033,0.0,0.0,0.0,7.578253707,,3.278689304,5.090765362999999,529.354400147,89.2898888,2.591687042,0.964315481,1.695534987,17539.58049,30.04753565
539,Ireland,2023,,,,,,,,,152.74640730800002,4.186999441,43.74368183,22.43090716,3.890392422,0.663814669,3.496515456,0.275811858,28.597505846,100.000000005,46.449127846,7.697535392,0.798117659,1.515229135,9.633541041,,,,,,,,,,,,,,,,4.096188476,5.080113109,526.730670633,86.68157949,,0.92554903,1.990543132,17062.92314,33.82541101
540,Israel,1994,,,,,,24.51224396,,1.90028672,66.5064695,,,,24.86298138,,12.68753473,,,0.0,22.55780519,,,,,,,,,,,,,,,,,,,,2.670985121,14.848116645000001,248.123726611,305.3705241,,,,,
541,Israel,1995,,,,,107.4028261,25.10477154,,2.031709829,70.984288354,,35.52685591,27.30189878,23.14497437,,12.78629396,,,0.0,21.42178257,,,,11.49287278,,,,,,,,0.695488854,,288.804845,0.0,0.0,0.0,,,2.578368404,13.566718724,256.637871916,292.0398092,0.0,,,,37.17124532
542,Israel,1996,,,,,103.8233997,25.26200414,,2.08864617,72.84195933400001,,39.89479114,26.2803982,18.98534243,,10.55867885,,,0.0,19.778590624,,,,11.65897232,,,,,,,,0.740036711,,319.0774217,0.0,0.0,0.0,,,1.897642569,13.135855459,264.257905825,276.453134,0.0,,,,33.82481521
543,Israel,1997,,,,,106.4932591,25.70214662,,2.16893523,74.89833641400001,,42.347411,28.1810247,18.66515837,,10.74366004,,,0.0,17.899043798,,,,11.74487266,,,,,,,,0.641766212,,283.9835119,0.0,0.0,0.0,,,2.942540476,13.265769792,270.182316699,282.6155889,0.0,,,,29.47156429
544,Israel,1998,,,,,98.19218096,23.90456994,,1.974326913,77.213493531,,43.57214586,28.9634455,18.6647102,,10.65148216,,,0.0,18.045522964,,,,11.73775852,,,,,,,,0.619274462,,286.9457051,0.0,0.0,0.0,,,3.217612876,13.610488683,273.662870586,283.8223776,0.0,,,,27.4644123
545,Israel,1999,,,,,103.6826407,24.72372903,,2.046948408,78.142329025,,45.21903645,27.38534573,15.70231387,,8.963265306,,,0.0,17.879229313,,,,11.98558425,,,,,,,,0.49105997,,229.8739023,0.0,0.0,0.0,,,4.410539486,13.966654894,275.73583674500003,289.1357449,0.0,,,,27.39561783
546,Israel,2000,,,,,98.24773364,24.36872692,,2.125154556,79.108133087,,43.27896054,25.82054549,14.14396141,,8.204802035,,,0.0,15.132936253,,,,13.11289362,,,,,,,,0.675550627,,324.0677826,0.0,0.0,0.0,,,5.777519532,13.14643532,284.364922874,268.181632,0.0,,,,30.90049664
547,Israel,2001,,,,,98.60581649,23.65124463,,2.061815965,80.184842882,,45.0224946,27.57036823,15.00345212,,8.774654449,,,0.0,14.527617657,,,,13.09651561,,,,,,,,0.823152281,,385.566813,0.0,0.0,0.0,,,7.164925770999999,13.883680786000001,290.303308,279.6993528,0.0,,,,27.40713717
548,Israel,2002,,,,,110.4713425,23.31359583,100.0,2.102822222,81.55268022199999,,46.28192401,27.51053556,14.43624868,,8.340943683,,,0.0,19.392441372,,,,12.93991965,,,,,,,,0.850615369,,381.9713475,0.0,0.0,0.0,,,8.953370139,15.300564264,291.246270913,303.5343934,0.0,,,,26.20754294
549,Israel,2003,,,,,108.8646975,23.43136144,100.0,2.136690883,82.569316085,,51.00745123,27.01050222,12.3253903,,7.175209651,,,0.0,19.088474991,,,,12.68930199,,,,,,,,0.846387667,,349.338179,0.0,0.0,0.0,,,9.763807994,14.748585472,289.470977761,296.605538,0.0,,,,21.98204909
550,Israel,2004,0.734322221,23.10536044,0.027576163,566.8875018,101.1964901,23.15413043,100.000000004,2.08031194,84.579482442,,50.20762394,26.49596263,12.66648273,,7.416654428,0.9828204899999999,20.203994709,0.0,18.058659406,,,,13.83075529,98.35670067,110.1859387,,,,,,0.52378249,,210.9838529,0.0,0.0,0.0,,1.840936891,10.200981628,14.23551206,292.641650751,284.8321213,0.0,,,,23.29641343
551,Israel,2005,0.577192248,18.48428835,0.027433889,582.2550901,91.55206796,22.90188668,99.99999999799999,1.943095193,85.49445471099999,,51.03323894,27.36922316,11.14332958,,6.709859887,0.9799706549999999,20.798834073000002,0.0,16.060040954,,,,14.13271674,,,,,,,,0.447529073,,172.1937801,0.0,0.0,0.0,,,11.029020775000001,14.0144751,297.442316831,283.7086367,0.0,55.62503553,,,21.59753994
552,Israel,2006,0.425308703,13.86321627,0.028093144,631.9440861,86.77956828,22.20545219,99.99999999900001,1.952071679,86.229205175,,51.62592706,27.25449999,10.15216687,,6.223684024,0.944506444,21.246296274000002,0.0,14.16065774,,,,14.2607755,,,,,,,,0.547238909,,207.5799968,0.0,0.0,0.0,,,10.167992699,13.407983194,301.60724159299997,272.5275926,0.0,55.60697556,,,21.11957295
553,Israel,2007,0.278547653,9.242144177,0.025194992,645.8421192,78.80474655,22.56776893,100.000000004,2.020061141,87.005545291,,49.39193094,24.97086826,9.223042048,1.820345497,5.77986379,1.089610748,27.93080876,0.0,12.548447806999999,,,,14.70265841,,,,,,,,0.749499552,,284.1764599,0.0,0.0,0.0,,,9.990403747,12.38658672,317.51465857,244.4732144,0.0,55.64633464,,19736.93156,25.63720248
554,Israel,2008,0.410464098,13.86321627,0.023706255,715.2932082,72.47274841,24.78667812,,2.186733527,88.442698709,,49.84762337,25.39553418,9.179757892,1.814310172,5.924365149,0.943074469,28.455560418,0.0,8.877998468,,,,14.93559184,99.50455307,86.46719752,,,,,,0.80592422,,279.1567643,0.0,0.0,0.0,,0.430532137,8.946923587,10.822039816,326.53540932699997,213.8894855,0.0,55.87975243,,19764.24862,24.75684245
555,Israel,2009,0.400769477,13.86321627,0.026113404,739.4477397,74.07646191,24.58966368,,2.097607273,89.380776337,,52.77586087,25.49593017,7.094525323,1.409512744,4.622207973,0.913896715,25.878620289,0.0,8.415471682,,,,13.92124662,,,,,,,,0.56470687,,201.9811476,0.0,0.0,0.0,,,9.511360131999998,11.580744327,327.929491293,230.0817317,0.0,55.66429743,,19867.61172,21.72820896
556,Israel,2010,0.5246865,18.48428835,0.025423099,794.8940133,69.00417694,24.03317536,,2.157526365,90.18484288,,52.27124005,24.85804715,7.519550832,1.46365853,4.918935936,0.9735233099999999,30.438769084,0.0,8.048322134,,,,14.74378423,98.9251838,105.382843,,,,,,0.546767909,,192.4568649,0.0,0.0,0.0,,1.144978282,8.354382485999999,10.748569448,336.07127862699997,209.2177539,0.0,55.97879017,,19464.7069,22.8707128
557,Israel,2011,0.386309202,13.86321627,0.024040702,825.9115609,58.72813858,23.20742092,,2.017588529,90.78096118399999,,54.11637417,24.07360002,7.535557178,1.425974917,4.919003837,0.8928982489999999,30.675268482,0.0,7.431328196999999,18.15279404,0.623634139,1.807859212,14.95503755,,,,,,,,0.556663766,,193.5545131,0.0,0.0,0.0,,,7.241792699,10.041044080999999,344.95724846999997,190.009533,0.0,55.87633308,,18923.28442,21.8100271
558,Israel,2012,0.252828519,9.242144177,0.024482316,811.74123,65.38829009,23.25350871,,2.168029075,91.07670979699999,,54.23319257,25.53052689,5.787614505,1.052041214,3.666013526,0.834959023,27.684090761,0.0,6.9471282510000005,18.83092528,0.62436243,1.791741912,14.75637941,,,,,,,,0.625012227,,211.8663586,0.0,0.0,0.0,,,8.154502676,10.509842491,348.466721494,191.0422238,0.0,,,18177.45831,20.23628053
559,Israel,2013,0.248154352,9.242144177,0.023080036,852.6191451,53.37265544,24.53251893,99.999993709,1.971684224,92.51848428800001,4.250181186,53.04634292,25.22186845,6.034331244,1.085750006,3.833984739,0.7662743080000001,28.307587315,0.0,6.246308645,16.82950585,0.621713009,1.760635343,14.6301811,98.85898154,86.26035395,,,,,,0.661463076,,224.22895,0.0,0.0,0.0,,0.995606618,7.999675603,9.55876861,353.11855572400003,171.9897807,0.0,91.34513462,,17992.88043,21.73178863
560,Israel,2014,0.486872695,18.48428835,0.024547445,939.1774286,51.00628906,25.70691487,100.000000004,1.951484353,93.609057304,4.134137287,50.71879112,24.97867012,6.08778626,1.077291439,3.882809742,0.821260934,31.421181397999998,0.0,5.77939949,16.08482806,0.615400392,1.707437701,14.82423706,,,,,,,,0.579024901,,199.8046408,0.0,0.0,0.0,,,7.925066767,9.420447988000001,360.423335846,166.7037498,,91.32875204,,17695.94716,24.30253876
561,Israel,2015,0.357990955,13.86321627,0.027083252,980.5904464,55.79190332,26.44049874,100.000000004,2.020030787,94.736598887,4.145397662,49.57423661,27.56836319,6.493980299,1.153299035,4.24815933,0.901051787,32.62395437,0.0,6.306999973,17.58821155,0.636808027,1.728819533,14.10052465,,,,,,,,0.553708577,,200.4786188,0.0,0.0,0.0,,,8.616703871,10.173538198,368.34846841,180.6770462,,91.32854764999999,,17759.50929,22.8574002
562,Israel,2016,0.468055231,18.48428835,0.027518115,1037.170723,54.29640637,27.67652512,99.999994286,2.04645729,95.665434379,4.135568728,44.87158845,25.94745526,6.588605383,1.165855825,4.411420548,0.947905562,35.727006791,0.0,6.79387219,17.06879379,0.643330872,1.700202999,14.83135913,,,,,,,,0.558422018,,210.5692019,0.0,0.0,0.0,,,8.232051324,10.039268138,378.38474144599996,177.64517,0.0,91.27672761,,17695.03191,29.18095629
563,Israel,2017,,,,,50.14511735,28.10479596,100.0,2.061705554,97.273567473,4.225841874,48.7455157,27.84332754,6.107177611,1.080821068,4.17752172,0.848971166,34.90525977,0.0,6.401751738,15.82322121,0.650568204,1.683169756,13.8755097,,,,,,,,0.604796661,,231.5534096,0.0,0.0,0.0,,,7.738254346,9.400846919,386.513720424,166.3719978,0.0,91.18895423000001,,17697.5542,23.41115677
564,Israel,2018,,,,,47.89218692,30.23039596,99.999994453,2.030956568,98.331792977,4.319085936,48.26702704,27.83369323,5.163736192,0.905474741,3.557436844,0.766051184,32.485815282,0.0,5.919012677,15.17828562,0.643663235,1.638316648,14.26025201,,,,,,,,0.605826333,,230.4609085,0.0,0.0,0.0,,,8.068045207,9.264561666,392.88084843100006,162.4565288,0.0,91.11246077999999,,17535.26337,23.89927974
565,Israel,2019,,,,,45.05321853,29.41066405,100.000000005,2.002716148,99.56099815,4.313084947,46.92033831,28.42945866,5.617888623,0.987500469,3.920918931,0.699723243,31.104263307,0.0,5.294384857000001,14.22957536,0.632536455,1.593070545,14.14547235,,,,,,,,0.601833039,,235.7015588,0.0,0.0,0.0,,,8.912374914,8.932169013,397.054892842,157.0077601,3.439649781,91.01072897,,17577.78652,24.65020302
566,Israel,2020,,,,,39.43468898,28.24443709,99.99999999500001,1.768519278,101.00739371200001,4.227918,53.79667931,16.07629626,5.533306347,0.828055273,3.309785027,0.585506752,26.258098116,0.0,5.000943075,12.56547072,0.563521023,1.409839462,10.8022488,,,,,,,,0.757186466,,290.9641414,0.0,0.0,0.0,,,3.0347145650000003,8.912696136,399.70580894200003,133.3778498,4.138357011,90.75547211,,14964.92731,30.12702581
567,Israel,2021,,,,,35.50470726,30.41691162,100.000000004,1.852167395,102.17652495300001,3.942528651,52.50004243,17.25755375,5.687411134,0.949467959,3.884158183,0.660387793,34.425699473,0.0,3.6857563530000004,11.33191264,0.59072718,1.444010525,11.97538647,,,,,,,,0.652455924,,261.3180088,0.0,0.0,0.0,,,4.008865082,7.847527734,409.08786303299996,131.0082208,8.895348837,90.73610907,,16694.20298,30.24240494
568,Israel,2022,,,,,,,,,106.3077634,4.196048141,46.01338927,24.0797771,5.331186683,0.884895068,3.672508501,0.5672487159999999,31.159508242999998,0.0,1.889514774,11.35232667,0.623594036,1.502556868,14.12498223,,,,,,,,,,,0.0,0.0,0.0,,,5.750448693,7.55533911,415.021919948,125.4070194,29.79014599,90.6356604,,16598.46336,29.90683363
569,Israel,2023,,,,,,,,,97.77264325,4.468296688,45.55032662,26.14706184,5.479992714,0.881721785,3.700021524,0.580788693,30.352988199,0.0,1.755241114,,,,13.86952506,,,,,,,,,,,,,,,,6.669916233,8.029516195,419.635942536,129.1935906,,90.57094244,,16089.83499,28.30261154
570,Italy,1994,,,,,95.16474732,27.63887786,99.70404708699999,1.840352829,61.560980580999995,,,,,,12.49749311,0.004453858,0.086131371,100.000000003,405.692702323,30.04079928,0.580946953,,,,,,,,,,,,,,,,,,658.16209953,32.684040295,632.063528977,,,3.862348914,,,
571,Italy,1995,,,,,90.99052135,26.64799872,99.710346809,1.880337015,61.898609368,,62.77959192,12.27289547,,,12.37239201,1.479944604,30.583346233,100.00000000099999,355.838254061,29.01680238,0.599637927,,13.01129937,,,0.702256287,205.516633,0.19731985,28.09798271,57.74602801,0.50392454,71.75792507,147.4744715,0.001011897,0.144092219,0.296133477,49.36966246,,634.837398432,31.228990079,645.353220424,,63.76132459,3.875455449,4.793049445,,24.94738277
572,Italy,1996,,,,,82.78715957,27.28948346,99.743559431,1.910942966,62.038012987,,63.19258255,12.03823767,,,11.76216488,1.32625243,30.613355571,99.999999996,319.57679628899996,25.5378512,0.589480027,,13.20380851,,,0.676372947,200.3930511,0.192470843,28.45631891,57.02448571,0.483041579,71.41645462,143.1136124,0.000860525,0.127226463,0.254952991,49.37368474,,579.761214089,28.19331381,650.775011081,,65.911077809,3.884142605,4.689215663,,24.76917977
573,Italy,1997,,,,,88.77617277,27.47465662,99.7472706,1.937978328,62.043453129,,58.80168391,11.12816056,,,11.81922312,1.94115808,42.375360109,99.999999994,337.061020662,27.73648244,0.605485686,,14.1416418,,,0.661962894,199.6060162,0.190230797,28.73738072,57.36154083,0.470908191,71.13815517,141.9960376,0.000823906,0.124464113,0.248437857,49.37007874,,621.991241686,30.111947078,657.3419312450001,,66.09482220400001,3.886545787,4.671769161,,30.07015554
574,Italy,1998,,,,,89.30419294,27.54131965,99.751608166,1.993155961,62.019312501,,58.70987885,10.93217867,,,12.03548036,1.878668667,41.929494328000004,100.000000003,358.516886692,,,,14.1230893,,,0.741972581,227.7187514,0.190542071,25.68047337,58.47925331,0.549498747,74.0591716,168.6466208,0.001931763,0.26035503,0.592877223,48.09654143,,625.527237407,30.11081246,672.0350228159999,,66.697761197,3.894784308,4.875637128,,30.35794248
575,Italy,1999,,,,,92.82940642,27.83226239,99.98402255,2.042716151,62.655809047,,60.41189909,10.69930365,,,11.75058463,1.875843415,41.278039829,100.00000000600001,339.3889008,,,,14.16150162,,,0.855806006,266.8781933,0.313236741,36.60137218,97.6810808,0.541633213,63.28925127,168.9052103,0.000936051,0.109376554,0.29190217,56.47268002,,637.732723451,31.252815975,687.71997317,,66.25031071,3.851710914,4.77449593,,28.88879726
576,Italy,2000,,,,,101.4776949,27.67649609,99.999999999,2.043516338,62.119654540000006,,60.57264745,10.60121071,,,12.40031367,2.114302495,42.576962551,99.99999999799999,387.731222985,,,,14.22050583,,,0.927014129,299.8984161,0.366407792,39.52558867,118.5366144,0.558189931,60.21374576,180.5800698,0.002416407,0.260665566,0.781731904,58.37837838,,745.322730666,35.344665230000004,711.756473813,,68.680355579,3.862274557,4.900657633,,28.8260497
577,Italy,2001,,,,,101.4445852,28.19964302,99.999999158,2.079710816,62.411824781,,61.23997635,10.63415163,,,12.45478209,2.075840912,42.556723139,100.000000003,380.939404154,,,,13.85899678,,,0.72569074,239.2132056,0.372353575,51.31022823,122.7408418,0.351343509,48.41504649,115.8151847,0.001993656,0.274725275,0.657179136,54.57969865,,736.337085255,35.72533895,732.4036009440001,,69.229809788,3.843871642,4.986673577,,28.12578023
578,Italy,2002,,,,,94.57348431,28.26622562,100.000001653,2.116204458,62.760467741,,61.14265091,10.76567716,,1.526443513,12.23295036,1.7925642000000002,40.110950407,99.999999999,355.924124245,,,,13.7405042,,,0.785923351,259.3417282,0.409180787,52.06370147,135.0229032,0.375557606,47.78552582,123.9278085,0.001184958,0.15077271,0.391016552,53.76128385,,669.3944019200001,35.814776239,801.402099404,,69.615264315,3.824679115,5.001563905,,28.0915817
579,Italy,2003,,,,,77.21046906,27.35694333,100.00000082,2.125320269,63.84731399,,61.56793637,10.66330749,,1.383272732,11.45111363,1.425960466,39.25144438,99.999999998,224.477279636,,,,13.75584039,,,1.026175506,337.584877,0.530797741,51.72582448,174.618561,0.492868252,48.02962549,162.1407521,0.002509512,0.244550028,0.825563911,62.78289117,,541.679549833,30.074038472999998,827.8276124639999,,70.17225179799999,3.753116991,4.946574124,,27.76875615
580,Italy,2004,0.537398358,10.48296012,0.01986923,622.2483926,68.65896032,27.26083079,100.0,2.150206447,64.67918759999999,,61.37912145,10.65711739,,1.289030249,10.6127508,1.253451499,39.25457508,99.999999999,256.57021680599996,21.36291114,0.669026285,0.812602816,13.62544619,75.23593472,35.13291817,1.131431869,375.0770595,0.606547184,53.60881207,201.0743559,0.521373059,46.08081792,172.8385768,0.003511625,0.31037001,1.164126706,59.75123585,11.5640735,478.876127637,26.289486954,823.31278106,,70.878361395,3.725078699,4.948109364,,27.96376115
581,Italy,2005,0.552014574,10.82112012,0.021314201,683.2288519,66.1698549,26.93895386,99.99999999600001,2.121080791,84.342177341,,61.94512381,10.70974022,,,10.03631497,1.204048444,38.59589297,99.999999995,264.977906921,20.42172035,0.654620283,,13.80444457,,,1.298643651,431.8979885,0.681223857,52.45656545,226.558851,0.613871405,47.27019642,204.1590275,0.00354839,0.27323813,1.180109986,57.78156368,,445.63786268200005,20.744524307,664.967795826,,71.40832049,2.805437626,4.876790703,,27.34513597
582,Italy,2006,0.567556617,11.15928012,0.022461703,753.1345077,63.73629679,27.66284641,100.000000004,2.137060606,85.685687042,,61.7447486,10.73905977,,,9.749934727,1.19312084,40.00500207,100.000000002,227.878817305,19.55783604,0.655768674,,13.65117522,,,1.501011022,506.6172574,0.577708267,38.48794302,194.9865614,0.919696104,61.27177551,310.4133886,0.003606651,0.240281473,1.217307406,48.50713977,,425.49575938,20.162681956,676.048985193,,72.27984044,2.764316112,4.801491642,,27.51627041
583,Italy,2007,0.581810117,11.49744013,0.022363815,846.9348617,56.36201124,28.25501632,99.999999195,2.134471497,89.043615882,,60.48666925,11.24813169,,,8.780199154,1.128514676,42.737717773,99.99999999299999,194.257269469,17.20931562,0.651730004,,13.35900507,,,1.324899225,451.5413723,0.476951336,35.9990652,162.550673,0.846152046,63.86538911,288.3786544,0.001795844,0.135545688,0.612044861,41.67662626,,374.826914958,17.971784635,680.605291327,,72.74563820499999,2.667390063,4.939686048,,28.26519907
584,Italy,2008,0.577968543,11.49744013,0.02034934,833.2015593,48.96016612,27.4984111,99.999999998,2.004669714,89.85824332300001,4.610076665,63.75902487,11.72017913,,0.955418166,8.032062839,0.8992299460000001,36.818874056,100.000000003,178.03422189,17.24946642,0.706277559,0.840120931,13.22265888,76.25372696,29.58076006,1.233071222,413.4529164,0.434084546,35.2035258,145.5500041,0.796910593,64.62810736,267.2067947,0.002076083,0.168366842,0.696117617,45.17998908,9.211783252,343.906429922,20.532123163,840.6855890490001,,74.166616246,2.660133709,4.900943255,,24.520796
585,Italy,2009,0.592263031,11.83560013,0.021524576,801.2898304,50.83847931,29.14674279,100.00000089,1.892551726,89.85925780299999,4.669178159,60.72668038,12.00867462,,0.854387127,7.169767037,0.9864296050000001,36.721560147000005,100.0,174.847784688,18.35060148,0.683133102,0.814057312,12.67617594,,,0.719921225,227.6062049,0.360562925,50.08366358,113.993526,0.357646467,49.6785557,113.0714753,0.001711834,0.237780713,0.541203658,51.57524251,,395.365320174,22.542149325,839.170770855,,75.296655879,2.674627777,4.97932421,,27.26456261
586,Italy,2010,0.607313912,12.17376014,0.024471886,881.8601863,51.11526908,27.85445419,99.99999999799999,1.841971691,91.773243423,4.693882172,63.37131817,12.60470196,,0.825308989,6.940248425,0.9230635580000001,33.263190261999995,100.000000004,192.23720798600002,18.50100714,0.666695717,0.792810191,12.59956198,75.16460959,40.69506437,0.509160609,163.2279424,0.29622423,58.1789371,94.96428192,0.210329754,41.3091175,67.42802251,0.002606624,0.511945392,0.83563793,65.50987177,13.44619252,396.897932662,23.335985535,840.9272792769999,,75.095785444,2.618125849,5.087621708,,24.02406065
587,Italy,2011,0.673633735,13.52640015,0.023220321,897.4568962,47.56034347,28.41671705,100.0,1.838190129,90.548427893,4.751710908,65.71390903,13.17895227,,0.77318091,6.500565541,0.767046895,29.646081763,99.99999999399999,150.894147051,16.73207009,0.646688385,0.769174791,12.7255505,,,0.523485649,168.7168561,0.27087092,51.74371452,87.30036838,0.250431265,47.83918434,80.71276781,0.002183465,0.417101147,0.703719942,60.10242536,,354.96865487400004,21.753274123,840.756083807,,75.194308263,2.656129253,5.057231845,,21.1071387
588,Italy,2012,0.604638413,12.17376014,0.025695396,900.6628466,49.11984901,27.95675323,99.99999999599999,1.721725432,91.462812543,4.631664873,67.83213648,13.16975908,,0.752050299,6.303355456,0.730556156,25.607108615999998,100.000000004,148.34858922,16.96727981,0.594729061,0.709568374,12.6753037,,,0.455379714,142.0084123,0.260902964,57.29349736,81.36158595,0.191275486,42.00351494,59.64852467,0.003201263,0.702987698,0.998301668,69.84373483,,348.339583227,23.912113945,838.156100126,,75.271771593,2.650849328,4.982311821,,18.99802578
589,Italy,2013,0.597669607,12.17376014,0.024860488,884.0411225,47.02470282,29.83725883,99.999999997,1.67220226,92.247005593,4.658095393,67.7019674,13.88659412,,0.681739723,5.646317588,0.747980633,26.598256519000003,100.000000009,146.445638981,15.87824449,0.564631759,0.681739723,12.35412495,79.31740272,40.888877,0.439001351,132.8315537,0.254409964,57.9519774,76.97851199,0.176158593,40.12711864,53.30147516,0.008432794,1.920903955,2.551566569,76.27557411,10.66207601,359.912250261,23.290772073,828.221885762,,71.44818529,2.636707689,5.063595166,,18.41143848
590,Italy,2014,0.575760736,11.83560013,0.025672172,913.0495677,48.74763193,33.02243763,100.000000943,1.733744695,92.11918111300001,4.664260754,67.05650284,14.2376564,,0.672426196,5.561848712,0.773861296,27.522942422999996,100.000000004,136.987319294,15.52721642,0.552236798,0.667652985,12.46011624,,,0.550569569,165.0598761,0.291384029,52.92410714,87.35646567,0.237187337,43.08035714,71.10838412,0.021998204,3.995535714,6.595026299,71.24553039,,368.041834681,23.256417308,827.131474456,,71.39867249,2.676678791,5.135132663,,18.70576005
591,Italy,2015,0.543383563,11.15928012,0.032119589,971.3734672,56.08536751,31.24668574,99.999999029,1.696155341,93.244239443,4.598650297,63.83709165,14.68365513,,0.678636565,5.644602583,1.043504163,31.558070695999998,100.00000000600001,160.45506290999998,18.62097447,0.563142965,0.677052815,12.28327123,,,0.514753633,155.6737813,0.172833018,33.57587138,52.26882858,0.311171924,60.45065133,94.10581475,0.030748691,5.973477291,9.299137975,63.76872758,,452.50797613000003,27.502986552000003,831.7563299059999,,71.40038268,2.680529388,5.111246258,,21.47925322
592,Italy,2016,0.544307469,11.15928012,0.033689498,1043.051504,54.18613187,31.2326252,100.00000000499999,1.67764228,92.437727834,4.767124407,60.94597731,15.13146661,,0.640725951,5.41503461,1.20401848,37.277292883,100.000000002,155.493384138,17.84694757,0.552554552,0.65380199,12.3462709,,,0.475590446,145.9385052,0.228448529,48.03471792,70.10114929,0.221431137,46.55920645,67.94780991,0.025710779,5.406075635,7.889545971,69.22383411,,457.66079448799996,27.297175342000003,845.1405169039999,,71.61663093,2.706115751,5.181279726,,23.92255607
593,Italy,2017,,,,,49.755963,30.36291133,100.000000005,1.612427577,88.936757314,4.819317929,59.77826595,15.27601435,,0.648445365,5.5800853,1.231109707,39.896205791,100.000000002,155.975129015,16.71938108,0.541820005,0.629633155,12.59876878,,,0.399863457,124.9341638,0.18979694,47.46543779,59.30054777,0.196303935,49.09274194,61.3336066,0.013762582,3.441820276,4.30000938,72.08483459,,459.199477353,26.554162463,860.5328379949999,,75.981414187,2.819893183,5.201636078,,24.94571971
594,Italy,2018,,,,,47.89953143,31.59713616,100.000000996,1.658385704,85.172698314,4.865281552,60.29699643,14.84565636,,0.629887131,5.502984355,1.12676963,39.011193976,99.999999996,151.14956632000002,16.15731601,0.559401116,0.640306316,12.92018683,,,0.545108274,172.2187206,0.161172755,29.56710853,50.92009603,0.370048129,67.88525269,116.9111136,0.01388739,2.547638774,4.387510901,52.86546344,,421.14868485700003,25.233728913999997,873.6461002789999,,75.98474464799999,2.963120507,5.108921375,,24.85734721
595,Italy,2019,,,,,50.17579509,32.62710941,99.99999901,1.689607228,85.308250791,4.891896462,59.85836412,15.05649433,,0.592698603,5.312320141,1.183048633,39.837696483,100.0,169.16536128599998,16.75530923,0.564214273,0.629497098,12.98860361,,,0.480617105,154.3466424,0.23632892,49.17197452,75.89529166,0.239891108,49.91314418,77.03926214,0.004397076,0.914881297,1.412088564,61.25146094,,444.157771859,26.616976117,896.293683156,,75.981882113,2.962733341,5.145786575,,25.08514154
596,Italy,2020,,,,,42.52286524,29.41908659,99.99231607099999,1.357274302,85.292695384,4.938844603,61.85883474,9.60253675,,0.444625455,4.029351106,0.9467064590000001,30.22164745,100.000000005,172.485524466,14.91465579,0.476119567,0.525382061,11.14868346,,,0.858395037,252.1634227,0.587994581,68.49929874,172.7301762,0.264441052,30.80645161,77.68260281,0.005959405,0.694249649,1.750643678,61.8762475,,285.494866288,28.388209046,906.234913556,,76.260278867,2.963774672,4.658135392,,28.53862851
597,Italy,2021,,,,,46.46353986,31.72613103,99.983126098,1.662003126,85.639648722,5.060200098,63.36388306,9.563428491,,0.527065114,4.861907207,0.908544222,33.108319762,100.00000000300001,166.31338291699998,15.4440452,0.562797467,0.610112244,12.08702858,,,0.954425038,305.1809686,0.614127423,64.34527575,196.3695358,0.339474315,35.56846282,108.5481793,0.000823301,0.08626143,0.263253466,60.13021337,,318.06308008,25.313449056,922.4490624990001,,76.604087455,3.196020624,4.725068436,,27.07268845
598,Italy,2022,,,,,,,,,86.422829938,5.05337801,66.90674043,12.52453571,,0.572825662,5.359649171,0.86938787,30.488412668000002,99.99999999799999,178.89747846400002,16.69592397,0.585506467,0.625774409,12.26179087,,,,,,,,,,,,,,,,355.5680274,26.680419843000003,935.6510238819999,,76.760354147,3.16581357,4.766845223,,20.56879299
599,Italy,2023,,,,,,,,,5.691928432,5.004251493,,,,0.540565212,5.171784771,0.944885412,36.258227507,100.0,157.142150738,14.89677716,0.571636231,0.597485538,12.74862263,,,,,,,,,,,,,,,,359.14670646,24.932448101,956.736514281,,79.02804182899999,,4.684175818,,
600,Japan,1994,,,,,48.86022501,21.83703239,100.00000000200001,1.95116042,311.6692265,,,,14.1310385,,10.20307083,0.8458056580000001,33.775990992000004,99.999999997,123.263230847,13.88213939,0.55436259,,10.3018435,,,,,,,,,,,,,,,,258.710215249,15.716027077,627.596167026,180.8086934,,0.489991605,5.423124737,,
601,Japan,1995,,,,,45.52310538,22.36321786,99.99999960400001,2.012013318,313.3044432,,,,13.93716346,,10.10185539,0.804464302,35.555414757,99.999999996,116.495976766,12.5899238,0.556444781,,10.40459491,,,1.88637679,722.2617978,0.199343,10.56750704,76.32506633,1.68703379,89.43249296,645.9367315,0.0,0.0,0.0,20.76772809,,237.594333498,14.399139024999998,636.407804111,163.9939332,,0.496976297,5.560086502,,
602,Japan,1996,,,,,52.45825715,22.60001072,100.000000391,2.053743664,314.8233196,,,,12.45272232,,9.283777444,0.951773409,37.26198144,100.000000003,135.629480458,15.15923583,0.593484918,,10.36951639,,,1.807777473,709.0662847,0.193945763,10.72840909,76.07153173,1.613831711,89.27159091,632.9947529,0.0,0.0,0.0,21.13902128,,270.94562292800003,16.544134919999998,647.703793858,190.4267867,,0.516935926,5.152129221,,
603,Japan,1997,,,,,57.97983197,22.9956757,99.999999999,2.066299341,316.1061728,,,,11.9667279,,8.929293891,1.003409948,35.759767405999995,100.0,148.975415006,16.86982947,0.60121108,,10.24438984,,,1.692141816,666.7972893,0.156362284,9.240495223,61.61537166,1.535779532,90.75950478,605.1819177,0.0,0.0,0.0,20.79057236,,298.35501864599996,18.345462361000003,653.80004287,209.3752862,,0.530633818,5.060150947,,
604,Japan,1998,,,,,63.35756684,23.71466281,100.000000386,2.054290253,317.2485597,,,,11.5973878,,8.550632911,1.002178021,32.494375,99.99999999699999,159.745281599,18.38760257,0.596195127,,9.398064301,,,1.816056331,717.122813,0.16883586,9.29684048,66.66976397,1.647220471,90.70315952,650.453049,0.0,0.0,0.0,20.86221575,,327.893553251,20.212454214999998,655.363670886,227.3917838,,0.55362855,4.959477641,,
605,Japan,1999,,,,,56.51430481,23.10465839,99.999999613,2.068998121,318.763786,,,,10.99124555,,8.195465565,0.899175618,32.918969294,100.00000000399999,144.005217593,16.52155852,0.604857012,,9.511198186,,,1.79498396,703.5252914,0.190940631,10.63745613,74.83719421,1.604043328,89.36254387,628.6880972,0.0,0.0,0.0,20.93895417,,289.20884258,17.952872903,657.257669953,203.6690384,,0.555558424,4.928483183,,
606,Japan,2000,,,,,52.64191496,22.75563013,99.999999997,2.061950127,319.9835391,,,,10.80756717,,8.20699605,0.8606974359999999,33.712967997,99.999999996,136.701076757,15.80555909,0.619093639,,9.934934845,,,1.659342977,656.0703882,0.18818952,11.3412069,74.40630011,1.471153456,88.6587931,581.6640881,0.0,0.0,0.0,21.93374154,,268.830629572,16.868754485,660.738322184,193.8696393,,0.567330281,4.876453411,,
607,Japan,2001,,,,,60.26044857,23.16552173,100.00000000200001,2.073331178,321.4395062,,,,10.32138652,,7.920628554,0.984205589,33.862743711,99.999999997,155.014642626,18.22628227,0.627096546,,10.12779225,,,1.579475106,629.3125374,0.196255496,12.42536179,78.19435956,1.38321961,87.57463821,551.1181778,0.0,0.0,0.0,22.69824396,,306.260948418,19.269949471,663.005135689,223.0413005,,0.584732432,4.942504292,,
608,Japan,2002,,,,,61.94717514,22.0647999,99.999999619,2.033155141,322.9843621,,,,9.945534151,,7.567970497,1.065713064,34.977543254,99.999999999,161.73743095199998,18.89336211,0.620095045,,10.17201023,,,1.554660656,616.0415643,0.204698494,13.16676364,81.11273666,1.349962162,86.83323636,534.9288276,0.0,0.0,0.0,22.87333605,,319.820578133,20.258745576,664.908007474,231.8474398,,0.587371887,5.005153382,,
609,Japan,2003,,,,,56.82854595,21.72902478,99.999999607,2.010994504,324.442524,5.93730209,,,9.19312448,,7.002928326,1.0481373859999998,37.090488418,100.000000003,154.34934052,17.31330325,0.6126667,,10.1683038,,,1.434462485,562.7107939,0.18804562,13.10913471,73.766516,1.246416865,86.89086529,488.9442779,0.0,0.0,0.0,23.67424583,,296.33439653,18.782490271,664.656892466,215.2643938,,0.60849337,5.047711206,,
610,Japan,2004,0.242640555,8.504801097,0.007391259,283.0787956,52.48030031,21.83607921,100.00000000099999,2.009949985,325.8266118,5.830304945,,,8.929752682,,6.709402713,0.978161754,37.46274685,99.99999999900001,144.881384187,15.26140344,0.584498516,,10.28511447,63.44133483,34.71395604,1.256555665,492.1679326,0.157801016,12.55821931,61.80752837,1.098754649,87.44178069,430.3604043,0.0,0.0,0.0,25.25914384,20.00424328,272.387253766,17.410646003,666.812642304,196.1803429,,,5.144365348,,
611,Japan,2005,0.234791388,8.230452675,0.007891528,298.4015011,52.5757032,21.46837935,99.999999998,1.988039335,327.2899863,5.648206419,,,8.551011483,,6.258755762,0.986483709,37.301800853,100.0,149.878559562,14.81005952,0.560011165,,10.5112868,,,1.186098398,459.8938878,0.155638633,13.12189893,60.34681112,1.030459765,86.87810107,399.5470767,0.0,0.0,0.0,25.91726903,,274.103582532,17.808452535,673.389072823,193.5666941,,,5.068858669,,
612,Japan,2006,0.289392588,10.15089163,0.00836371,301.0228229,54.35726007,21.5432102,99.999999997,1.95640163,328.3972565,5.719210279,,,7.879419956,,5.737794672,1.012532286,36.442598585,99.999999996,162.535170708,15.30312084,0.550782921,,10.70421071,,,1.18219288,451.2262798,0.183810683,15.54828202,70.15793455,0.998382197,84.45171798,381.0683453,0.0,0.0,0.0,24.34567977,,285.53784707,18.742259831,674.56283731,202.3253487,,,5.242386137,,
613,Japan,2007,0.257810486,9.053497942,0.008526014,305.0524058,53.0398778,20.28724844,100.000000407,1.897714619,329.4622771,5.676855895,,,7.264145825,,5.230427887,0.964226476,34.499074229,100.00000000099999,166.974857502,15.24537435,0.545464489,,10.5278905,,,1.149154329,430.0850737,0.205736631,17.9033073,76.99945237,0.943417698,82.0966927,353.0856213,0.0,0.0,0.0,26.48971745,,289.25288552800004,18.782446622,672.017453005,201.2446185,,,5.376966063,,
614,Japan,2008,0.273302984,9.602194787,0.007543239,300.7964986,45.78512064,20.68563609,99.999999996,1.825741494,330.254321,5.66953798,,,6.665884466,,4.746882394,0.8308679000000001,33.131942873,100.000000004,145.990133107,13.4490526,0.536298541,,10.6817276,61.23212698,29.16884166,1.123417512,396.4019795,0.210979497,18.78015031,74.4448876,0.912438014,81.21984969,321.9570919,0.0,0.0,0.0,25.44755246,18.46765751,256.642118481,16.82508458,670.922225731,178.5812123,,,5.299181083,,
615,Japan,2009,0.249908237,8.77914952,0.006816098,281.5662218,43.03552408,21.13441094,99.999999995,1.777754535,331.376406,5.82617001,,,6.502319792,,4.560825322,0.744175755,30.741157549,100.000000004,136.297290525,12.81975239,0.529571173,,9.926015889,,,1.229426733,421.6881087,0.252193,20.51305649,86.50111994,0.977233733,79.48694351,335.1869887,0.0,0.0,0.0,26.66550121,,244.36589970699998,16.178487242,668.3171570110001,169.7971572,,,5.108099778,,
616,Japan,2010,0.281096275,9.87654321,0.006214097,279.4364722,39.70263945,20.18228513,99.999999998,1.785354494,332.0304527,5.849448618,,,6.913699755,,4.550636371,0.7336324609999999,32.990099167000004,100.000000004,109.159743658,11.52269023,0.518154134,,10.26197052,60.30718757,26.81194973,1.082528931,377.9630247,0.260004043,24.01820735,90.77994299,0.822524888,75.98179265,287.1830817,0.0,0.0,0.0,28.07778938,17.64701248,220.83604237,14.842549531,667.442086392,146.3715046,,,5.101269664,,
617,Japan,2011,0.26597201,9.327846365,0.005837537,284.6387787,35.78084807,18.76047214,100.00000090099999,1.744676977,332.6924554,5.855780492,,,7.830681842,,4.329867874,0.567199668,27.656700544,99.999999998,95.87322901,9.908317327,0.483130334,,10.14457652,,,1.026660829,348.5291828,0.227741985,22.18278703,77.31348635,0.798918844,77.81721297,271.2156965,0.0,0.0,0.0,30.45299205,,202.25413532299999,13.672673983,666.680661448,113.3993763,,,5.059045948,,
618,Japan,2012,0.282067555,9.87654321,0.006470195,317.9795658,35.18598974,17.96141169,99.999999996,1.729225333,333.3105624,5.757575758,,,7.272601604,,4.122103911,0.730868092,35.918717535,99.99999999900001,86.399619816,9.985072565,0.490719194,,10.83877166,,,1.006240275,346.0510696,0.241870368,24.03703908,83.18043084,0.764369907,75.96296092,262.8706387,0.0,0.0,0.0,32.07150689,,206.42601546499998,13.644625734,670.568961631,115.3313347,,,5.253970228,,
619,Japan,2013,0.290321315,10.15089163,0.007922198,324.0071874,41.82917392,17.57426623,99.99999953999999,1.710756656,333.9171468,5.862779274,,,7.125061732,,4.052728628,0.8774462829999999,35.886366672,100.0,106.196291979,11.84499473,0.48444427,,10.4633118,58.47524604,33.0040227,1.077854439,368.7051214,0.23410627,21.7196554,80.08148182,0.843748169,78.2803446,288.6236396,0.0,0.0,0.0,32.91792474,23.43699283,249.89362218600002,16.469150406,673.565985242,139.0752794,,,5.209819561,,
620,Japan,2014,0.29070681,10.15089163,0.009008359,346.6001917,43.28521078,17.79706308,99.99999953,1.665415593,334.3681756,5.794363092,,,6.717290531,,3.800402275,0.962135875,37.018558092,100.000000004,111.23185218399999,12.41577893,0.477702002,,10.74544901,,,1.037271762,350.3617568,0.234208604,22.57929046,79.1091987,0.803063158,77.42070954,271.2525581,0.0,0.0,0.0,32.21890289,,263.017157069,17.766809759,683.5850277979999,147.045706,,,5.403214383,,
621,Japan,2015,0.29888077,10.42524005,0.010993489,384.339387,47.54700771,18.34263509,100.00000047799999,1.662273791,334.9034294,5.740276035,,,6.84447832,,3.842190953,0.951483014,33.264454429,100.000000004,119.707100302,13.39953417,0.468456281,,10.04949841,,,0.923998057,323.0356288,0.221622382,23.98515672,77.48060182,0.702375675,76.01484328,245.5550269,0.0,0.0,0.0,33.90587965,,293.167932941,19.406472896,678.46269892,160.5680848,,,5.327533858,,
622,Japan,2016,0.291164343,10.15089163,0.010715599,421.9317652,41.75093372,18.33648555,99.99999952,1.64396277,335.3412894,5.760869565,,,6.414851651,,3.69700022,0.831779405,32.751707643,99.999999999,109.09433588399999,12.01116548,0.472945324,,10.08593485,,,0.922721463,325.5762149,0.202768512,21.97505101,71.5455393,0.719952951,78.02494899,254.0306756,0.0,0.0,0.0,34.19096324,,263.895439607,17.25764056,679.527762919,146.3649448,,,5.259674453,,
623,Japan,2017,,,,,41.99087062,18.40283219,99.999999516,1.630675692,335.7714678,5.696784074,,,6.034606035,,3.489745771,0.892742889,34.668824623,100.000000002,111.45664163000001,12.04663539,0.467819677,,10.36932091,,,1.032250173,362.7572875,0.31033444,30.06387875,109.0589111,0.721915733,69.93612125,253.6983764,0.0,0.0,0.0,35.29080574,,271.549596302,17.517423201,680.272540378,148.9128407,,,5.337511098,,
624,Japan,2018,,,,,40.57004132,18.83780216,100.00000048700001,1.612705112,336.01262,5.612244898,,,5.590678088,,3.285203965,0.873827817,34.735645962999996,99.99999999500001,107.709081776,11.78365459,0.468413623,,10.44328209,,,1.057085307,361.6350965,0.354078588,33.49574401,121.1323662,0.703006718,66.50425599,240.5027304,0.0,0.0,0.0,35.43263706,,268.67791552799997,17.112887170999997,680.256657611,147.8251533,,,5.33739018,,
625,Japan,2019,,,,,39.14795577,19.11350622,99.99999950099999,1.582202088,336.4853224,5.621653778,,,5.222245166,,3.095559609,0.843040677,34.07229553,100.000000005,107.824959619,11.50841555,0.465123625,,10.42065287,,,1.102102522,369.7147455,0.384061932,34.84811301,128.8386123,0.71804059,65.15188699,240.8761332,0.0,0.0,0.0,39.75686957,,261.926112682,16.831679471,680.268429246,146.665866,,,5.389508896,,
626,Japan,2020,,,,,35.89565768,18.29431365,100.000000002,1.435357102,336.8395062,5.61713601,,,4.989184744,,2.705506847,0.755464186,30.249364412000002,99.99999999699999,93.235760375,10.50323116,0.420557417,,8.533115804,,,1.136994807,370.4725994,0.383631075,33.74079395,125.0003964,0.753363732,66.25920605,245.472203,0.0,0.0,0.0,40.98040707,,204.269476455,14.445979160999999,578.428065675,135.4305614,,,4.239425716,,
627,Japan,2021,,,,,36.60647392,18.35764508,100.00000054200001,1.457930677,337.2397805,5.669716514,,,4.883057998,,2.550094985,0.73145092,29.300853949,99.999999996,98.36312304799999,10.32848397,0.41374396,,8.438842597,,,,,0.33372918,,107.4628733,,,,0.0,0.0,0.0,,,206.650601096,14.461142597000002,579.292219863,130.3675151,,,4.189883883,,
628,Japan,2022,,,,,,,,,337.5550069,5.62248996,,,4.752306701,,2.570229996,0.811429438,27.602615818,100.000000002,115.059383562,12.40481777,0.421978059,,8.575090272,,,,,0.307360364,,95.29000259,,,,0.0,0.0,0.0,,,275.66347849,17.105492365,581.882184989,158.9893541,,,4.564292844,,
629,Japan,2023,,,,,,,,,,5.543204387,,,4.721253599,,2.620533077,0.949724443,32.133349238,0.0,0.0,12.72269112,0.43046452,,,,,,,,,,,,,,,,,,,17.313488122,585.7913460149999,164.0491327,,,4.796453201,,
630,Korea,1994,,,,,139.3340517,19.72038018,99.179608307,1.44645187,63.54343769,,,,,,22.59554666,3.896786452,40.45324153,0.0,40.37983003,,,,,,,,,,,,,,,,,,,,97.703537549,12.36643501,128.37818765,,,2.613632656,,,
631,Korea,1995,,,,,127.9100247,20.28322692,99.04631765600001,1.607194076,79.758449094,,,,,,22.89269301,3.535410289,44.42255782,0.0,34.41487797,21.05983562,0.264617594,,,,,,,,,,,,,0.0,0.0,0.0,,,76.543811202,11.682064463,146.7855614,,17.96194776,2.234742801,,,
632,Korea,1996,,,,,125.1590122,20.00823679,99.140891161,1.677496807,80.195936138,,,,,,27.7937148,3.6446537,48.84901884,0.0,31.95518601,,,,,,,,,,,,,,,0.0,0.0,0.0,,,69.607534817,12.385197476999998,165.99786824,,18.46153846,2.456995838,,,
633,Korea,1997,,,,,136.814018,19.40389897,99.041940475,1.698785949,88.596309349,,,,,,25.24939297,4.045739825,50.23495449,0.0,36.10130865,,,,,,,,,,,,,,,0.0,0.0,0.0,,,73.25608986099999,14.555000465,180.72585426,,21.19948685,2.290447159,,,
634,Korea,1998,,,,,170.2083614,18.9605746,99.6035207,1.40786326,91.325938213,,,,,,19.56725916,4.24475683,35.11012703,0.0,46.13238683,33.76170923,0.279256963,,,,,,,,,,,,,0.0,0.0,0.0,,,115.312968046,21.75760289,179.96606913,,21.248,39.636098295000004,,,
635,Korea,1999,,,,,144.3900633,18.98634731,99.60559058700001,1.540188933,93.413850299,,,,,,20.06363517,,,0.0,36.54150934,,,,,,,,,,,,,,,0.0,0.0,0.0,,,94.28159573100001,17.75753584,189.41719073,,21.26363053,40.208532111,,,
636,Korea,2000,,,,,134.9166039,18.40976471,99.525385918,1.654546063,93.984034835,,,,49.4528589,,21.7749656,,,0.0,32.01195585,,,,,,,,,,,,,,,0.0,0.0,0.0,,,86.025709605,16.498327494,202.32678568,359.0480829,21.3896894,40.54081842,4.569302512,,
637,Korea,2001,,,,,147.8511675,18.78972032,99.158350824,1.709608922,94.996898902,,,,33.21791642,,17.09303772,1.995409937,23.07300435,100.0,382.59027588,,,,,,,1.679086613,284.1666535,0.507990353,30.25396959,85.97169292,1.17109626,69.74603041,198.1949605,0.0,0.0,0.0,16.46842811,,596.4652366720001,21.628022829,250.08568686,445.0152006,21.376,41.344973247,4.491390955,,
638,Korea,2002,,,,,137.7726212,19.90871753,99.581194922,1.813042914,97.659882221,,,,27.8703961,,15.15802291,2.099760118,27.63216067,100.0,340.44049469000004,,,,,,,1.55703542,291.614732,0.525153958,33.72781065,98.35526464,1.031881462,66.27218935,193.2594674,0.0,0.0,0.0,17.37227171,,473.562882656,20.28816316,266.98563297,413.2893893,21.57238734,44.051161974,4.401436141,,
639,Korea,2003,,,,,125.6596291,20.25270082,99.59051215299999,1.843730384,102.455578513,,,,25.96149693,,15.05877872,1.508121146,22.12778121,100.0,321.327957382,,,,,,,1.631749595,317.5148818,0.5538445,33.94175809,107.7701331,1.077905095,66.05824191,209.7447487,0.0,0.0,0.0,19.88781098,,412.521616134,18.864752614,276.79150291999997,395.3287346,21.49681529,45.087830735,4.581727432,,
640,Korea,2004,0.187178213,9.295600083,0.023040276,379.7670625,112.2320141,19.34525376,99.582247802,1.849892016,103.931005987,5.002673942,,,23.1264998,,13.64945127,1.174833248,19.36448047,100.00000000099999,292.0623646,,,,,85.71054861,74.87768594,1.354884289,268.5922655,0.467130877,34.47754767,92.60402637,0.887753413,65.52245233,175.9882391,0.0,0.0,0.0,16.83990183,12.48342323,306.569951396,17.101466155,281.87915858,358.0763714,56.846473026,45.138403327999995,4.757288152,,
641,Korea,2005,0.166028284,8.26019618,0.021424938,415.6115275,92.0767308,18.80491422,99.52051969899999,1.786149904,107.04181728,5.069852271,,,18.29287536,,13.23245427,0.991805018,19.23952363,100.0,245.409893783,22.30198619,0.432624944,,,,,1.311591086,267.7687855,0.511401248,38.99090605,104.4054756,0.800189838,61.00909395,163.3633099,0.0,0.0,0.0,18.35851751,,273.298090607,14.949942948,290.00637781,372.8983082,58.903301885,45.199345819,4.614933769,,
642,Korea,2006,0.185803414,9.289843105,0.02160644,469.5285086,81.66781918,18.49841693,99.626544154,1.774719451,109.088563146,5.131949317,,,19.26062576,,13.06197997,0.908210851,19.73628632,100.000000001,234.536639696,19.92836675,0.43306238,,,,,1.18592703,250.6575968,0.456383567,38.48327561,96.46125382,0.729543462,61.51672439,154.196343,0.0,0.0,0.0,22.57039726,,246.909866545,13.737792083999999,298.53529935,312.0756399,63.325471695,45.821317195999995,4.436289533,,
643,Korea,2007,0.164326257,8.254230293,0.021926319,528.0589548,75.59844644,18.56596931,99.61635555299999,1.820662971,108.811390796,5.302381764,,,18.61568838,,12.66544624,0.869721832,20.94580524,100.00000000200001,205.837971768,18.38771957,0.442837674,,,,,1.094836721,245.9724372,0.403795605,36.88181056,90.71908831,0.691041115,63.11818944,155.2533489,0.0,0.0,0.0,20.49749773,,222.543751613,12.784847309,307.90180467,282.5040684,63.195057374,46.124376598,4.652065178,,
644,Korea,2008,0.183468629,9.279307145,0.02435565,520.9114893,80.22472222,17.21798908,99.62189845200001,1.715822832,109.70203118399999,5.281217692,,,17.90442029,,11.96623166,0.959240349,20.51595129,100.0,223.73239945799997,19.16757428,0.409950458,,,89.12107765,65.10465451,2.120066589,461.2300182,0.597371015,28.17699302,129.96075,1.522695574,71.82300698,331.2692682,0.0,0.0,0.0,12.67284889,7.947261182,346.428959319,14.673450079,313.83144717000005,312.4876959,64.27092575900001,46.406002776,4.771721571,,
645,Korea,2009,0.16224602,8.242324335,0.025368329,485.527442,90.14075373,16.94251718,99.659114119,1.725214502,110.87368635099999,5.290529522,,,20.02270475,,11.83990333,1.297409158,24.83126667,100.00000000099999,245.718478175,21.37312615,0.409062779,,,,,2.475220616,560.6948227,0.681314757,27.52541543,154.3335792,1.793905859,72.47458457,406.3612434,0.0,0.0,0.0,10.32051366,,388.160309602,16.87516924,322.97585164,308.9608835,67.140319719,,4.141573778,,
646,Korea,2010,0.2017996,10.28806584,0.021964879,506.9331482,75.73203658,15.72157689,99.68714954100001,1.747839372,111.729423822,5.361004394,,,18.65753843,,11.109068,1.059619143,24.45522583,100.0,207.63180084200002,18.06461612,0.416917974,,,88.92301033,70.7753369,1.858041647,442.6548772,0.60877655,32.76441895,145.0332985,1.249265098,67.23558105,297.6215788,0.0,0.0,0.0,11.80871204,8.816364548,382.348169558,14.433304763,333.10999501,257.9891243,72.52625760000001,,4.124995863,,
647,Korea,2011,0.180228393,9.260211956,0.022035463,553.0371107,67.9211531,14.83629965,100.00000000100002,1.70465757,112.359296243,5.488770486,,,19.78357129,,10.47126961,1.00141348,25.13306963,100.00000000200001,192.555378435,16.53249309,0.414925811,,,,,1.573495816,366.0736457,0.547874499,34.81893585,127.4629479,1.025621317,65.18106415,238.6106979,0.0,0.0,0.0,13.9574473,,340.226190075,13.548489788000001,340.03450536,210.8931863,78.3062964,,3.641646984,,
648,Korea,2012,0.199203771,10.27643613,0.024160373,615.1030363,68.529778,15.2196999,99.99999885800001,1.744711244,112.61021478800001,5.584499008,,,19.3003538,,10.74106731,0.936061349,23.83134469,99.999999999,200.22015336500002,16.54086826,0.421116771,,,,,1.683565532,401.212484,0.599671286,35.61912349,142.9083702,1.083894246,64.38087651,258.3041139,0.0,0.0,0.0,12.9625404,,332.78831798000004,13.816001206000001,351.74391841,218.5938468,79.20547945,,3.635103047,,
649,Korea,2013,0.257788724,13.34346068,0.023997801,652.2486425,66.30508602,15.81754618,99.999999996,1.802140214,112.258534711,5.645727797,,,18.3548364,,10.09738604,0.849819783,23.09769124,100.000000004,196.401606978,16.21051545,0.440593981,,,90.87626078,74.75441682,1.663310084,417.8930989,0.565401948,33.99257623,142.0526302,1.097908136,66.00742377,275.8404687,0.0,0.0,0.0,12.80584878,7.5051482,311.0501089449999,13.253872912999999,360.23386436,202.4028891,82.13311511,,3.746640762,,
650,Korea,2014,0.2561745,13.34291286,0.024098266,704.9449108,62.28466193,16.43227044,100.00000108100001,1.822008933,112.22518728200001,5.518289422,,,16.42019637,,9.383868995,0.817124537,23.9032879,100.000000001,188.315854959,15.15673554,0.443378942,,,,,1.526752369,399.0907401,0.552018009,36.15635519,144.2966655,0.974734359,63.84364481,254.7940746,0.0,0.0,0.0,13.12747323,,293.996404477,12.684686796000001,371.06427046,195.3593489,80.34351145,,3.92622137,,
651,Korea,2015,0.254827276,13.34085895,0.026414524,759.0857832,67.11979987,16.90588937,99.996864844,1.928851166,112.49114886,5.457253868,,,15.48992766,,9.058129571,0.892854185,25.65834284,99.999999999,201.233264488,16.50706499,0.474370776,,,,,1.647098974,473.3340658,0.650050084,39.46636444,186.8077474,0.99704889,60.53363556,286.5263184,0.0,0.0,0.0,14.34650278,,304.549273666,13.399207561,385.05891219,203.4890641,86.05476674,,4.209730047,,
652,Korea,2016,0.234293533,12.30908102,0.029194748,854.8350854,67.55696542,17.20760099,100.000000002,1.978097694,114.472402038,5.400912791,,,13.79016815,,8.379898685,0.883230526,25.86137871,100.0,198.810430898,17.13699124,0.501778649,,,,,1.483933176,454.2237044,0.556938512,37.53123935,170.4757857,0.926994664,62.46876065,283.7479187,0.0,0.0,0.0,13.32580045,,307.310168551,13.610497838999999,398.52136963,207.5351212,88.97076885,,4.031145475,,
653,Korea,2017,,,,,63.74681336,17.24923516,100.00000097,2.014446153,115.732745315,5.256037176,,,13.08341802,,8.148061313,0.812420068,25.67307124,99.999999996,190.20560683000002,16.08059633,0.508158663,,,,,1.444209511,449.345598,0.539754465,37.3736955,167.9370555,0.904455046,62.6263045,281.4085425,0.0,0.0,0.0,14.55279631,,290.745079651,12.999124025,410.78187297,197.076975,94.62048636,,3.80453171,,
654,Korea,2018,,,,,58.91844419,16.7891936,99.99999999899998,1.970654351,117.19749796,5.243816007,,,11.5601233,,7.329641851,0.745792746,24.94464579,100.00000000499999,182.183530703,15.30103531,0.511776104,,,,,1.196387079,376.1727065,0.367094098,30.68355587,115.4231626,0.829292981,69.31644413,260.7495439,0.0,0.0,0.0,15.3217151,,277.939340631,12.593872976,421.22922496,189.566286,21.11904762,,3.666028532,,
655,Korea,2019,,,,,64.32066548,18.08922928,99.999999997,2.051984686,117.64651638400001,5.277560862,,,10.16222162,,6.469644578,0.772420544,24.64208222,100.000000002,184.751205768,16.53119832,0.527385181,,,,,1.320691457,419.4685604,0.42558665,32.22453269,135.1717834,0.895104807,67.77546731,284.296777,0.0,0.0,0.0,15.77060476,,295.763383504,13.458829084,429.36917658000004,199.5575552,94.32952057,,3.780486929,,
656,Korea,2020,,,,,60.17096435,18.0939566,100.00000100899999,1.908701092,118.441598352,5.50964473,,,9.279455575,,5.943718255,0.830408917,26.34164875,100.00000000200001,180.411277917,15.87289245,0.503508752,,,,,,,,,,,,,0.0,0.0,0.0,,,247.29725198199998,13.947353685,442.42816302000006,201.9225246,95.07584598,,3.522563908,,
657,Korea,2021,,,,,57.00390055,18.4798339,99.99999902799999,1.995021633,120.170082016,5.815015625,,,8.182461873,,5.632655914,0.659941034,23.18077432,100.000000002,169.789132581,14.95794048,0.52540549,,,,,,,,,,,,,0.0,0.0,0.0,,,234.82922796199998,12.854083047,451.50639645,195.977596,99.25736829,,4.058219253,,
658,Korea,2022,,,,,,,,,116.1936475,5.892848942,,,8.148842982,,5.292943728,0.686616681,22.24272999,0.0,3.616667831,16.07009657,0.52058569,,,,,,,,,,,,,0.0,0.0,0.0,,,,14.262647408,462.03394691,200.5060991,,,4.472811062,,
659,Korea,2023,,,,,,,,,121.571721311,5.786583757,,,,,4.933031916,0.72126994,23.8894495,0.0,3.226893425,15.76372761,0.522116275,,,,,,,,,,,,,,,,,,,14.186487254000001,469.87591169999996,,81.05990783,,,,
660,Latvia,1994,,,,,,20.74553511,100.0,0.835086256,92.25095215900001,,,,,,28.44400577,0.628846038,0.992564888,100.0,2745.6594284719995,,,,,,,,,,,,,,,,,,,,450.941171037,68.654555269,108.363727822,,11.23083299,,,,
661,Latvia,1995,,,,,370.9797466,22.53380496,100.0,0.807257865,94.185803589,,69.77963834,17.04601301,,,24.58697108,0.726765012,1.5814532949999998,100.0,6253.322873684,,,,10.54956957,,,0.246345647,13.27408947,0.172441953,70.0,9.291862627,0.073903694,30.0,3.98222684,0.0,0.0,0.0,75.0,,253.937428155,65.965852707,143.542841705,,11.23083299,,13.89951992,,13.17434865
662,Latvia,1996,,,,,323.2340648,21.69117069,100.0,0.785964394,95.042344959,,72.49712352,20.89874108,,,22.38299999,0.550972196,1.339724291,100.0,6922.483626115,157.9777205,0.384132976,,9.706389854,,,0.277646963,15.91321659,0.192217128,69.23076923,11.01684226,0.085429835,30.76923077,4.896374336,0.0,0.0,0.0,84.61538462,,197.87398205800002,67.939122881,165.198341905,,11.23083299,,15.04827694,,6.603798976
663,Latvia,1997,,,,,301.2016959,23.35006188,100.0,0.808226233,95.461777039,,56.10260673,18.34380381,,,21.57961996,0.9976777490000001,2.677105996,100.0,7256.118078975,70.46395891,0.189078575,,12.03915782,,,0.333581419,19.87117912,0.315049118,94.44444444,18.76722473,0.018532301,5.555555556,1.103954396,0.0,0.0,0.0,96.66666667,,175.88862631499998,70.464112098,189.078985916,,11.23083299,,14.6970132,,25.55358945
664,Latvia,1998,,,,,271.13833,24.20515658,100.0,0.806280365,96.792389159,,54.65146501,21.83362032,,,26.0163924,1.043863653,3.104124906,100.0,6597.9131693750005,104.9640414,0.312130319,,11.58704725,,,0.365773265,21.9155114,0.349147208,95.45454545,20.91935179,0.016626058,4.545454545,0.996159609,0.0,0.0,0.0,97.82608696,,147.799860639,70.39374982300001,209.32905512600001,,11.1893908,,14.59205504,,23.51468261
665,Latvia,1999,,,,,253.8099509,25.80388887,100.0000523,0.799885128,97.022192939,,62.02148627,23.99489616,,,25.26687087,1.055666585,3.326944106,100.0,5920.175022665,65.97086542,0.207907861,,11.14391967,,,0.382614507,22.69021151,0.302903151,79.16666667,17.96308411,0.079711356,20.83333333,4.727127397,0.0,0.0,0.0,91.80327869,,130.640392427,72.680779396,229.05422422,,10.69208454,,14.12204545,,13.98361758
666,Latvia,2000,,,,,266.6946564,31.02769473,100.000000004,0.896561002,97.862664114,,62.30732026,23.18056318,,,24.83580072,0.992195947,3.3355156179999996,100.0,6172.936713476,64.20313138,0.215834935,,11.0987541,,,0.465895706,31.60968601,0.34942178,75.0,23.70726451,0.116473927,25.0,7.902421503,0.0,0.0,0.0,78.37837838,,89.869105348,72.72242204199999,244.474667907,,11.06821107,,12.22493843,,14.51233346
667,Latvia,2001,,,,,300.6609122,34.69055611,99.999999996,1.075711223,101.152232958,,64.71827204,21.71310724,61.59895151,,22.12076999,0.987207114,3.532049445,100.0,6472.933114328,64.69764365,0.231476529,,11.16310302,,,0.388169296,30.2778229,0.254317815,65.51724138,19.83719431,0.133851481,34.48275862,10.44062858,0.0,0.0,0.0,71.42857143,,84.460369091,72.785686235,260.414090531,1003.710394,11.14967462,,13.48505882,,13.56862072
668,Latvia,2002,,,,,271.2079645,35.82613621,100.000000003,1.121959697,100.827615026,,60.88824547,23.5815412,64.51130816,,22.42256316,0.918180443,3.798416828,100.0,5493.684746204,66.96700667,0.277035529,,10.99082796,,,0.380663937,35.03242432,0.285497953,75.0,26.27431824,0.095165984,25.0,8.758106081,0.0,0.0,0.0,75.75757576,,77.87687283400001,67.143632154,277.766210607,840.1848074,11.3215859,,13.67630995,,15.53021333
669,Latvia,2003,,,,,232.4791728,36.66241938,100.00003654100001,1.196098262,99.15952882600001,,57.43010607,24.04961694,56.88702214,,21.54762659,0.8083110330000001,4.1587356390000005,100.0,4734.881719426,71.61389388,0.368451303,,10.7610806,,,0.814894346,87.71228788,0.334315629,41.02564103,35.98452836,0.480578717,58.97435897,51.72775952,0.0,0.0,0.0,52.08333333,,64.76170550799999,57.0609822,293.577015244,736.2129164,11.3215859,,13.92829159,,18.52027699
670,Latvia,2004,0.441867473,1.607019461,0.061150803,390.0695588,199.1399446,38.43486297,99.99999999600001,1.270275752,98.53761228600001,,60.65066379,22.5026383,54.35068834,,22.80036162,0.856052363,5.460598236,100.0,4042.591394829,57.21793591,0.364982533,,11.60060862,,90.24060837,0.756980236,90.14851197,0.261338415,34.52380952,31.12270056,0.495641821,65.47619048,59.02581141,0.0,0.0,0.0,52.5862069,,56.219992905,51.201601572,326.605459137,657.6529804,11.3215859,,13.75912836,,16.84669791
671,Latvia,2005,0.446668057,1.607019461,0.088787835,674.3182394,176.530341,39.59515131,99.999999996,1.340698294,98.99882687600001,,54.94160271,22.36117855,43.39672659,,19.74272813,1.066162365,8.097198543000001,100.0,3729.5655168430003,55.87236576,0.424334654,,12.26298525,,,1.27357952,161.7702098,0.256179788,20.11494253,32.53998473,1.017399731,79.88505747,129.2302251,0.0,0.0,0.0,33.49282297,,52.639539391,46.982895930999995,356.821670875,599.0164553,11.3215859,,12.85551351,,22.69711694
672,Latvia,2006,0.450784071,1.607019461,0.083511274,812.0289025,153.7255639,41.29054102,99.999969839,1.494762565,98.749738857,,52.29865538,19.82536138,33.66864101,,18.3469117,1.25134554,12.167563651,100.0,2911.82590449,48.67786077,0.473323275,,12.60829785,,,1.08721063,145.1286958,0.168604857,15.50802139,22.50658919,0.918605773,84.49197861,122.6221066,0.0,0.0,0.0,41.69741697,,46.054338256,41.006044472,398.72572357099995,560.416621,11.32657558,,10.43151201,,27.87605854
673,Latvia,2007,0.908956631,3.214038922,0.073238048,1033.703657,120.7967639,44.8725104,100.000000004,1.704962676,99.030967269,,54.96713031,17.06973951,29.71841975,,19.04264143,1.0804338260000002,15.249565407999999,100.0,2200.729135823,38.31782358,0.540829196,,12.8875246,,,1.176012723,165.6226225,0.158563513,13.48314607,22.33114011,1.01744921,86.51685393,143.2914823,0.0,0.0,0.0,46.65127021,,31.695760237,31.447180212000003,443.854885124,453.9857098,11.34657837,,8.937043692,,27.96318925
674,Latvia,2008,0.918559588,3.214038922,0.075737876,1247.111819,98.90097895,44.66764187,99.999971795,1.628520265,98.81241262,8.353674432,62.16692661,19.60079851,24.36974142,,14.5132415,0.570398501,9.392271791,100.0,1898.291428792,33.19189324,0.546542955,,11.08376594,99.74360357,84.20662931,1.365791108,183.5237058,0.256850268,18.80597015,34.51341333,1.10894084,81.19402985,149.0102925,0.0,0.0,0.0,45.92445328,0.21645778,26.563885241,28.194365595999997,464.252875741,361.6772777,11.35660627,,9.79248155,,18.23227488
675,Latvia,2009,0.933851123,3.214038922,0.114385913,1410.730603,117.7191111,43.26993607,100.000032162,1.451839196,98.53600527500001,8.692900385,66.48560428,24.48933277,22.7815154,,11.85990926,0.221289405,2.729179906,100.0,2152.1057218560004,37.48101135,0.462256306,,10.25374649,,,1.026315357,121.8758656,0.331578808,32.30769231,39.37527964,0.69473655,67.69230769,82.50058592,0.0,0.0,0.0,49.80988593,,28.671150664000002,37.119679254999994,457.799968141,422.1115284,13.64118896,,10.77230634,,9.024976001
676,Latvia,2010,0.476745544,1.607019461,0.140088112,1600.469118,132.7390065,39.33158422,100.00003143800001,1.516507553,97.74374467800001,8.393334705,64.29655267,21.9554558,19.97489394,,10.39305286,0.29147884399999996,3.330067626,100.0,2513.915643663,37.13903665,0.424303534,,11.15931464,,154.8012603,1.127820796,133.7965117,0.403582932,35.78431373,47.8781635,0.724237864,64.21568627,85.91834819,0.0,0.0,0.0,46.31147541,,31.386994854,28.773781613,328.73273886999993,455.4205666,13.54770691,,10.67797645,,13.74807136
677,Latvia,2011,0.485505477,1.607019461,0.123107444,1656.320383,101.842043,38.44870721,99.999999997,1.370209093,97.49465666500001,8.496068247,65.61022368,19.18853888,16.73366364,,8.690548034,0.42281514200000003,5.688667671,100.0,2596.912560504,32.11619668,0.432099874,,12.01131931,,,1.391430006,163.8069188,0.26816651,19.27272727,31.57006071,1.123263495,80.72727273,132.2368581,0.0,0.0,0.0,36.20689655,,26.858500711,24.107968908,324.355042363,386.0078156,13.78016086,,10.60328535,,15.20123744
678,Latvia,2012,0.491564991,1.607019461,0.114391911,1584.35034,96.81493108,38.99373317,100.0,1.340905728,97.10415092800001,8.582441113,63.40425317,18.36583642,16.13564884,,8.700700333,0.402758177,5.578279513,100.0,2603.520601463,31.23256924,0.432577192,,12.18811391,,,1.331846105,161.914767,0.465233913,34.93150685,56.55926793,0.866612192,65.06849315,105.3554991,0.0,0.0,0.0,38.70967742,,25.833901924000003,24.041554109,332.980225849,389.3246231,13.44809037,,10.79871262,,18.22997345
679,Latvia,2013,0.496858118,1.607019461,0.107985689,1620.384002,91.45477955,39.96006041,100.0,1.372329574,97.115400068,8.653335198,62.37563887,19.23716977,15.84295121,2.30497527,8.893760307,0.374558834,5.620459027,100.0,2293.237785514,30.7938221,0.462078049,1.197556984,11.32555174,,115.4435276,1.213239609,149.1190637,0.338476268,27.89855072,41.60205762,0.874763341,72.10144928,107.5170061,0.0,0.0,0.0,40.06024096,,24.229596418,25.713867909,385.850573934,374.1085157,13.34050565,,10.49809151,14548.90089,18.38725442
680,Latvia,2014,0.501559348,1.607019461,0.102354661,1611.307555,91.88643424,42.8933239,100.000034677,1.446512206,97.205393157,9.58853784,59.48564078,19.49305971,17.61441058,2.674984354,10.63305818,0.594324295,9.356088077,100.0,2261.373387718,29.94879581,0.471465787,1.186077968,11.62501003,,,1.371382017,176.5361304,0.575641834,41.97530864,74.10158562,0.795740183,58.02469136,102.4345448,0.0,0.0,0.0,45.02923977,,20.76141688,25.250275791,397.499826999,383.4592839,13.49462366,,10.11491408,15186.34042,21.02129951
681,Latvia,2015,0.505682097,1.607019461,0.125742875,1733.549529,112.1510048,44.66488587,100.0,1.546164983,96.586690667,9.52487236,59.67645744,20.19820473,14.71129092,2.294361728,9.506823421,0.7307678700000001,10.074704417,100.0,2608.810782522,37.04640616,0.510738918,1.232609226,12.03102422,,,1.676696595,231.1570517,0.850557253,50.72815534,117.2617083,0.826139342,49.27184466,113.8953434,0.0,0.0,0.0,46.0106383,,21.770352413,30.055272482,414.355910163,468.7397408,13.49462366,15.04558488,9.859448644,15595.92385,20.12528131
682,Latvia,2016,0.510324633,1.607019461,0.122043979,1749.103998,109.8107534,45.35778807,100.000032424,1.573780439,96.864705027,9.32523579,60.32452799,20.44519982,12.06134492,1.968084643,8.063129198,0.8066630349999999,11.560894230999999,100.0,2250.999252059,37.74445205,0.540944111,1.320360583,12.31739236,,,0.845048528,124.7259848,0.096171568,11.38059701,14.19456171,0.74887696,88.61940299,110.5314231,0.0,0.0,0.0,48.22888283,,20.896294805,28.586472917000002,409.694228744,466.4537722,13.49462366,15.35538209,9.468325233,16317.29012,19.23027219
683,Latvia,2017,,,,,106.2638306,48.49548868,100.000000003,1.667823059,96.880775227,8.898387953,57.79964286,20.20747412,9.686885666,1.62978089,7.002195394,0.7660136980000001,12.02266652,100.0,2060.007396953,34.77258018,0.545759347,1.2702704,12.37036055,,,0.924607161,145.7826802,0.087087248,9.418837675,13.73103401,0.837519914,90.58116232,132.0516462,0.0,0.0,0.0,44.19753086,,19.664255726,27.37415607,429.640293146,460.559544,13.49462366,15.36986958,9.320115254,16824.61161,21.99288302
684,Latvia,2018,,,,,94.12605054,44.79594332,100.000030859,1.68156482,96.908094557,8.874226804,59.56872213,20.06759246,10.56402076,1.760245269,7.835307035,0.672601392,12.016040067,100.0,1973.1620281019998,31.68839311,0.566113906,1.27180635,12.31351136,,,0.831116451,138.3102883,0.071689368,8.625670656,11.93018996,0.759427083,91.37432934,126.3800984,0.0,0.0,0.0,47.7090222,,18.242138350999998,24.916051975000002,445.125868283,415.1673267,13.49462366,15.3910648,9.261839874,16662.64491,20.3637324
685,Latvia,2019,,,,,93.89353759,46.01663529,99.999999997,1.684940397,96.61561701699999,8.16735804,60.20307751,19.2938454,9.336874429,1.527669489,7.053947546,0.715196533,12.790113186,100.0,1818.26590275,31.61380216,0.565360833,1.224398805,11.72071225,,,0.816099398,137.6281737,0.086694513,10.62303361,14.62028714,0.729404885,89.37696639,123.0078865,0.0,0.0,0.0,44.66501241,,18.932530528,25.819857078,461.74565868499997,422.4562317,13.49462366,15.37907005,8.655007904,16361.67971,20.50307708
686,Latvia,2020,,,,,87.62345396,47.54062811,100.000032986,1.595372462,96.622207938,7.763375234,63.70874025,13.17737225,10.08944544,1.565923723,7.419299334,0.539037537,9.754536954,100.0,1291.163869468,29.45544421,0.533031931,1.125021795,10.16209766,,,0.818745948,138.0444346,0.161145357,19.68197307,27.16986844,0.657600591,80.31802693,110.8745662,0.0,0.0,0.0,56.67396061,,12.047453175000001,26.182109834,473.796981685,406.3571893,13.50188273,15.54514407,7.127803286,15520.4142,23.1138875
687,Latvia,2021,,,,,78.68216029,47.46225483,100.00003199,1.658633901,95.318977988,7.691422985,63.17176879,14.02578319,11.52155557,1.57517014,7.747454218,0.530662719,11.106983853,100.0,1149.620097243,27.81219255,0.582120361,1.183535372,11.06220428,,,0.853370657,153.2985295,0.250652705,29.37207913,45.02696538,0.602717952,70.62792087,108.2715641,0.0,0.0,0.0,58.89570552,,9.187877854,23.499249108,491.848722984,321.270121,13.50188273,15.91771381,6.782500111,13671.50582,22.80239965
688,Latvia,2022,,,,,,,,,96.15458782,7.444809111,64.38948073,18.68867093,9.375959376,1.196482553,6.012611586,0.582101388,12.520066426,100.0,1093.301688394,27.7168825,0.59614565,1.186302922,11.33716079,,,0.956073079,164.0858113,0.445472743,46.59400545,76.45415185,0.510600337,53.40599455,87.63165943,0.0,0.0,0.0,57.29847495,,13.38363157,23.364085166000002,502.523966668,298.1531719,13.45844504,15.78175671,7.35689944,12761.17467,16.92188675
689,Latvia,2023,,,,,,,,,95.992286683,8.284871471,,,11.24930682,1.474811364,7.546167132,0.601828348,13.952969310999999,100.0,843.2381641,24.98449491,0.57924804,1.132073512,,,,,,,,,,,,,,,,,14.02799164,22.069675374,511.66998804499997,289.3387883,13.70835609,16.00552629,6.245853489,13110.24215,
690,Lithuania,1994,,,,,,16.64020216,99.99999999900001,0.656917529,99.834077856,,,,,,20.91796221,,,99.99999999799999,6118.828398543999,230.1987183,0.297390532,,,,,,,,,,,,,,,,,,333.190103188,143.485172355,185.36650458,,6.093906094,0.650444085,,,
691,Lithuania,1995,,,,,438.7304794,21.87233355,100.00000000200001,0.809886302,102.927568606,,53.7354954,34.80337208,,,18.48942245,,,100.000000007,4300.414318409,138.9262433,0.256454627,,7.796043259,,,0.257700942,,0.051540188,20.0,,0.193275706,75.0,,0.012885047,5.0,,42.30769231,,168.707226321,110.986051623,204.877680466,,6.093906094,0.630268904,6.281588241,,11.46113252
692,Lithuania,1996,,,,,385.9654963,23.23917789,100.000030907,0.898325,108.82099555,,62.67925783,22.6574097,,,18.51948002,,,100.000000003,3485.741601323,121.0712993,0.281790409,,8.440072788,,,0.422195149,,0.175056525,41.46341463,,0.247138624,58.53658537,,0.0,0.0,,52.94117647,,113.831834478,96.521346631,224.651010528,,6.109163746,0.6101613,6.849077613,,14.66333247
693,Lithuania,1997,,,,,358.3759822,26.74689251,99.999972429,1.01432113,113.65666875000001,,60.97999935,21.93607821,,,20.30691411,,,99.99999999799999,3248.2884201,112.6516322,0.318840928,,9.5997602,,,0.528900352,,0.187674319,35.48387097,,0.341226034,64.51612903,,0.0,0.0,,60.0,,83.234801521,89.58319881700001,253.549724135,,6.109163746,0.592117615,7.09707914,,17.08392245
694,Lithuania,1998,,,,,340.0669105,26.73871677,100.000026163,1.076897027,118.78749205,,51.87651518,20.48513563,,,23.35651423,,,99.999999997,2999.2328082500003,106.3992488,0.336936735,,11.44167208,,,0.959986533,63.17658684,0.222716876,23.2,14.65696815,0.737269657,76.8,48.51961869,0.0,0.0,0.0,38.46153846,,71.199051579,89.51958937500001,283.483563533,,6.109163746,0.575497868,6.766833516,,27.63824281
695,Lithuania,1999,,,,,310.7216224,28.64507051,99.999999996,0.967348686,120.540842369,,61.24526746,21.97082056,,,21.22444625,,,100.000000006,3321.2317773759996,94.09600731,0.292942758,,12.36837876,,,1.172251778,74.22262552,0.14948177,12.75167785,9.4646301,1.022770007,87.24832215,64.75799542,0.0,0.0,0.0,34.01015228,,67.924265597,101.640458197,316.43038863,,6.404199475,0.566191446,7.113027638,,16.78391198
696,Lithuania,2000,,,,,263.9181409,29.75185254,99.99996712400001,0.869158083,123.519463969,,61.362076,22.01979611,,,18.31671399,,,100.0,3496.024388308,75.48823256,0.248604386,,15.43777407,,,0.951207262,63.13077094,0.134816777,14.17322835,8.947668323,0.816390485,85.82677165,54.18310262,0.0,0.0,0.0,35.88235294,,53.039926866,103.96586463199999,342.389391064,,6.404199475,0.552193546,8.421902494,,16.6181279
697,Lithuania,2001,,,,,271.3997362,30.54852638,99.999999997,0.95691592,124.870772175,,66.65897167,15.94973357,,,20.34102624,,,99.99999999600001,3398.8308290630002,77.62961019,0.273710693,,14.54832802,,,0.670098795,47.86972607,0.176341788,26.31578947,12.59729633,0.493757007,73.68421053,35.27242973,0.0,0.0,0.0,51.38888889,,43.579142723,94.800789672,334.253769546,,7.193396226,0.544578376,8.412394035,,17.39136828
698,Lithuania,2002,,,,,241.1946501,31.45300868,100.00002908399999,0.998722941,125.914167188,,71.027094,10.44142582,,,20.24357934,,,99.99999999799999,3558.9626852760002,63.12765268,0.261394855,,13.03345661,,,1.119718379,86.36565845,0.382021565,34.11764706,29.46593053,0.737696814,65.88235294,56.89972792,0.0,0.0,0.0,48.85844749,,1335.521877139,84.789485855,351.090757198,,6.873239437,0.540519521,9.017425053,,18.53155772
699,Lithuania,2003,,,,,185.6906907,31.87918469,100.000000001,1.021206291,128.696553883,,70.20177929,11.61285504,,,20.76005215,,,100.00000000099999,2982.289441791,47.38587553,0.26059868,,13.7596141,,,1.363363691,115.0668285,0.510510633,37.44493392,43.08669789,0.852853058,62.55506608,71.98013059,0.0,0.0,0.0,46.21212121,,1193.07674376,68.465775093,376.52761338299996,,6.877113867,0.528564004,9.294669787,,18.18536567
700,Lithuania,2004,0.592228482,3.190810466,0.035565651,238.2674356,169.1929506,33.10171709,99.99997387700002,1.133486227,129.408104625,,69.89786108,12.09986361,52.35565643,,22.26779091,,,99.999999996,2493.304622894,42.43230227,0.284269671,,14.09701275,98.62501702,45.54663674,1.1361348,99.96811913,0.384200174,33.81642512,33.80564415,0.751934626,66.18357488,66.16247498,0.0,0.0,0.0,47.1042471,0.634989503,1298.71344806,59.456495549,398.321032289,634.8623825,6.84624018,0.525645712,9.238559832,,18.00221578
701,Lithuania,2005,0.902926928,4.786215699,0.042497879,334.013137,155.5163547,32.62973535,99.999999996,1.222284658,129.655392468,,67.67958242,11.77720306,41.48776299,,23.26541718,,,99.999999997,2510.016521605,39.44321278,0.310004912,,13.95801774,,,1.110585582,106.2504039,0.324119397,29.18454936,31.00870157,0.786466185,70.81545064,75.24170234,0.0,0.0,0.0,43.10344828,,1473.893503545,56.937081832,447.498410826,713.5009132,6.888763411,0.524548096,9.506647339,,20.54321452
702,Lithuania,2006,0.917456724,4.786215699,0.039249441,362.2094682,143.5691871,34.64648343,99.927129569,1.324913629,130.432354868,,69.24284971,10.50964836,36.32609361,,23.24223702,,,100.00000000200001,2233.803222084,37.11556103,0.342517177,,15.74890516,,,1.222285965,124.0451953,0.207871763,17.00680272,21.09612166,1.006099332,82.31292517,102.1052288,0.008314871,0.680272109,0.843844866,39.95037221,,1431.150505578,53.883045948,497.25420492200004,693.3186801,6.888763411,0.386327265,9.799450975,,20.24752247
703,Lithuania,2007,0.928420627,4.786215699,0.035930036,441.3433132,126.793087,39.67205762,99.937229054,1.557451287,131.606573041,,67.85883788,11.20097313,35.11885835,,22.90104212,,,100.00000000099999,1798.610004109,34.76832077,0.427073488,,16.31442138,,,1.347754467,146.7595866,0.26196762,19.43734015,28.52616005,1.07544602,79.79539642,117.1073939,0.010340827,0.767263427,1.126032633,28.60411899,,1075.7626720350002,41.790942093,513.335214884,530.8795054,6.908267271,73.048002477,9.836624899,,20.94022276
704,Lithuania,2008,0.938018548,4.786597527,0.034699113,519.0672594,104.7084464,39.71844029,99.93696013199998,1.566343394,132.102114078,6.36255343,71.07743341,10.92856212,23.11972683,,15.60237519,,,99.999999994,1492.7122788890001,29.26260216,0.437741989,,16.83312207,,31.11516715,1.610529458,182.1491885,0.260256661,16.15969582,29.43475479,1.338025424,83.07984791,151.3292687,0.012247372,0.760456274,1.385164931,23.4676007,,864.1164869940001,36.627873719,547.919771848,451.1310866,6.912181303,73.680118474,9.370546451,,17.99402452
705,Lithuania,2009,0.948491835,4.786597527,0.029242604,345.6579308,110.6901089,36.27550205,99.847427003,1.308396113,132.587155976,6.48436314,74.46870575,9.10371225,18.26980051,,11.69806596,,,100.0,1608.1998310220001,30.75952986,0.363588537,,14.42489973,,,1.918428495,202.1516571,0.249098274,12.98449612,26.24837408,1.665612337,86.82170543,175.5115163,0.003717885,0.19379845,0.391766777,21.81500873,,1037.655796122,47.618453709,562.866987279,541.6886945,6.900452489,73.795969552,10.61324333,,16.42762059
706,Lithuania,2010,0.968591171,4.786597527,0.041064562,492.3913935,115.1193522,34.71945685,99.852339779,1.380357358,133.86358197599998,6.84687212,69.306317,14.41245503,17.17561637,,9.65362534,,,99.999999995,1799.3913300609997,32.04224667,0.384207831,,14.87330164,,43.23549698,1.890572723,221.5371944,0.381681663,20.18867925,44.72543359,1.505323942,79.62264151,176.3937661,0.003567118,0.188679245,0.417994706,27.49140893,,950.229827464,48.000416413,575.556891464,468.7430646,6.900452489,73.50695839100001,11.39169381,,16.28122796
707,Lithuania,2011,0.990715346,4.7866739,0.038868898,559.4219506,97.52312261,36.87618349,99.702913483,1.403604883,135.110253085,7.296839166,71.28031146,12.17471542,16.05789522,,9.775058081,,,99.999999997,1706.94016323,27.53414592,0.396286138,,14.84106364,,,1.472036041,189.7676206,0.370403863,25.1626898,47.75063772,1.095245905,74.40347072,141.193696,0.006386273,0.433839479,0.823286857,30.84677419,,750.2382344270001,41.536934115,597.821747169,422.95431,6.900452489,73.78152476700001,11.22251352,,16.54497312
708,Lithuania,2012,1.004092346,4.7866739,0.046823616,672.9985846,99.68809636,37.12694293,99.63129679500001,1.432823042,137.11267828500002,7.333085108,70.98409328,12.0220014,15.25599252,,10.10786295,0.380710098,5.471968587,99.999999997,1781.717106208,27.94373456,0.401636938,,14.71174121,,,1.146357771,154.0759226,0.419034172,36.5535248,56.3201806,0.727323599,63.4464752,97.75574204,0.0,0.0,0.0,33.60655738,,861.169848693,43.224137074,621.2630611449999,460.9668313,6.900452489,73.618800941,11.58623105,,16.9938722
709,Lithuania,2013,1.014305426,4.786597527,0.045424782,714.3786923,92.00521668,39.36959327,99.63120160999999,1.446931709,137.592341476,7.298253756,70.25707455,12.50833804,12.31527094,1.259696836,8.655406299,0.418256877,6.577770685999999,100.00000000099999,1730.5794871379999,25.79841963,0.40572217,0.590482892,14.85984652,,54.89941156,1.121590035,153.4083536,0.396694694,35.36895674,54.25893421,0.722041422,64.37659033,98.7590673,0.002853919,0.254452926,0.390352045,33.42105263,,779.0694844830001,43.69037609,687.102328869,446.8974237,6.900452489,74.860302128,11.83684821,10228.73831,17.23458741
710,Lithuania,2014,1.023064303,4.788507582,0.046656246,772.8585815,98.00565872,45.50327914,99.60214923900001,1.623459478,138.55067833500001,7.674229071,71.04102408,12.81250114,16.65814003,1.983830666,9.105272294,0.41888211299999994,6.938763122000001,100.000000002,1768.096954864,28.8216916,0.477430008,1.040210836,14.79280076,,,1.342215428,188.7609526,0.721679986,53.76782077,101.4926507,0.612334533,45.62118126,86.11497633,0.008200909,0.610997963,1.153325576,38.96457766,,564.334381214,27.707547944,458.974268952,329.9713124,6.900452489,74.70188394799999,11.70240653,11909.07666,16.14647478
711,Lithuania,2015,1.032734233,4.788507582,0.060931684,869.1277871,121.9627357,47.905455,99.62521699700001,1.739672141,138.563447677,7.498548608,69.68300489,12.92539241,15.17003604,1.738508245,8.330722811,0.587707858,8.383048012,99.999999995,1979.8593345210002,36.20079614,0.516367116,1.077587755,14.48553948,,,1.175503535,167.6734078,0.481983226,41.0022779,68.74991663,0.690842624,58.76993166,98.54154717,0.002677685,0.227790433,0.381943981,38.1294964,,668.1306770250001,33.594290554000004,479.18799554199995,384.9954669,6.499733617,75.460657225,11.12230576,11460.14578,17.3916027
712,Lithuania,2016,1.04594086,4.789119121,0.065080514,976.7487347,126.3422055,50.58905778,99.651754501,1.896183397,136.71338717999998,7.152563538,67.93796949,11.58323641,11.14413076,1.319431655,6.694021507,0.706269462,10.599913326,99.999999998,2098.678719126,37.16840902,0.557835126,1.099526379,14.12036694,,,1.097972526,162.7346596,0.179995496,16.39344262,26.67781305,0.91797703,83.60655738,136.0568465,0.0,0.0,0.0,29.86247544,,664.665143159,33.804017561,507.341284561,400.2294283,6.384092098,76.434688098,11.3780358,11839.70005,20.4787941
713,Lithuania,2017,,,,,119.1337201,52.8203152,99.672670285,2.011621399,137.67021598099998,7.502952465,68.18331897,10.67760541,9.310215402,1.254741412,6.752927359,0.7718173220000001,13.032442689,100.00000000099999,2299.276322534,35.59560101,0.601045891,1.11678555,15.06967481,,,0.931964311,147.8019544,0.115904191,12.43654822,18.38146134,0.81606012,87.56345178,129.4204931,0.0,0.0,0.0,30.44354839,,717.3575036259999,31.873264318,538.192754002,429.5572436,7.953950811,75.391037268,11.77242309,13477.03955,21.13907562
714,Lithuania,2018,,,,,112.5291567,54.29051245,99.63467585,2.159024866,139.683857593,7.195984651,67.87457638,10.52797923,8.053741265,1.074942105,6.17516847,0.8372992730000001,16.064718619,100.00000000099999,2262.378691775,33.48750592,0.642503078,1.118436873,15.62365193,,,0.856856121,143.558119,0.142809354,16.66666667,23.92635316,0.714046768,83.33333333,119.6317658,0.0,0.0,0.0,30.70362473,,617.100801623,29.941346474999996,574.465214378,399.6305935,7.953950811,74.08878968900001,12.19474321,13347.11496,21.59746782
715,Lithuania,2019,,,,,114.5306124,56.21043524,99.718149605,2.244616853,138.928457358,7.49406025,65.79793394,11.61239189,,1.096793824,6.656795998,1.076912321,21.124232632,100.000000003,2540.844568252,,,,15.56431823,,,0.894623192,154.9431628,0.175656608,19.6347032,30.42263014,0.718966584,80.3652968,124.5205327,0.0,0.0,0.0,29.45891784,,8.740259806,30.941378309999997,606.93230145,,7.953950811,76.084197166,12.36283354,,22.58967417
716,Lithuania,2020,,,,,107.3568934,54.86321905,99.74167780399999,2.186207661,138.422229358,7.596730847,68.44328489,5.93243542,,0.990031062,6.297217954,0.8664096729999999,17.659045006,99.999999993,2505.694463666,,,,13.9232087,,,1.297290656,225.6597532,0.348884968,26.89335394,60.68747614,0.934370086,72.02472952,162.5308269,0.014035602,1.081916538,2.44145019,23.10231023,,4.564823476,31.207284696,636.0626644299999,,7.953950811,75.791857873,11.48976398,,25.62427969
717,Lithuania,2021,,,,,91.72847187,52.98681206,99.67875031,2.175114671,138.642389379,7.60617408,67.33219458,7.148435542,,0.798140062,5.248427346,0.617794189,14.734156448,99.999999991,2169.3456462130002,,,,15.0925305,,,0.979140466,181.2836438,0.192995137,19.71066908,35.73221912,0.768439353,78.48101266,142.2732395,0.017705976,1.808318264,3.278185241,25.17241379,,4.925396504999999,27.572022382999997,657.5822459230001,,7.953950811,75.308918289,11.07064271,,25.51939076
718,Lithuania,2022,,,,,,,,,137.58185588999999,7.288019285,67.93065761,7.911336756,,0.645361281,4.308458811,0.5812380340000001,14.576716875999999,100.000000006,1725.492327947,,,,16.13595196,,,0.751817965,138.7846433,0.228362853,30.37475345,42.15549324,0.508626355,67.65285996,93.89178039,0.014828757,1.972386588,2.737369691,36.83241252,,6.097394829,26.620324590000003,667.6041684749999,,7.920792079,76.05585304899999,11.23967544,,24.15800563
719,Lithuania,2023,,,,,,,,,136.443060235,7.331205329,62.57088935,11.69458542,,0.807777834,5.536410254,0.566149292,15.344213251000001,99.999999996,1786.016205674,,,,15.52505346,,,,,,,,,,,,,,,,5.962509053,25.288477074,685.3877419490001,,7.9002079,75.161371445,10.86860718,,25.73452524
720,Luxembourg,1994,,,,,198.8454446,34.09798129,100.000000001,8.736293355,10.68376068,,,,295.9641256,,16.38021964,1.7338182450000001,76.175466895,100.000000003,506.81970778,34.79725145,1.5288205,,,,,,,,,,,,,,,,,,16.355414296,14.410694203,633.135198846,12.59705694,95.27272727,,,,
721,Luxembourg,1995,,,,,160.6422809,40.72496282,99.999999996,8.198059345,120.24087028000001,,60.98251173,5.55915616,269.2307692,,17.13062099,1.442644936,73.622514535,99.999999999,453.83564921,27.37208247,1.39687978,,15.42693713,,,0.898806288,673.171927,0.152444982,16.96082728,114.1755278,0.746361306,83.03917272,558.9963992,0.0,0.0,0.0,16.79454836,,13.742132903,12.33350167,629.415723427,12.46801234,95.27272727,4.078014184,5.505977713,,33.45833211
722,Luxembourg,1996,,,,,164.8468696,41.45640018,100.0,8.315422777,121.17327114000001,,61.13445148,5.221718535,331.7757009,,17.140443,1.532719764,77.315468643,99.999999993,380.47592978,28.58116041,1.441728529,,15.6107314,,,1.716592336,1286.020745,1.047032868,60.99484695,784.406385,0.669493155,39.00129002,501.5646804,0.0,0.003863029,0.049679359,17.6659104,,13.622430976,12.589158852,635.038928137,10.24174201,95.25547445,4.147627417,5.447947661,,33.64382998
723,Luxembourg,1997,,,,,186.7655556,46.84278143,100.000000001,8.710938133,121.56177154000001,,61.61338848,4.815054014,272.5819333,,14.3044463,1.7300514079999998,80.691381572,99.999999998,634.5566420600001,33.94061736,1.58302539,,15.51281609,,,0.766584225,597.8869462,0.165404806,21.5768601,129.0052299,0.583902526,76.16938968,455.4068379,0.017276894,2.253750214,13.47487833,18.12278919,,15.107653734,13.87332958,647.066396498,11.25138126,95.25547445,4.133099825,5.516969766,,33.57155751
724,Luxembourg,1998,,,,,189.7827311,53.69667628,99.834887005,9.004115846,121.87257184,,59.77548386,4.977915039,192.5675676,,13.42123852,1.935868751,91.846008945,99.999999997,656.76209709,31.41500038,1.490463857,,14.48428743,,,0.820282196,674.03346,0.195838288,23.87450184,160.9221308,0.620810209,75.68251658,510.1254852,0.003633699,0.442981577,2.985844051,14.22423668,,14.923435377,14.007516893999998,664.577348711,14.69011076,95.25547445,4.01676563,5.686928909,,35.24651944
725,Luxembourg,1999,,,,,193.9857249,56.98571331,100.000000005,9.868528951,121.87257184,,60.66146304,4.96527757,153.8461538,1.829751122,13.47348859,2.016729352,102.59596956499999,100.00000000200001,778.01962121,25.57157109,1.300888553,1.766656256,14.50273527,,,0.854280357,749.1643119,0.144842189,16.95487759,127.019892,0.708188673,82.89885948,621.0486702,0.001249495,0.146262932,1.095749688,16.3405175,,14.194171788,14.474559497000001,736.3563505750001,17.21514697,95.25547445,4.01676563,5.268939537,1189.338229,34.37325939
726,Luxembourg,2000,,,,,228.5910584,60.17343183,100.00000000499999,11.12314921,121.87257184,,63.17312478,4.043815281,170.0223714,2.307862828,17.41920697,2.1627697020000003,105.23951409600001,100.000000003,977.5299841600001,46.63171891,2.269080908,3.006295,15.77349568,,,0.89516004,828.2727298,0.170619311,19.06020196,157.8704551,0.722268364,80.68594796,668.2997037,0.002272364,0.253850078,2.102570974,13.43456488,,15.679130332000002,15.511358308999998,754.77652995,21.05492763,95.25547445,3.981837234,5.567554322,1357.387742,32.78305994
727,Luxembourg,2001,,,,,238.3654455,58.66669536,100.000000004,11.54645603,121.87257184,,60.84878863,4.284926342,132.3251418,2.065780349,15.85414189,2.218675469,107.47296302299999,99.99999999900001,1086.15539965,50.49670206,2.446067607,3.187203966,16.03963605,,,1.085747393,1023.25256,0.303522558,27.95517265,286.0520197,0.778363755,71.68921245,733.5617013,0.00386108,0.355614904,3.638838603,14.23636335,,16.219066218000002,15.843574052000001,767.465035988,24.73403277,95.25547445,4.01676563,5.846548482,1561.139721,34.86628502
728,Luxembourg,2002,,,,,224.4046258,56.60962538,100.000000002,11.89473189,122.33877234,,57.99096693,4.801298773,108.7719298,1.771049061,13.89589287,2.1008604789999996,111.357651147,99.999999999,1052.24906829,47.78046374,2.532638539,3.22787974,14.7932979,,,1.13312519,1090.849532,0.275097923,24.27780487,264.8343208,0.851197374,75.1194468,819.4401337,0.006829893,0.602748331,6.575077344,13.46278354,,11.366783443,14.802429951,784.613660599,24.10164985,95.25547445,4.382608696,5.878022481,1628.222524,37.2077343
729,Luxembourg,2003,,,,,197.4861302,59.46622963,99.99998293,12.97272989,122.37762238,,58.59475384,4.212787785,93.14586995,1.47832854,11.73527002,1.6870108739999998,110.81859043700001,99.99999999799999,852.8517986200001,40.44862132,2.657042269,3.347158959,14.87284346,,,1.057171479,1031.777405,0.336538812,31.83389055,328.4548899,0.718357114,67.9508602,701.1016223,0.002275554,0.215249252,2.220893147,18.62678618,,8.860064987,12.084463810999999,793.82016254,19.17938794,95.27272727,5.113043478,5.748498571,1587.111207,37.19240119
730,Luxembourg,2004,2.182953318,38.85003885,0.029224184,2236.961766,194.7477377,60.79607183,99.999999999,14.90694943,122.41647238,,59.61888882,3.812694179,79.23930269,1.364762913,10.91476659,1.531620212,117.23769085299999,99.999999995,753.58155694,46.7705126,3.580043441,4.476422356,16.28852815,,19.99400303,0.863329653,865.8547843,0.379217186,43.92495778,380.3263484,0.479623022,55.55502708,481.0258598,0.004489445,0.520015141,4.502575976,19.16162202,,7.610356359,10.448190292,799.755509216,17.99523991,95.27272727,5.076495132,5.688990163,1722.330797,36.56836755
731,Luxembourg,2005,2.149807162,38.85003885,0.032145432,2603.399275,191.2989332,62.70311371,99.99999999500001,15.49294433,123.11577308000001,,61.70495399,3.929712104,71.53729072,1.250226105,10.10409366,1.4521283749999998,117.605200821,99.99999999699999,648.69129439,48.31137269,3.912649035,4.841301086,17.67757299,,,0.840324663,850.5984167,0.417843065,49.72400348,422.9515864,0.421574785,50.16808426,426.7289304,0.000906813,0.107912252,0.917899911,21.47184776,,7.242754352,9.979006022,808.181306107,17.43987465,95.27272727,5.079474775,5.647762299,1747.656491,34.36537849
732,Luxembourg,2006,2.11578865,38.85003885,0.028050112,2546.635156,160.7389766,61.02867776,99.999985506,14.59329887,123.11577308000001,,59.98076917,3.772615526,63.32842415,1.115529993,9.097891193,1.334999395,121.202952813,99.999999996,574.742257073,41.24899938,3.74494591,4.591832764,17.57629755,,,0.820616054,866.6885637,0.303978731,37.04274724,321.045254,0.514666008,62.71702889,543.5613169,0.001971316,0.240223867,2.081992784,12.10617021,,6.966367276,8.983123188,815.566703418,15.82376869,95.27272727,5.079474775,5.091178667,1761.499687,36.2466153
733,Luxembourg,2007,2.083363716,38.85003885,0.02294053,2465.542206,128.3193341,61.84208031,100.00000000099999,13.79116154,123.11577308000001,,60.39237107,4.149832296,62.76150628,1.13928377,9.375136721,1.133706415,121.84552695800001,100.00000000099999,488.8840391,33.72914701,3.625052865,4.405230578,17.16740569,,,0.786610791,884.2876711,0.36789759,46.7699648,413.5810325,0.418156375,53.15924717,470.0806688,0.000556826,0.070788027,0.625969794,12.7784092,,6.145665114,7.656613294,822.8974172759999,13.89873472,95.27272727,5.079474775,4.825485732,1815.258807,35.45779664
734,Luxembourg,2008,2.046454518,38.85003885,0.021868645,2633.467717,114.1395266,63.12372129,100.000000002,13.74492582,122.37762238,5.645460161,65.44674631,4.341008009,47.61904762,0.863587689,7.162590811,1.023328531,123.231351698,99.99999999799999,438.138509601,30.58922494,3.683618132,4.441308113,16.80992701,,14.46095912,0.719743251,792.3971608,0.374268499,52.00027909,412.0487352,0.344349221,47.84334139,379.1092788,0.001125531,0.156379518,1.23914686,16.26029131,,5.880945852,6.887435899000001,829.39936555,12.49060018,95.27272727,39.791304348000004,4.619727468,1813.534146,30.21224568
735,Luxembourg,2009,2.008907496,38.85003885,0.021892708,2395.493619,113.6565086,61.38398503,100.000000001,12.43626641,161.11111108,4.719152855,61.3590957,4.923897445,76.43312102,1.173631436,9.64275598,0.978771338,107.096867508,100.000000001,479.686613873,30.29342361,3.314697368,4.03435806,15.37410641,,,0.822427964,860.0504219,0.441343974,53.66354177,461.5335174,0.380187789,46.22748812,397.5797066,0.000896201,0.108970105,0.93719785,16.63456829,,6.126275445,7.50885845,821.6170500059999,11.52986062,95.27272727,29.674586774999998,4.45478908,1535.501128,33.71705174
736,Luxembourg,2010,1.972569449,38.85003885,0.023021816,2552.796808,116.5658134,61.47853121,100.0,12.92551578,161.11111108,4.279891304,64.60729825,4.899686495,47.6900149,0.768133963,6.312222238,0.9926533369999999,110.071347834,100.000000004,413.11977603599996,31.48682649,3.491447925,4.24874098,15.40705086,,18.6450943,0.802140147,854.6345496,0.36916938,46.02305237,393.3289064,0.430564461,53.67696191,458.7418617,0.002406306,0.299985711,2.56378153,15.61363342,,6.1868397779999995,7.4108604499999995,821.7605971489999,11.9365314,95.27272727,29.674586774999998,4.583690829,1610.680903,30.49297252
737,Luxembourg,2011,1.929209584,38.85003885,0.022068529,2626.707592,112.5702044,66.03363025,99.999999999,13.39867502,123.31002328000001,3.970637304,69.1073226,4.529114755,50.15197568,0.772063468,6.366391626,0.9238159389999999,109.957229426,99.999999999,380.539569167,30.79602574,3.665498209,4.445213908,16.65321518,,,0.843128367,887.7294915,0.339387457,40.25335522,357.3409056,0.500810224,59.39904802,527.3028669,0.002930687,0.347596758,3.085718935,14.26058113,,5.669470539,6.927906368,824.5943354209999,10.66514997,95.27272727,5.243187306,4.415717304,1539.447764,26.36359984
738,Luxembourg,2012,1.883430707,38.85003885,0.024177304,2721.994327,110.8852127,64.24730774,99.999984918,12.48397577,123.31002328000001,3.833527481,70.11802843,4.421764967,63.31471136,0.77374193,6.403664403,0.954172665,107.42523722099999,100.0,310.239095092,30.78138232,3.4655125,4.187309267,16.7007517,,,0.728736336,761.4370137,0.268522525,36.84769259,280.5719701,0.458664561,62.9397133,479.2462734,0.001549251,0.212594114,1.61877027,13.63836077,,6.252989327,7.351112698000001,827.6227714479999,8.983479515,95.27272727,5.243187306,4.19902203,1222.057107,25.4602066
739,Luxembourg,2013,1.840400471,38.85003885,0.02461767,2954.124337,99.44708842,66.15451809,99.999984575,11.93366461,123.31002328000001,4.220779221,71.63302227,5.224787817,80.9352518,1.050376035,8.28180212,0.8214463169999999,98.57368963799999,100.000000002,317.757584417,28.0660697,3.367932862,4.271529207,15.59961032,,19.80514742,0.744081436,783.8113039,0.297159113,39.93636968,313.02578,0.446683936,60.03159253,470.5344081,0.000238387,0.03203779,0.251115817,14.2789827,,6.0665007179999995,6.570496965999999,788.460689002,8.52717746,95.27272727,5.243187306,4.169216867,1297.797945,23.14215254
740,Luxembourg,2014,1.797529835,38.85003885,0.025176735,3113.826779,89.98345943,66.69213508,99.999999999,11.12903748,123.31002328000001,3.888040712,70.95482164,5.359523901,62.83662478,0.794887285,6.291354421,0.829825465,102.631763431,99.999999996,327.929187983,25.57959961,3.163652509,3.99714749,15.17924483,,,0.783081646,826.8084134,0.369759594,47.21852388,390.4067282,0.412704572,52.70262356,435.7497257,0.00061748,0.078852556,0.651959567,14.13390914,,5.969212112,6.399463535,791.477551545,8.095361922,95.27272727,5.243187306,4.314243904,1265.006336,23.68561776
741,Luxembourg,2015,1.755605649,38.85003885,0.031416253,3313.222871,95.76399682,65.34221177,100.000000003,10.09946384,123.31002328000001,3.97164498,67.81958432,6.044214898,62.1761658,0.798592702,6.320180336,0.902606036,95.19069388700001,99.99999999900001,355.964547796,27.30074878,2.879193264,3.638033421,14.18734621,,,0.930802789,981.6433541,0.512983228,55.11191357,541.0024369,0.41781956,44.88808643,440.6409172,0.0,0.0,0.0,13.31328607,,6.988841401,7.504260028999999,791.414737267,9.638496064,95.27272727,5.553639186,4.303092734,1284.403263,26.13616194
742,Luxembourg,2016,1.718171728,38.85003885,0.036667972,3919.78028,89.62681049,65.64626531,99.999999996,9.581042724,123.65967368000001,4.107879835,63.19365853,6.09915905,54.23728814,0.690637545,5.498149529,0.9503850850000001,101.595494266,100.000000001,330.40484837500003,25.7164914,2.749074765,3.453187724,14.15241709,,,0.944425253,1023.30244,0.564297325,59.75034265,611.4267143,0.379904807,40.22603229,411.63397,0.000223121,0.023625056,0.241755773,17.60626279,,6.748099377,7.447174455000001,796.097688348,9.482956206,95.27272727,5.536451169,4.130123081,1273.362973,30.70718242
743,Luxembourg,2017,,,,,86.47421179,65.80071577,100.00001759300001,9.528871307,123.65967363,3.559275269,64.98489088,5.802446573,59.3220339,0.731110201,5.869174425,0.933693476,102.88662767699999,100.000000005,319.216894789,24.3486197,2.683051166,3.342218063,14.13740622,,,0.886345994,949.6457432,0.498547338,56.24748584,534.1518549,0.38779861,43.75250892,415.4938385,0.000223121,0.0,0.0,19.31328371,,6.694364029,7.285167885,802.775616485,8.978553514,96.67896679,5.666208791,4.583647809,1232.442911,29.21262678
744,Luxembourg,2018,,,,,85.44521493,67.77380108,100.0,9.97884859,123.73737373,3.849589139,65.02245177,5.541727956,56.78233438,0.730494281,5.9215396,0.862277659,100.702360387,100.00000000099999,311.482442774,25.35199418,2.9607698,3.652471404,15.23161281,,,0.75288331,800.8949772,0.438976767,58.30608291,466.9704895,0.313693201,41.66558036,333.6975403,0.000213343,0.02833673,0.226947446,26.19547921,,6.254887695,6.941052066,810.6209392229999,8.929535729,96.67896679,5.662319835,4.833561695,1286.481595,29.43582027
745,Luxembourg,2019,,,,,88.84612924,68.13195358,100.00001611900001,10.00601289,123.73737373,4.021099965,66.13095596,5.937745006,36.24382208,0.434557601,3.548381374,0.916776625,103.344994599,99.99999999799999,330.607738446,25.75456385,2.903221124,3.555471278,14.83662176,,,0.793791643,852.1673712,0.377132553,47.51026999,404.8670188,0.416483333,52.46758851,447.1116697,0.000175757,0.022141496,0.188682608,13.26623048,,6.654899417,7.243642779,816.550295895,8.685011254,96.67896679,33.939601925,4.474124085,1198.983925,27.93133018
746,Luxembourg,2020,,,,,63.07040906,62.51309237,100.000000002,7.402605251,123.73737373,4.429243266,63.82003276,3.633054891,49.42965779,0.503609524,4.124241179,0.728269156,85.138614158,99.99999999799999,280.60959745499997,13.56863147,1.586246607,1.936959709,13.15559519,,,0.793619727,830.2497721,0.411905378,51.90210929,430.9171441,0.381601429,48.08366219,399.2144958,0.00011292,0.014228516,0.118132218,13.70040095,,3.660180592,7.005118075,818.9362947100001,7.137100155,96.67896679,5.662319835,5.590934312,1018.840807,32.54691234
747,Luxembourg,2021,,,,,58.33730704,63.4296892,100.000020051,7.793289421,123.54312353,3.870284364,69.82088659,5.096518495,39.3442623,0.455933115,3.749625037,0.620827789,83.01201130100002,100.00000000200001,274.519793878,14.02129273,1.874812519,2.279665573,14.28329253,,,,,,,,,,,,,,,,3.5646972569999997,6.150591950999999,822.406821792,7.127490469,96.67896679,5.603300103,6.23216042,1158.83,25.08259492
748,Luxembourg,2022,,,,,,,,,122.88267293,4.286858974,72.76291666,5.300863777,,,,0.6157998499999999,76.978669525,99.999999996,193.048686821,14.69835545,1.837382465,2.245256895,14.69056954,,,,,,,,,,,,,,,,4.764716893,6.546402547,818.3395268360001,7.569653059,96.67896679,36.549100968,6.499001715,1156.307301,21.93621957
749,Luxembourg,2023,,,,,,,,,123.65967363,4.095430525,,,,,,0.687703619,88.204413358,100.000000003,174.077383952,13.99335884,1.794778988,2.198639775,,,,,,,,,,,,,,,,,5.888871845,6.364552758,816.313344449,6.833423566,96.67896679,38.22115385,4.476002291,1073.66909,
750,Malta,1994,,,,,198.0280606,23.68563603,,1.584292297,0.0,,,,,,,,,0.0,3.935294478,,,,,,,,,,,,,,,,,,,,0.334333275,57.228185284,457.845180208,,0.0,,,,
751,Malta,1995,,,,,199.6470201,29.04936719,,1.830962405,0.0,,38.79285917,19.92065741,,,,,,0.0,3.682427595,,,,15.34081029,,,0.004841355,0.642366126,0.0,0.0,0.0,0.004841355,100.0,0.642366126,0.0,0.0,0.0,97.73521016,,0.286503623,53.563463629,527.9967357630001,,0.0,,7.949725226,,41.25814678
752,Malta,1996,,,,,151.8471085,23.42443311,,1.433155657,0.0,,38.53161844,20.04287245,,,,,,0.0,2.537463106,,,,15.24011761,,,0.141785021,19.23971899,0.0,0.0,0.0,0.141785021,100.0,19.23971899,0.0,0.0,0.0,61.49733247,,0.27140392,46.776171325,470.67556359499997,,0.0,,7.15048673,,41.42550911
753,Malta,1997,,,,,200.3294573,30.19656529,,1.948159701,615.9375,,41.86870063,22.30999728,,,,,,0.0,2.372421549,,,,14.11488773,,,0.014229188,1.927989854,0.0,0.0,0.0,0.014229188,100.0,1.927989854,0.0,0.0,0.0,87.28680194,,0.277916004,52.386231035,519.165811133,,0.0,,8.119761035,,35.79406156
754,Malta,1998,,,,,164.443922,27.41344254,,1.689467851,678.125,,42.94670846,21.34273772,,,,,,0.0,2.792521973,35.90385455,0.373747362,,14.04409876,,,0.039156647,5.509198618,0.0,0.0,0.0,0.039156647,100.0,5.509198618,0.0,0.0,0.0,84.2816965,,0.289075896,51.712521179,538.310402366,,0.0,,7.456866875,,35.71055381
755,Malta,1999,,,,,143.8667442,24.81290827,,1.542409528,681.25,,41.91260581,20.06405857,,,3.096150968,,,0.0,2.547660212,34.93934005,0.371538116,,14.96405341,,,0.139707352,20.03120002,0.0,0.0,0.0,0.139707352,100.0,20.03120002,0.0,0.0,0.0,69.09645923,,0.344856139,47.37216452,503.746342643,,0.0,,8.111465518,,38.02333562
756,Malta,2000,,,,,105.5678623,21.43563659,,1.169992848,684.375,,40.60134112,19.20830629,,,3.845296049,,,0.0,3.510542995,34.64836639,0.361457829,,14.96988537,,,0.137009422,23.55178332,0.0,0.0,0.0,0.137009422,100.0,23.55178332,0.0,0.0,0.0,68.00141795,,0.335402084,50.088268214,522.5295895639999,,0.0,,7.803398973,,40.19035258
757,Malta,2001,,,,,97.64746897,17.08508615,,1.082017057,704.375,,45.36290323,18.32437276,,,4.070956777,,,0.0,3.370832883,32.77640275,0.34094263,,13.90394319,,,0.102709486,17.31748254,0.0,0.0,0.0,0.102709486,100.0,17.31748254,0.0,0.0,0.0,70.09902186,,0.32777161,51.512275122999995,535.834596988,,0.0,,8.108358314,,36.31272401
758,Malta,2002,,,,,60.82880499,12.31486829,,0.721041294,709.6875,,47.27587915,18.74690441,,,4.040720359,,,0.0,2.687328671,32.88141457,0.371241183,,12.5759133,,,0.219128081,37.61269748,0.0,0.0,0.0,0.219128081,100.0,37.61269748,0.0,0.0,0.0,47.09907049,,0.312930409,48.676796141000004,549.5758506230001,,0.0,,7.153734403,,33.97721644
759,Malta,2003,,,,,66.48702761,13.99391109,,0.915656001,695.9375,,45.93915011,19.86421926,,,4.26511985,,,0.0,2.198662172,31.20231816,0.426511985,,11.71670153,,,0.167742406,29.76932117,0.0,0.0,0.0,0.167742406,100.0,29.76932117,0.0,0.0,0.0,62.31948622,,0.240279691,41.263964509999994,564.047046829,,0.0,,6.584222067,,34.19663063
760,Malta,2004,12.46050021,1562.5,0.295011825,4483.038767,72.7851901,17.13500499,,1.109408176,695.9375,,46.61153228,19.66459913,,,3.239730056,1.084995407,16.487733887,0.0,1.90562978,31.15917885,0.473499008,,12.34298353,99.96611914,312.2380049,0.284517396,50.22569074,0.0,0.0,0.0,0.284517396,100.0,50.22569074,0.0,0.0,0.0,30.07958113,0.105824771,0.223890672,37.145349087999996,564.4656439510001,,0.0,,6.745018385,,33.70089593
761,Malta,2005,7.428795,937.5,0.267460209,4242.364437,78.74506995,19.17814582,100.0,1.24729468,695.9375,,49.73262032,18.65487454,,,3.962024,1.073768099,17.03175067,0.0,1.73382793,24.97861235,0.3962024,,12.95048345,,,0.693739808,125.8009657,0.0,0.0,0.0,0.693739808,100.0,125.8009657,0.0,0.0,0.0,16.95893825,,0.214170525,35.423106878,561.86948106,,0.0,,6.098663874,,31.61250514
762,Malta,2006,4.934518934,625.0,0.260451432,4372.383471,76.36922929,19.6040416,99.999999997,1.282064504,695.9375,,51.68767792,20.23180155,,,2.467259467,1.056113375,17.729726525000004,0.0,1.713796003,30.8633188,0.518124488,,12.69882256,,,0.491336945,91.00381992,0.0,0.0,0.0,0.491336945,100.0,91.00381992,0.0,0.0,0.0,18.92691547,,0.219766377,34.213752508,574.370602133,,0.0,,6.321332187,,28.08052054
763,Malta,2007,4.917339523,625.0,0.270158929,5297.582636,67.09917293,19.70656967,99.999813141,1.31576204,967.5,,47.19101124,17.65917603,,,3.442137666,0.850980551,16.68699167,0.0,1.491316144,,,,13.13039416,,,0.447046395,86.45179826,0.0,0.0,0.0,0.447046395,100.0,86.45179826,0.0,0.0,0.0,32.58820494,,0.209989576,30.100913636999998,590.252849561,,0.0,,6.850165653,,35.14981273
764,Malta,2008,9.770896895,1250.0,0.269942336,6018.647757,63.96575844,21.43125365,100.00000000099999,1.426179653,967.5,5.707038681,49.63109592,18.62515746,,,3.664086336,0.673566334,15.017868532,0.0,1.288737929,,,,13.28821827,,252.8972683,0.259379951,51.74176849,0.0,0.0,0.0,0.259379951,100.0,51.74176849,0.0,0.0,0.0,6.629121293,,0.187155468,27.051992859,603.15257991,,0.0,,6.238179233,,31.76174195
765,Malta,2009,12.12188801,1562.5,0.300141945,6353.059686,59.0629929,20.54501875,99.99980607799999,1.2501691,967.5,6.206459785,50.7866813,17.47164288,,,5.091192963,0.750443341,15.884522041000002,0.0,0.764187725,,,,13.00066597,,,0.059130388,11.57426972,0.0,0.0,0.0,0.059130388,100.0,11.57426972,0.0,0.0,0.0,87.01724091,,0.22825985,28.86206009,610.918911795,,0.0,,6.287436846,,31.74167581
766,Malta,2010,12.06249337,1562.5,0.314276693,6850.890695,62.35095668,21.78099467,100.0,1.359182452,737.8125,5.669781931,51.2195122,18.53315012,,,3.61874801,0.571945601,12.467793139,0.0,0.745145072,,,,12.90165315,,335.466988,0.184625954,37.95511028,0.0,0.0,0.0,0.184625954,100.0,37.95511028,0.0,0.0,0.0,66.42306111,,0.188121076,28.645421769,624.4390940870001,,0.0,,5.697800763,,30.24733768
767,Malta,2011,12.0114926,1562.5,0.251528401,5824.166162,57.46626452,21.52701749,99.999999997,1.330637954,737.8125,5.900243309,51.36848616,18.78769136,,,4.083907483,0.7595400050000001,17.58722746,0.0,0.659008075,,,,13.34888329,,,0.250419651,51.50228857,0.0,0.0,0.0,0.250419651,100.0,51.50228857,0.0,0.0,0.0,61.02321379,,0.173649976,27.579155927000002,638.59821077,,0.0,,5.342343341,,29.8592856
768,Malta,2012,7.142380984,937.5,0.296740265,6684.530555,57.5354049,20.04680374,99.999999996,1.296080261,737.8125,5.68248389,51.66641069,20.73414222,,,2.142714295,0.712551195,16.051310862,0.0,0.556555116,17.38637598,0.391654842,,12.92147096,,,0.363195744,77.07579525,0.0,0.0,0.0,0.363195744,100.0,77.07579525,0.0,0.0,0.0,47.54316473,,0.162242369,28.396993513,639.6859256739999,,0.0,,6.017948033,,27.59944709
769,Malta,2013,9.390398787,1250.0,0.332462878,8234.971254,51.60028851,22.95702649,99.999999996,1.278110746,753.125,5.599104143,53.12943402,21.29906984,7.381587041,0.564927423,4.225679454,0.789022449,19.543767475,0.0,0.335607026,15.72614149,0.389530175,0.520759514,12.04679695,,350.2958212,0.139294786,30.74394453,0.0,0.0,0.0,0.139294786,100.0,30.74394453,0.0,0.0,0.0,69.26523599,,0.151966577,30.198471804999997,748.003953388,231.1148639,0.0,,5.983841264,7653.197332,25.57149614
770,Malta,2014,9.204755177,1250.0,0.306262537,8193.525375,47.38735848,23.38020255,99.99981847999999,1.267766328,891.875,5.460385439,52.43791641,22.24409449,,0.30319936,2.301188794,0.791082012,21.164033343,0.0,0.294344095,14.84579753,0.39717368,0.523306935,12.03550145,,,0.440205409,102.5069285,0.0,0.0,0.0,0.440205409,100.0,102.5069285,0.0,0.0,0.0,30.90288807,,219.475426768,28.369197015,758.96888334,,0.0,,5.696034301,,25.3179891
771,Malta,2015,6.7407702,937.5,0.252887088,6302.379717,53.0581728,35.51304132,99.99983007700001,1.322298693,891.875,4.835390947,48.52150538,24.43249701,4.103222148,0.323067615,2.47161574,0.935853157,23.323064891,0.0,0.302213852,16.49959605,0.411198217,0.537481717,11.65372968,,,,,0.0,0.0,0.0,,,,0.0,0.0,0.0,,,237.892704662,30.697967063,765.045960832,241.7007573,0.0,66.50315347,5.676647744,7873.510218,27.04599761
772,Malta,2016,6.588251829,937.5,0.264117019,6767.715809,50.41225485,43.49622353,99.999999999,1.29175634,892.1875,5.425219941,47.69407047,23.8040676,6.580716783,0.652384181,5.050993069,0.907781195,23.260921126000003,0.0,0.209290189,15.41670156,0.39503647,0.510227475,11.7474846,,,,,0.0,0.0,0.0,,,,0.0,0.0,0.0,,,193.649202947,30.215349657,774.2359824309999,299.542083,0.0,66.51488616,5.622512153,9913.573278,28.51618447
773,Malta,2017,,,,,45.15765354,40.04408402,100.000000004,1.301594662,0.0,5.765682657,47.09133619,25.48017134,5.368444846,0.519771848,4.059837735,0.800175494,23.055604821,0.0,0.195483096,14.00941323,0.40365582,0.516791421,11.22172086,,,,,0.0,0.0,0.0,,,,0.0,0.0,0.0,,,178.395019878,27.108447732,781.080728834,262.4634948,0.0,,5.621834486,9681.981699,27.44231035
774,Malta,2018,,,,,44.13804535,43.4932215,100.000000003,1.393277346,892.1875,4.896907216,46.48228397,26.96915626,5.325317744,0.475659449,3.7141737,0.754330257,23.977054665,0.0,0.333865793,13.75510181,0.437218082,0.559927803,11.17456881,,,,,0.0,0.0,0.0,,,,0.0,0.0,0.0,,,161.030482616,24.565848914,780.8472442670001,219.4231166,0.0,,5.506666477,8932.038835,26.54855978
775,Malta,2019,,,,,45.20838321,43.28707988,99.999860719,1.424360495,892.1875,4.817813765,46.01969391,28.82904259,5.048528985,0.409917965,3.174212696,0.746911949,23.71533661,0.0,0.420317607,31.2410887,0.991941468,1.280993641,11.28425506,,,,,0.0,0.0,0.0,,,,0.0,0.0,0.0,,,155.694502236,24.388168453,774.353154925,198.0210159,0.0,,5.558972738,8119.552575,25.1512635
776,Malta,2020,,,,,39.53386856,36.92982407,100.000168115,1.154269481,892.1875,5.327545383,54.22042593,18.4361884,4.921058027,0.303999878,2.328595934,0.508786918,15.056313213000001,0.0,0.190426241,11.80327942,0.34928939,0.455999818,11.02447217,,,,,0.0,0.0,0.0,,,,0.0,0.0,0.0,,,127.39996319000001,25.884395054,765.9858111440001,159.9016493,0.0,,3.295694377,6177.530862,27.34338567
777,Malta,2021,,,,,35.61278265,39.11579344,99.999999997,1.218605844,892.1875,5.182341651,50.33149171,23.5359116,3.153479865,,1.735655769,0.561629174,19.603267657,0.0,0.151790039,10.48349958,0.366416218,,10.99101287,,,,,0.0,0.0,0.0,,,,0.0,0.0,0.0,,,129.665866607,22.236882015000003,777.217010952,157.4726472,0.0,,4.307635018,,26.13259669
778,Malta,2022,,,,,,,,,887.8125,5.373241976,44.00357662,30.27830558,9.593246355,,5.271947778,0.709971719,24.539034071000003,0.0,0.0,11.98448384,0.414224468,,10.72254647,,,,,0.0,0.0,0.0,,,,0.0,0.0,0.0,,,130.4075266,22.492479263,777.4164820240001,158.9970576,0.0,66.38507568,,,25.7181178
779,Malta,2023,,,,,,,,,887.8125,4.822934233,41.26840998,33.20308586,5.316962406,,2.892190002,0.041799877,1.5834740269999998,0.0,0.0,12.88352374,0.488057063,,10.33657829,,,,,,,,,,,,,,,,117.9508196,2.574700646,97.53549258999999,143.5910235,0.0,66.38507568,,,25.52850416
780,Mexico,1994,,,,,184.5745977,31.49250425,100.000000005,1.103108989,,,54.18939872,36.37617202,,,5.791805878,0.751823123,4.712967386,100.0,707.1537136740001,77.65879141,0.486821089,,13.99113306,,,,,,,,,,,,,,,,6.735311587,13.632644927,85.45921106,,,,5.632163109,,9.434429259
781,Mexico,1995,,,,,248.2509002,30.68216389,99.99999888299999,0.993539505,,,54.76355117,36.7521978,,,5.199535683,0.375649596,1.587269972,100.0,1054.920478432,92.04056253,0.388908234,,14.56511729,,,0.285064816,22.94893789,0.057933307,20.32285423,4.663879193,0.227131509,79.67714577,18.28505869,0.0,0.0,0.0,22.869587,,5.034673659,20.304641135999997,85.795239748,,,,5.88416272,,8.484251022
782,Mexico,1996,,,,,223.1498034,30.08980389,99.999998909,1.001331899,,,53.03002435,36.32493214,,,5.251862569,0.458084833,2.161507221,100.0,984.10964074,88.49262248,0.417558995,,15.67136288,,,0.247624825,20.79733305,0.046237064,18.67222468,3.883324755,0.201387762,81.32777532,16.9140083,0.0,0.0,0.0,27.53955037,,4.196793605,18.753226904,88.488490481,,,,6.180476581,,10.6450435
783,Mexico,1997,,,,,191.2528814,29.62831377,100.000001045,1.027074761,,,52.58169997,35.16501677,,,5.338951291,0.579769361,3.256813945,100.0,751.3182782900001,78.36228781,0.440194686,,16.48355969,,,0.324510942,28.7139415,0.050635548,15.60364888,4.480422611,0.273875394,84.39635112,24.23351889,0.0,0.0,0.0,19.6405312,,2.913874999,16.633133653999998,93.435468029,,,,6.494217465,,12.25328326
784,Mexico,1998,,,,,186.7218265,28.46464697,100.0,1.037372665,,,50.85902561,36.1458475,,,5.343616263,0.764247044,4.495623194,100.0,811.1826956909999,75.71171709,0.445368227,,16.67155116,,,0.222089663,20.52082109,0.056626875,25.49730351,5.232256035,0.165462788,74.50269649,15.28856505,0.0,0.0,0.0,30.74742162,,0.8569519879999999,17.014195167,100.084666353,,,,6.64650092,,12.99512689
785,Mexico,1999,,,,,168.3864812,30.08965519,100.000000004,1.049165177,,,48.73653025,37.7888344,,,5.300264774,0.718741323,4.709668291,100.0,777.472471777,66.73314303,0.437279669,,17.03747778,,,0.247993573,23.16363292,0.064352993,25.94946012,6.010837687,0.183640579,74.05053988,17.15279523,0.0,0.0,0.0,30.35180111,,0.434948719,15.914078718,104.279564161,,,,6.792829763,,13.47463535
786,Mexico,2000,,,,,149.1887871,29.3582941,100.00000094800001,1.079069172,,,49.39171641,34.86899357,,,5.337505143,0.79973848,6.063493711,100.0,653.695103909,58.61258638,0.444391583,,18.24490757,,,0.215866538,20.84280004,0.05342043,24.74697125,5.157961733,0.162446108,75.25302875,15.68483831,0.0,0.0,0.0,26.58258831,,0.138659975,14.382233076,109.04387117600001,,,,6.927673696,,15.73929002
787,Mexico,2001,,,,,142.5717191,29.91800076,99.999999999,1.085418882,,,48.05703261,35.82741504,,,5.178365984,0.837797596,6.7100536,100.0,599.6094909579999,55.83473704,0.44718925,,17.6648191,,,0.172821217,16.35804832,0.041022668,23.73705545,3.882918999,0.131798549,76.26294455,12.47512932,0.0,0.0,0.0,30.37610541,,0.109504712,14.956479843,119.78881518,,,,6.90974252,,16.11555235
788,Mexico,2002,,,,,142.1840089,29.82256501,100.000000004,1.087840165,,,48.62114159,34.37635492,,,4.819798543,0.877510464,7.049034643,100.0,603.668499338,55.98223611,0.449704862,,17.87246559,,,0.209475051,19.48004131,0.039316494,18.76905813,3.656220278,0.170158557,81.23094187,15.82382103,0.0,0.0,0.0,27.87116059,,0.10931585799999999,15.942194619,128.063523791,,,,6.726154128,,17.0025035
789,Mexico,2003,,,,,159.5704637,30.10339701,100.000000855,1.136201081,,,48.31817854,35.27707663,,,4.539714846,0.903688889,6.754109645,100.0,651.837384898,62.8700975,0.469886857,,17.27358135,,,0.281905764,26.13600499,0.029715965,10.54109886,2.755022124,0.252189798,89.45890114,23.38098287,0.0,0.0,0.0,18.80557104,,0.128876246,17.620883769,131.697293664,,,,6.590581639,,16.40474483
790,Mexico,2004,0.375195488,2.00622444,0.017367529,136.9173186,156.93086,30.99591962,99.999999997,1.18098122,,,50.20056995,33.92310947,,,4.428268794,0.905178653,7.135996906,100.0,620.8593521390001,62.25546976,0.49079244,,17.82017669,54.69587673,46.69965074,0.334939386,31.69342883,0.029092632,8.685939341,2.752872003,0.305846754,91.31406066,28.94055682,0.0,0.0,0.0,15.73025005,38.68091821,0.11613498,17.292993392,136.32971444199998,,,,6.508849196,,15.87632058
791,Mexico,2005,0.379354029,2.057666092,0.017294399,150.4978424,148.4190412,31.58074042,99.99999923,1.235122461,,4.242565319,52.48962767,31.6880829,,,4.466893689,0.778151594,6.771564252,100.0,563.3699672319999,58.93069102,0.51282162,,18.45723471,,,0.417154729,39.73605624,0.030140209,7.225186869,2.871004318,0.387014521,92.77481313,36.86505192,0.0,0.0,0.0,14.32862914,,0.103378997,16.51940384,143.753743353,,,,6.597996096,,15.82228943
792,Mexico,2006,0.374227723,2.057666092,0.015651488,149.3979378,140.8745459,32.19009306,100.000000002,1.285534854,,4.206504795,54.61853754,30.07424879,,,4.690944503,0.667416761,6.370684347,100.0,540.611435962,57.00548536,0.544133703,,19.30647432,,,0.359257051,35.37883236,0.04559395,12.69117743,4.489990386,0.313663101,87.30882257,30.88884197,0.0,0.0,0.0,15.61192766,,0.095311517,17.097822635,163.203619478,,,,6.594703486,,15.30721367
793,Mexico,2007,0.387800989,2.160549397,0.015366673,156.4087904,137.9056464,33.49866784,100.00000068599999,1.340432935,,4.111061749,55.34093513,29.579938,,,4.984166039,0.581839496,5.922219698,100.0,543.928260945,55.78911102,0.567846244,,19.25908935,,,0.338701221,33.59991515,0.0698819,20.6323142,6.932440063,0.268819321,79.3676858,26.66747508,0.0,0.0,0.0,17.66856411,,0.095207497,17.143022427,174.489263572,,,,6.525727838,,15.07912687
794,Mexico,2008,0.392033554,2.211991049,0.014128966,149.6250669,136.2025126,34.79156834,99.999999335,1.378345055,,4.183498715,59.33828975,27.46773479,,,4.904066244,0.507231066,5.371552581,100.0,520.188528538,55.380851,0.586480547,,20.03786973,54.75759146,33.67844146,0.383855324,37.95668869,0.06280283,16.36106795,6.210119629,0.321052494,83.63893205,31.74656906,0.0,0.0,0.0,21.33383118,27.8261656,0.169450639,17.936584689,189.947568655,,,,6.308723828,,13.19397546
795,Mexico,2009,0.351194965,2.00622444,0.015895636,135.0438113,164.0987853,34.73632343,99.999999999,1.330007949,,4.305216093,55.69268769,32.54875552,,,4.384534065,0.465446879,3.954275208,100.0,595.995079365,67.11778543,0.570209421,,17.91482269,,,0.509311314,46.61379336,0.064437399,12.65186878,5.89751597,0.444873915,87.34813122,40.71627739,0.0,0.0,0.0,18.18159524,,0.492590354,23.377217871000003,198.60473302399998,,,,6.399698862,,11.75855679
796,Mexico,2010,0.346566852,2.00622444,0.013842738,135.9794856,142.3510247,34.18673299,100.000000667,1.338094608,,4.1050271,60.17342619,27.62658681,,,4.412951253,0.455705586,4.476470737,100.0,541.890549338,58.33526548,0.573036884,,20.4480075,56.48195419,37.29940158,0.523878269,49.6620581,0.052089935,9.943137172,4.937966559,0.471788335,90.05686283,44.72409154,0.0,0.0,0.0,16.91784587,28.7383305,0.7908900769999999,20.462425386000003,201.00576188,,,,6.75290218,,12.199987
797,Mexico,2011,0.350414643,2.057666092,0.013397245,144.2429139,128.4711512,33.22491486,99.99999999699999,1.328584441,,4.012534024,62.06208927,25.81219815,,,3.852808995,0.481769242,5.187021507,100.0,499.61249597799997,52.62043157,0.566543662,,21.45145136,,,0.516675032,49.95032142,0.073530121,14.23140596,7.108633022,0.44314491,85.76859404,42.8416884,0.0,0.0,0.0,17.33772985,,0.7490062439999999,19.540069352,210.38030492000001,,,,6.653206231,,12.12571258
798,Mexico,2012,0.371471317,2.211991049,0.013723454,148.7997472,126.9731403,33.19285381,100.000000003,1.317484795,,4.000790035,61.35354722,25.78494986,,,3.928957095,0.516992758,5.605614483,100.0,499.07790868200004,52.09635159,0.564866835,,21.57457314,,,0.468618905,46.26117431,0.060495644,12.9093477,5.972015843,0.408123261,87.0906523,40.28915846,0.0,0.0,0.0,17.12893691,,0.799060696,20.309265622,220.207946333,,,,6.715111391,,12.86150291
799,Mexico,2013,0.358084699,2.160549397,0.013936346,157.7244761,118.2000927,33.50322701,100.00000066099999,1.284325245,16.65161141,4.076564411,61.41195206,25.76268427,7.353911964,,3.324219623,0.525989085,5.95287677,100.0,472.31279166999997,48.28772421,0.546495887,,21.85918948,56.19888928,40.89049507,0.487953122,47.94723469,0.069932146,14.33173451,6.871670381,0.418020976,85.66826549,41.0755643,0.0,0.0,0.0,20.80463341,31.86983097,0.807561545,20.370625092,230.544367369,399.4120124,,14.049471887,6.982365606,,12.82536367
800,Mexico,2014,0.353666678,2.160549397,0.01505189,172.946542,114.9799848,34.83143278,100.000000664,1.273533732,16.65161141,4.14586462,62.17171991,25.04456582,7.108412686,,3.186368352,0.546167669,6.275478368,100.0,468.848597737,46.70474033,0.536638479,,22.13438327,,,0.571861275,56.88538107,0.097025245,16.96657032,9.651498181,0.474836029,83.03342968,47.23388289,0.0,0.0,0.0,18.73559281,,0.871794645,20.639818034999998,237.151956975,390.123847,,14.049471887,7.065265244,,12.78371427
801,Mexico,2015,0.316271599,1.954782788,0.019215769,194.0441614,128.4320288,34.01894284,100.00000000200001,1.252649022,16.8953934,4.179585875,56.13075014,27.2759688,6.374371683,,2.952145685,,,100.0,541.014585101,,,,20.74305354,,,0.497968271,50.28569944,0.105157862,21.11738191,10.6190232,0.392810409,78.88261809,39.66667624,0.0,0.0,0.0,20.25103419,,1.201659451,24.645880121,248.878365617,458.6248556,,14.244393153,7.153528477,,16.59328106
802,Mexico,2016,0.345624335,2.160549397,0.022356332,204.6216294,144.539748,34.93804178,100.00000064,1.282802126,19.52210705,4.2594043,51.75930635,28.76840189,5.749651717,,2.778161325,,,100.0,604.523106475,,,,19.79853243,,,0.471201826,47.87940593,0.134809396,28.60969291,13.69815101,0.336392431,71.39030709,34.18125493,0.0,0.0,0.0,24.4327669,,1.379488489,28.833553449,263.905937994,527.9161267,,13.982081689000001,7.073789762,,19.47229176
803,Mexico,2017,,,,,130.6167293,33.94081472,99.99999999600001,1.232287621,22.84539211,4.3870486,51.37274664,29.05896601,5.039639065,,2.377904302,,,100.0,575.980907286,,,,19.6676167,,,0.361086443,36.97779118,0.156463751,43.33138352,16.02298851,0.204622692,56.66861648,20.95480266,0.0,0.0,0.0,25.40303925,,1.350893441,29.358423197,284.580887032,486.7679065,,14.064980424,7.067483303,,19.56828735
804,Mexico,2018,,,,,120.560059,35.40834801,100.000000002,1.188361404,31.0614985,4.542284976,52.26546958,29.95709158,5.058039055,,2.414246259,,,100.0,555.754904412,,,,19.54735719,,,0.353275694,36.53985582,0.1367587,38.71160738,14.14516552,0.216516994,61.28839262,22.3946903,0.0,0.0,0.0,25.8083307,,1.317813738,29.303345249,296.852284962,471.1684421,,13.420887022,7.229760892,,17.77743884
805,Mexico,2019,,,,,118.3075529,35.47982726,99.999999994,1.200248181,40.87162736,4.4588118,50.95176994,32.00443994,4.979649527,,2.433539139,,,100.0,533.659655461,,,,19.20939691,,,0.263969352,26.99340343,0.068677666,26.01728791,7.022951486,0.195291685,73.98271209,19.97045194,0.0,0.0,0.0,35.97154198,,1.2572202250000002,29.76286206,310.562596804,468.34415,,10.815154735,7.291236518,,17.04379012
806,Mexico,2020,,,,,98.2208867,30.05590145,99.999999997,0.850101512,42.44265542,,56.50629307,26.0356178,4.787962899,,2.160346574,,,100.0,583.467063165,,,,15.92983868,,,0.198168192,18.37943901,0.040469624,20.4218564,3.753422643,0.157698568,79.5781436,14.62601637,0.0,0.0,0.0,34.254795,,0.49707084,35.840321494,318.821709204,507.2203424,,10.796859394999998,6.52580849,,17.45808913
807,Mexico,2021,,,,,82.71935936,28.04022678,99.999999996,0.830971914,42.70053242,4.262980764,58.45567086,26.58250724,5.138800593,,2.602893657,,,100.0,522.8485095259999,,,,17.94562691,,,0.209926066,20.49800905,0.033607465,16.00919106,3.281565432,0.176318601,83.99080894,17.21644362,0.0,0.0,0.0,34.42965575,,0.39618449099999997,31.867283175000004,330.246797099,488.7661095,,10.971632752,6.996776375,,14.9618219
808,Mexico,2022,,,,,,,,,42.86478562,4.374987788,57.26524791,28.30562554,3.631256415,,1.897977811,,,100.0,469.42307515000005,,,,19.43338889,,,0.216163593,21.74528948,0.039595174,18.31722591,3.983133799,0.176568419,81.68277409,17.76215568,0.0,0.0,0.0,32.61845839,,0.562418208,29.968451498999997,343.938292232,455.4261739,,11.231893624000001,7.474845453,,14.42912655
809,Mexico,2023,,,,,,,,,45.05918362,4.594355375,54.01250832,28.53347013,2.867762899,,1.451085417,,,100.0,399.11077198,,,,20.49488577,,,,,,,,,,,,,,,,0.56739196,25.888520419000002,360.52647683,363.3455132,,15.528673587,7.704612177,,17.45402155
810,Netherlands,1994,,,,,77.31893693,18.30594686,100.00000000300001,1.905678133,331.101895772,,,,11.93519319,,8.437974839,1.158362179,28.550128390999998,99.999999997,429.296806763,21.38521285,0.527080894,,,,,,,,,,,,,,,,,,410.17221964199996,18.695808698,460.795205679,286.843542,70.77852826,49.719639891,,,
811,Netherlands,1995,,,,,65.38311717,17.95982683,99.99999999699999,1.912925902,344.29206157199997,,51.48161371,12.53123884,12.10987854,,8.629274094,1.00198534,29.315274221,100.0,364.56537417,18.54795507,0.542661022,,12.46661919,,,,,,,,,,,,,,,,350.69846824499996,15.965833855,467.11541478099997,243.5577106,70.77852826,49.217950976,5.237083274,,35.98714745
812,Netherlands,1996,,,,,68.42027336,17.69071151,99.999996754,1.984584847,350.79976307199996,,52.30028874,12.09817132,11.29713914,,8.055118387,1.067474477,30.962947875,99.999999997,375.82240704699996,19.76360611,0.573259145,,12.43343505,,,,,,,,,,,,,,,,355.66302800999995,16.558017120000002,480.278481708,245.8208116,70.77852826,49.680410317,5.020304943,,35.60153994
813,Netherlands,1997,,,,,73.95320261,18.47507062,99.999999997,1.974483894,352.482227489,,52.62923152,12.77819901,10.8431302,,7.911265706,1.165240718,31.11087623,99.999999999,438.899635837,21.7207563,0.579924603,,12.56669805,,,0.490995702,,0.131961869,26.87637969,,0.30402714,61.9205298,,0.055006693,11.20309051,,29.74326863,,396.165408916,18.262801343,487.60032417099995,273.271731,73.36898396,50.890329024,5.184556665,,34.59256947
814,Netherlands,1998,,,,,72.01004078,18.86546978,100.000000004,2.008105514,352.194905245,,49.81094445,13.13832218,9.994780793,,7.315112443,1.2624260120000002,35.204599368,100.000000008,423.286647748,20.61556568,0.57489526,,12.56401556,,,0.536146794,,0.127569459,23.79375591,,0.342383241,63.85998108,,0.066194093,12.34626301,,26.78958785,,381.305035893,15.549551817000001,433.62203944,262.4546434,73.3974359,52.42951771,5.311030061,,37.05073337
815,Netherlands,1999,,,,,71.7874091,19.80953787,100.00000000399999,2.029619807,356.15521324499997,,48.65825221,12.72161972,10.22413793,,7.500590687,1.3884568050000001,39.255346925999994,99.999999997,440.95558682300003,20.35568506,0.575509066,,13.08063251,,,0.549994159,,0.116340334,21.15301257,,0.357603484,65.01950585,,0.076050341,13.82748158,,25.77931717,,383.44684228299997,16.084160866,454.741777308,259.4790623,73.3974359,53.346674612,5.025229723,,38.62012807
816,Netherlands,2000,,,,,76.88731422,19.73077324,99.99999999900001,2.015562387,394.001777233,,50.64315851,13.0998525,,,7.321585182,1.454189226,38.120844207000005,99.999999992,466.47896529999997,22.61189583,0.592759555,,13.27991545,,,0.628087618,291.0816666,0.157077213,25.00880592,72.79604907,0.382073729,60.83127862,177.0686996,0.088936676,14.15991546,41.21691792,23.27854287,,411.933885981,17.843772789,467.765591009,,73.59029265,1.739457658,4.893675195,,36.25698899
817,Netherlands,2001,,,,,75.01142776,19.30923543,99.999999996,2.017548476,394.71563983,,52.10153561,13.60206513,,,6.74926992,1.25056395,33.635856013,100.00000000200001,448.715794011,22.38251514,0.602012442,,13.04685746,,,0.631276186,300.1841691,0.169336413,26.82445759,80.52277513,0.38328965,60.71663379,182.2617226,0.078650123,12.45890861,37.39967129,22.91318865,,399.92659367799996,17.75826435,477.63604794599996,,73.37130651,1.915720561,4.835588594,,34.29639926
818,Netherlands,2002,,,,,69.91790731,19.73196331,99.999999996,2.051618284,397.911729874,,50.79549742,13.72154446,,,6.601056949,1.094004212,32.101633493,99.999999996,400.03965850599997,20.88412967,0.612808131,,13.11013187,,,0.825921854,396.5005305,0.268988321,32.5682532,129.1332967,0.454765862,55.06160908,218.3195721,0.102167671,12.37013771,49.04766166,21.89856066,,369.622251058,16.558821679,485.88955957999997,,73.3784747,1.912886132,4.703836631,,35.48295812
819,Netherlands,2003,,,,,58.02240604,19.69319885,99.999999995,2.074357568,400.500592401,,51.68035614,13.50868393,,,6.705576266,0.856085873,30.605901822,100.0,337.30864453000004,17.46340017,0.624333526,,12.83952406,,,0.80049141,389.5457469,0.253115189,31.61997564,123.1742703,0.453969306,56.71132765,220.9165648,0.093406915,11.66869671,45.45491175,20.13722127,,303.796713976,13.670542734,488.735186576,,73.42582711,1.91996858,4.689539924,,34.81095993
820,Netherlands,2004,0.3685101,17.77251185,0.040669473,1644.535219,51.93091492,19.80541613,99.99999999900001,2.099910581,403.42120850099997,,52.98704415,14.14047505,,,5.410956628,0.748457053,30.26505887,100.000000001,318.111877331,15.67484317,0.633837371,,13.11439303,99.95405436,111.3890326,0.731362628,356.1322663,0.198569393,27.15060708,96.69207231,0.440971422,60.29449755,214.7281606,0.091821813,12.55489538,44.71203344,20.74702886,0.051201928,275.758152924,12.209970726,493.72970854,,73.42582711,1.938013555,4.792090749,,32.87248081
821,Netherlands,2005,0.306375027,14.81042654,0.039904938,1675.796826,50.22790886,20.422196,99.999999998,2.109306644,389.837085316,,53.5734072,14.54147835,,,5.006167942,0.691724147,29.048764368,100.0,302.599360454,15.1164004,0.634809056,,13.12621761,,,0.548210782,269.0550823,0.199679424,36.42384106,98.00019554,0.296977761,54.17218543,145.7530181,0.051553597,9.40397351,25.30186867,30.7073274,,262.042119001,11.830179584,496.80512117,,69.53736655,54.807878943000006,4.829544877,,31.88511445
822,Netherlands,2006,0.305883342,14.81042654,0.040194463,1804.768489,48.10773142,21.49411993,100.000002829,2.160082273,391.57582940699996,,53.79258475,15.12019833,,0.852688271,4.961427805,0.67649377,30.375194668,99.99999999799999,282.740764474,14.59382616,0.655276264,1.126180621,13.39340012,,,0.456593664,218.3988553,0.120264273,26.33945298,57.5250638,0.282954635,61.97077557,135.3434645,0.053374756,11.68977145,25.53032703,38.60430586,,244.62868851599998,12.958690541000001,581.857165867,,75.50947443599999,2.012380312,4.831273213,,31.08721691
823,Netherlands,2007,0.305218703,14.81042654,0.035603142,1844.215581,40.76496223,20.96022328,100.0,2.11159278,392.790284348,,53.55760318,15.50079058,,0.808379678,4.828559876,0.6079079780000001,31.489169376,99.999999999,248.095310421,12.80994661,0.66354546,1.110883325,13.14423108,,,0.450280214,215.976143,0.13647302,30.30846485,65.45905338,0.271330975,60.25824964,130.1434434,0.042476218,9.433285509,20.3736462,39.37206785,,214.693122908,11.531315953000002,597.313367284,,76.008568365,1.989137552,4.789841577,,30.94160624
824,Netherlands,2008,0.304032819,14.81042654,0.03222506,1865.183761,36.71775146,21.09097907,99.999997138,2.125221389,394.57938387,5.220595915,53.94587459,15.96039604,,0.745597322,4.560492285,0.53775646,31.125299035,100.00000000200001,224.700305856,11.46165459,0.663399611,1.084595572,13.18152394,99.9946299,79.89383798,0.507418132,234.5762291,0.126700021,24.96954933,58.57262724,0.338999811,66.80876979,156.7174929,0.0417183,8.221680877,19.28610897,35.94160584,0.004290606,187.60827182,10.567676002,611.656204838,,77.73545706,57.158422978999994,4.683282486,,30.09372937
825,Netherlands,2009,0.302473239,14.82359917,0.032952079,1737.305803,38.37263891,20.76844115,99.999999997,2.023090444,396.709160939,4.871531837,55.05079007,15.75902935,,0.70378411,4.355614641,0.44585295700000005,23.506344796,100.00000000200001,218.01072134700001,12.16268241,0.641243267,1.036126607,12.75283466,,,0.560461685,258.9257651,0.124511477,22.21587664,57.52262858,0.378175603,67.47572816,174.7120454,0.057774605,10.3083952,26.69109115,25.92476489,,17.703711981999998,11.738606388,618.885049748,,77.520718237,57.498816012,4.404622638,,29.19018059
826,Netherlands,2010,0.300925756,14.82359917,0.035394817,1805.126619,40.18800358,19.83339805,99.99999999799999,2.04957794,416.12807586,4.68866391,54.29553265,15.56755577,4.389346833,0.614493069,3.851849676,0.576068011,29.379321374,100.00000000099999,240.371708339,12.47373011,0.636157048,1.014873709,12.93894706,99.99518096,100.7024908,0.570881448,257.3577923,0.171624266,30.06303097,77.36955278,0.359832099,63.03096739,162.2151061,0.039425082,6.906001644,17.77313337,34.45426047,0.004853126,17.261399893,12.29091857,626.833706062,172.0685231,78.19449053999999,55.436230863999995,4.452453948,13999.64715,30.13691158
827,Netherlands,2011,0.359430504,17.79359431,0.035602063,1930.710725,37.71898591,21.42404262,99.99999999799999,2.045512408,417.27461444100004,4.697954199,55.40736445,15.56709455,4.472108521,0.625410041,3.959726052,0.623360643,33.805037940999995,100.000000003,226.475129001,11.9113569,0.645956521,1.020241524,12.97068698,,,1.105667071,483.3537655,0.289205654,26.15666702,126.429235,0.74561852,67.43607907,325.9548274,0.070842897,6.407253914,30.96970306,13.82594083,,18.259690892000002,11.675036374000001,633.140786448,163.2716412,78.19449053999999,1.925311565,4.380916172,13984.67944,29.025541
828,Netherlands,2012,0.358102871,17.79359431,0.038893999,1947.42835,38.95448037,20.68123525,99.999996943,1.950456348,417.606761541,4.671931265,58.00440684,16.51206442,4.444626788,0.611235103,3.879447772,0.609084178,30.496935776,100.000000001,237.903218785,12.39803227,0.620771327,0.978070201,12.55520074,,,1.09096568,464.2523496,0.274302184,25.14306264,116.727259,0.744596745,68.25116124,316.8576197,0.07206675,6.605776122,30.66747086,16.74045737,,19.229015744,12.676014725,634.689950369,174.3234142,78.19449053999999,1.928826449,4.454110923,13752.2256,25.48352874
829,Netherlands,2013,0.416556775,20.77767884,0.038631642,2016.529449,36.26573705,20.28776035,99.99999686000001,1.893031493,411.237756019,4.427526524,57.94165316,17.69127592,4.325883201,0.535237904,3.391962311,0.574719035,29.999704836000003,100.000000009,237.07721935200001,12.26439984,0.640188255,1.010191117,12.03578515,99.99180199,102.6540095,1.05551512,451.6970792,0.261335609,24.75905874,111.8359452,0.709598479,67.22769443,303.6655321,0.084581032,8.013246827,36.19560187,17.69745469,0.008416279,20.216600266,12.140672814000002,633.729839927,150.2155275,78.19449053999999,1.967048615,4.553917636,12372.91621,24.36707092
830,Netherlands,2014,0.355766211,17.809439,0.039214449,2074.465959,31.85027979,19.03702409,99.999999999,1.684896918,412.570495676,4.343563124,56.78950447,17.91593549,4.311779479,0.531981764,3.379779008,0.5367855420000001,28.396250982999998,99.999999997,235.875001261,11.35996527,0.600948425,0.945900908,11.87280905,,,1.09301103,473.8007575,0.238709125,21.83958977,103.4761418,0.76649075,70.12653388,332.2600488,0.087811155,8.033876349,38.064567,19.38701392,,18.196071066000002,12.00967795,635.3185838960001,148.17385,79.05672823100001,1.969653509,4.708284302,12337.87039,25.29456004
831,Netherlands,2015,0.295160728,14.85001485,0.048212912,2178.906598,37.67186753,18.32959774,99.99999999500001,1.702519899,413.463023502,4.280424616,54.87580623,18.4575271,4.629871243,0.570944234,3.665896238,0.721946707,32.627243941,100.0,270.97188598,13.45397271,0.608031099,0.946976749,11.75000403,,,0.990531128,447.6547268,0.203852709,20.58014162,92.12797673,0.702810385,70.95288227,317.6239312,0.083868034,8.466976116,37.90281879,20.80674302,,20.684748741,14.207289374999998,642.0760590360001,175.2007675,78.917848897,2.004670221,4.911205081,12331.75188,26.66666667
832,Netherlands,2016,0.293594117,14.85001485,0.050961386,2346.216635,36.97336823,18.30541136,99.999999995,1.702220816,414.095634082,4.441134937,55.1583834,18.73566357,4.563327965,0.56891717,3.693413991,0.6396063110000001,29.446902739,100.000000003,269.451117319,13.13674253,0.604803881,0.931613171,11.53538421,,,0.898330291,417.522763,0.214576536,23.88615174,99.7301207,0.633232516,70.48994371,294.3115606,0.050521238,5.623904558,23.4810817,22.57821648,,21.605577909,14.101069983,649.200654805,175.8002249,78.613472855,2.021001995,4.832286222,12467.15498,26.10595303
833,Netherlands,2017,,,,,35.76402415,19.18276725,100.000003351,1.740821827,414.585684573,4.462477592,56.2273119,18.71458045,4.382797698,0.543472286,3.578246503,0.647130287,31.499193059,100.0,254.041623677,11.63252012,0.566215189,0.859980616,11.54435219,,,1.094452795,511.1532913,0.172520071,15.7631349,80.57378287,0.852695452,77.91066513,398.2429291,0.069237272,6.326199972,32.33657937,24.47081768,,21.397557196,13.52649107,658.404594761,167.7301471,78.55973813,2.019980079,4.827408644,12400.12256,25.05810765
834,Netherlands,2018,,,,,32.65840413,19.73674985,100.00000000300001,1.732349777,423.602613629,4.585977486,55.27636984,18.0355041,4.830057491,0.601704047,3.934626243,0.621992567,32.993291868,100.000000005,227.76225742699998,10.61219129,0.562918504,0.860845023,11.9713004,,,1.064156388,499.7915981,0.167237951,15.71554265,78.54496174,0.841291625,79.05714186,395.1209527,0.055626812,5.227315489,26.12568362,25.09567383,,24.773906288,12.327644352999998,653.913873744,153.5715365,76.118421056,1.974395896,4.692583543,12457.49245,26.68812607
835,Netherlands,2019,,,,,32.32126862,20.15340756,99.99999999600001,1.696099724,426.147906129,4.387700855,55.31845577,18.81181207,4.697638388,0.576973905,3.810924196,0.6329283800000001,33.213732195999995,100.000000001,233.66480069300002,10.65706158,0.559243036,0.846693931,11.90466956,,,1.020563703,488.9353206,0.163620542,16.03236934,78.38791644,0.791425255,77.54785444,379.1588507,0.065517906,6.41977622,31.38855344,25.03646383,,21.365055618,12.58667529,660.502001919,154.5922142,76.118421056,1.986556919,4.693661191,12282.21199,25.86973216
836,Netherlands,2020,,,,,27.4278426,19.21101065,99.999743521,1.430706763,428.87436883199996,4.091983331,58.8991811,10.66988858,5.01335525,0.524574329,3.497405613,0.513920801,26.807442021,99.99999999799999,223.847430376,9.122945526,0.475876501,0.713765071,10.71928118,,,1.114804946,517.3288261,0.171641369,15.3965382,79.65073035,0.873403151,78.34582669,405.3055455,0.069760426,6.25763511,32.37255026,25.44384785,,10.128391414000001,12.781440133999999,666.713069371,133.739084,76.126274249,1.97296284,4.17669101,10463.53796,30.43093033
837,Netherlands,2021,,,,,24.80894392,18.6738255,99.999996017,1.431677295,428.520938532,4.957889719,60.78651411,10.77553609,4.552067202,0.491485686,3.319446412,0.43237282,25.392339179,100.000000003,207.657436206,8.060768424,0.473391842,0.700916013,10.8991659,,,1.066615205,511.4612651,0.158373029,14.8481878,75.94272916,0.813342257,76.25451547,390.0123095,0.09489992,8.89729673,45.50622641,25.42589429,,10.604619872999999,11.500334244,675.39025174,124.1688537,77.40874711900001,1.975333116,4.330895634,10796.97782,28.43794979
838,Netherlands,2022,,,,,,,,,430.237600232,4.703268506,58.32857492,16.90390733,5.557171735,0.622084397,4.208806043,0.432930125,24.687839349,99.999999999,199.29691655800002,8.123650225,0.463251135,0.684710343,11.46322306,,,1.002136687,452.2047303,0.147371183,14.70569682,66.49985664,0.770233357,76.85911181,347.5605393,0.084532147,8.435191371,38.14433439,28.2478625,,16.94573623,11.864360323,676.565119344,132.812765,77.441631039,1.969397828,4.947791762,11194.26259,24.76751774
839,Netherlands,2023,,,,,,,,,430.90585093199996,4.639214784,,,4.939983533,0.564251081,3.825612903,0.385820282,24.127928046,100.000000008,79.58060358200001,7.691453129,0.480998114,0.709438493,,,,,,,,,,,,,,,,,17.16714451,10.841606706999999,677.99832975,123.8341841,77.50739887900001,1.966278292,4.458342515,11422.12473,
840,North Macedonia,1994,,,,,261.6664081,11.15374695,100.0,0.469835931,39.170271335,,,,,,7.415037292,2.877282599,5.166313738,99.99999999799999,926.534440596,,,,,,,,,,,,,,,,,,,,309.079764441,75.352103879,135.29870497299999,,33.42898135,1.111830743,,,
841,North Macedonia,1995,,,,,186.4251764,10.56517118,100.00011396100001,0.442301876,40.385371605,,,,,,7.913450042,3.040126279,7.212832491,100.0,570.676954006,,,,,,,7.720779986,223.6851435,0.705508914,9.137793274,20.439886,7.015271071,90.86220673,203.2452575,0.0,0.0,0.0,,,220.141471151,61.920000379,146.907907617,,33.42898135,1.441554372,,,
842,North Macedonia,1996,,,,,360.3779276,16.96205676,100.000000004,0.838862797,41.148250095,,,,,,7.722294264,2.868362566,6.676775852,100.0,459.864331167,,,,,,,6.565980398,191.4931715,0.782895907,11.92351879,22.83272428,5.783084491,88.07648121,168.6604472,0.0,0.0,0.0,,,217.20867789300002,62.262963492000004,144.93141698800002,,33.42898135,1.474352411,,,
843,North Macedonia,1997,,,,,377.3947677,16.80767157,100.000000005,0.73952723,44.467164761999996,,,,,,8.913954796,2.282913541,4.47350327,100.0,600.76941142,,,,,,,3.279107445,96.88154772,0.533059393,16.25623441,15.7492915,2.746048052,83.74376559,81.13225622,0.0,0.0,0.0,,,260.218128703,75.416903667,147.78385564999996,,33.33333333,1.357338109,,,
844,North Macedonia,1998,,,,,268.4385161,10.47381895,100.000098928,0.503541429,48.588281562,,,,,,9.314961771,2.3286228739999997,4.3680695069999995,100.0,691.762183502,,,,,,,4.210367206,127.9163857,0.468089464,11.11754488,14.22116159,3.742277743,88.88245512,113.6952242,0.0,0.0,0.0,,,269.399254017,78.210552804,146.708655359,,33.33333333,1.235309256,,,
845,North Macedonia,1999,,,,,278.489915,12.11750152,100.000000005,0.533417578,51.152182462,,,,,,10.70821985,2.560811319,4.904959592,100.0,631.40279105,,,,,,,2.250306804,70.99332347,0.357066505,15.86745881,11.26483636,1.893240299,84.13254119,59.72848711,0.0,0.0,0.0,,,269.049826997,76.596056232,146.711535456,,33.33333333,1.169875701,,,
846,North Macedonia,2000,,,,,259.3452303,11.48158548,99.999999997,0.482874627,52.556036182,,39.97328039,31.36369879,,,7.99467022,3.664859958,6.823599081999999,100.0,691.105068119,,,,8.502784417,,,1.906248643,62.58930437,0.238089493,12.48994949,7.817372504,1.66815915,87.51005051,54.77193186,0.0,0.0,0.0,,,1774.67510793,81.201814652,151.189577303,,33.33333333,1.136901942,5.047208744,,28.66239652
847,North Macedonia,2001,,,,,254.71313,10.89765059,100.000000002,0.46434781,54.152575702,,42.03721224,28.82560706,,,5.258290161,1.296892731,2.364264856,100.0,1937.299222952,,,,8.875322294,,,1.68078037,53.26894487,0.202065826,12.02214337,6.404068925,1.478714544,87.97785663,46.86487594,0.0,0.0,0.0,19.87904268,,1744.1914512170001,85.39624840900001,155.67929739299998,,33.33333333,1.109241126,3.864684585,,29.1371807
848,North Macedonia,2002,,,,,245.4920873,12.13597232,99.999999999,0.488316997,54.585135662,,38.4038139,32.47991525,,,8.712194151,8.131166265,16.173990434,100.00000000099999,1997.382146136,,,,8.583041641,,,1.90004602,61.56410714,0.203417885,10.70594514,6.591019535,1.696628136,89.29405486,54.97308761,0.0,0.0,0.0,20.25028185,,1664.648306309,78.291031679,155.731460429,,33.33333333,1.57790927,3.234945099,,29.11627086
849,North Macedonia,2003,,,,,199.8899553,11.19840228,99.999898855,0.487827201,54.844671652,,35.93900383,33.85776833,,,5.83371442,,,99.99999999500001,2354.517317376,,,,8.448435585,,,2.503665136,82.81977041,0.061035974,2.437864918,2.019034128,2.442629162,97.56213508,80.80073628,0.0,0.0,0.0,13.93879362,,1390.171580404,,,,33.33333333,1.570048309,3.222096839,,30.20322783
850,North Macedonia,2004,0.991971971,7.864726701,0.070202381,197.871129,177.7246721,11.82278102,100.000000002,0.496899944,2.748721982,,37.19156098,31.48005381,,,7.687782774,,,100.000000001,2029.6618778,,,,8.789328746,99.61779159,77.48790829,1.308626356,45.45885805,0.001780716,0.136075172,0.061858219,1.30684564,99.86392483,45.39699984,0.0,0.0,0.0,10.02834515,0.297301615,1076.270075579,,,,33.33333333,,2.820854792,,31.32838521
851,North Macedonia,2005,0.997342083,7.864726701,0.070877959,221.2089781,163.3377333,11.50962611,99.99999999900001,0.501884523,55.812033032,,36.59522136,34.98330991,,,7.130995896,2.550409465,7.959787167,99.99999999799999,1998.866401168,,,,9.177965787,,,1.320722458,48.30601183,0.026908999,2.037445399,0.984208615,1.293813459,97.9625546,47.32180322,0.0,0.0,0.0,8.840200425,,929.311556498,41.352360148,129.060055002,,33.33333333,1.600711427,3.565454772,,28.42146873
852,North Macedonia,2006,1.002864683,7.864726701,0.06563826,225.8245679,149.0178065,11.549282,100.00000000300001,0.501142519,57.613055442,,36.73423415,34.46601753,,,7.020052781,1.822123076,6.268907133,100.00000000200001,2647.6484562739997,,,,9.729107364,,,1.110425517,42.93709566,0.016127105,1.452335635,0.623590741,1.094298411,98.54766436,42.31350492,0.0,0.0,0.0,5.785327627,,800.4704227889999,36.135082112,124.320621815,,33.47639485,1.548165138,3.719963587,,28.79974832
853,North Macedonia,2007,1.008606947,7.927070947,0.052692055,221.5233697,140.6606503,12.57070535,100.000000001,0.573809711,58.501783586,,34.36889444,35.02120993,,,8.724450095,2.038391532,8.569628928,100.0,1650.592012059,,,,9.807370693,,,1.256353928,52.02115354,0.009654348,0.768441704,0.399752239,1.246699581,99.2315583,51.6214013,0.0,0.0,0.0,15.16477154,,675.013645861,30.547563661,128.42541835199998,,33.47639485,1.571723206,3.680401272,,30.60989562
854,North Macedonia,2008,1.0144596,7.927070947,0.049381039,248.2098592,120.811108,13.12698588,99.999999996,0.584877214,58.890210066,,30.27127686,31.51334874,,,8.217122759,1.8150163819999998,9.123035182,100.0,985.9173828,,,,9.947302138,,34.96469283,1.423360023,62.5215632,0.080744294,5.67279482,3.546719999,1.342615729,94.32720518,58.9748432,0.0,0.0,0.0,12.94077887,,620.431291979,27.17781674,136.607129758,,33.47639485,1.673847023,3.5100098,,38.2153744
855,North Macedonia,2009,1.021042668,7.930214116,0.048646437,233.4925479,136.8485445,15.11484857,99.999999996,0.627411223,59.040444093,,31.42398087,36.58680743,,,8.168341347,1.411547701,6.775128626,100.0,994.70982584,,,,9.147631176,,,1.582365287,69.70653115,0.04775434,3.017908728,2.103679487,1.534610947,96.98209127,67.60285166,0.0,0.0,0.0,10.53174099,,655.526418389,30.730173091,147.49829230199998,,33.47639485,1.768726658,4.368402401,,31.9892117
856,North Macedonia,2010,1.027591869,7.930214116,0.04295872,207.6352131,143.9572097,16.25796553,100.0,0.658991418,59.016653452999996,,32.3349824,31.10582647,,,8.323494141,5.290007335,25.568540887,100.0,1038.14427357,,,,9.445038797,,30.50194651,1.20738406,55.32695427,0.031557572,2.613714478,1.446088614,1.175826488,97.38628552,53.88086566,0.0,0.0,0.0,15.7467614,,725.1915047,34.568312139,167.08129998299998,,33.47639485,1.769474797,3.995217404,,36.55919113
857,North Macedonia,2011,1.032312411,7.930214116,0.047777211,258.802786,135.4372129,15.52198935,99.99992964,0.690471737,59.242664553,4.742526217,39.44319432,30.74464105,,,8.877886733,3.8525429150000003,20.868711536000003,99.999999999,1812.3560199849999,,,,10.26958867,,,1.383066616,65.15771477,0.006032065,0.436136963,0.284176878,1.377034551,99.56386304,64.87353789,0.0,0.0,0.0,12.36632578,,731.3266274599999,31.315263257,169.630607664,,33.47639485,1.818564808,4.175513802,,29.81216463
858,North Macedonia,2012,1.036365549,7.930214116,0.04481768,226.3215086,139.5812753,15.45935183,99.999926483,0.659983969,59.460745443,4.724164724,42.40855871,31.97178654,,,6.840012623,3.8843494109999996,19.615290747,100.000000004,1934.273429827,,,,9.141861718,,,0.937244345,44.12593444,0.007927954,0.845879116,0.373252064,0.929316391,99.15412088,43.75268237,0.0,0.0,0.0,15.1101021,,739.7441461300001,32.5462797,164.353066937,,33.47639485,1.811568861,4.112622745,,25.61965475
859,North Macedonia,2013,1.040195224,7.930214116,0.056373801,317.1737272,142.8048156,19.64858388,100.0,0.748447698,59.932593183,5.58692422,44.3991052,34.69308753,,4.755203105,10.29793272,3.281288286,18.461384837,99.999999997,1458.16546766,,,,8.63660305,,63.65984984,1.106071239,53.79555976,0.032078678,2.900236198,1.560198297,1.07399256,97.0997638,52.23536147,0.0,0.0,0.0,10.95664019,,741.747160649,38.49116815000001,216.56136422299997,,33.47639485,1.796614872,4.097951482,,20.90812457
860,North Macedonia,2014,1.042993768,7.930214116,0.064968295,384.9622202,142.2465466,21.71510359,100.0,0.781748813,60.099127673,5.631747884,45.41871072,34.81090432,,,6.779459489,2.90980709,17.241729969,100.000000002,1943.098449895,,,,8.393571199,,,2.074480461,104.8389793,0.039042437,1.882034446,1.973105704,2.035438024,98.11796555,102.8658736,0.0,0.0,0.0,5.457654728,,820.523002433,37.018850613,219.350976281,,33.47639485,1.791395767,4.018091014,,19.77038496
861,North Macedonia,2015,1.045789911,7.930214116,0.083540398,439.6469413,178.4533198,25.1474222,100.0,0.867560836,60.325138783,5.091795754,42.57749599,36.91730295,,,7.738845343,3.228768,16.991994479,99.999999999,2081.768437969,,,,8.162935106,,,1.900155827,99.99924834,0.066910694,3.52132667,3.521300202,1.833245133,96.47867333,96.47794814,0.0,0.0,0.0,5.710435614,,938.0477195999999,43.302015559000004,227.884942188,,33.47639485,1.784361006,4.495755251,,20.50488594
862,North Macedonia,2016,1.049145654,7.930214116,0.093058521,520.9868474,192.4470683,29.49819525,99.99995131099999,0.991022876,60.935765271,5.056022409,41.80573634,36.64854601,,,8.655451649,3.264568516,18.276641872,100.0,2028.0221858359998,,,,8.136111262,,,2.450247732,133.0474731,0.08254945,3.369024639,4.482402149,2.367698283,96.63097536,128.5650709,0.0,0.0,0.0,5.247782654,,875.523900548,42.180500241,236.146949688,,34.26061493,1.76370446,4.55196486,,21.54571765
863,North Macedonia,2017,,,,,188.7697313,28.70314276,100.00000000499999,1.028888861,60.872323551,5.140441778,38.58428106,35.22009935,,3.110981766,8.163665159,2.926842106,17.430215145,100.000000001,1970.449088446,,,,8.58899677,,,1.999408677,110.1833202,0.056213659,2.811514213,3.097819709,1.943195018,97.18848579,107.0855005,0.0,0.0,0.0,6.285953795,,1022.192574593,44.064035076,262.414432967,,34.26061493,1.765628196,4.535228291,,26.19589977
864,North Macedonia,2018,,,,,168.2646497,30.70374498,99.99999999799999,1.02788485,61.574147501,5.227272727,37.73455384,35.1713868,,2.601522967,7.040572224,2.90600032,19.510854918,100.000000005,1727.657677346,,,,8.405520218,,,1.438374708,81.96408861,0.058360545,4.057395079,3.325606898,1.380014163,95.94260492,78.63848171,0.0,0.0,0.0,7.391265938,,927.378130734,40.308779814000005,270.632714472,,34.26061493,1.933180655,4.368996462,,27.09405937
865,North Macedonia,2019,,,,,182.9905654,29.01352498,99.999913297,1.110823742,61.431403651,5.620400913,36.38154735,34.94023874,,2.524470148,7.035264798,3.427561475,23.029299747,100.000000003,1690.10217254,,,,8.456936422,,,2.174651031,129.6430924,0.112229404,5.160800609,6.690621501,2.062421627,94.83919939,122.9524709,0.0,0.0,0.0,4.876594308,,935.481785433,41.477706004,278.682827901,,34.26061493,2.261985145,4.161787324,,28.67795705
866,North Macedonia,2020,,,,,157.8185953,27.20379483,99.80377301,0.941265535,61.439333861,5.510204082,41.21065404,32.02051144,,,6.734463861,2.8144079050000004,18.742821066,99.99999999699999,1784.1545295419999,,,,7.721871642,,,1.563320434,88.45312247,0.045421946,2.90547894,2.569986845,1.517898488,97.09452106,85.88313562,0.0,0.0,0.0,7.485865378,,839.50123685,39.597163519999995,263.701132021,,34.26061493,2.261679719,3.698995989,,26.76883452
867,North Macedonia,2021,,,,,163.3441824,,99.79867623,1.093680572,61.173671691,,41.74089164,31.31956384,,,6.314251592,3.21500625,24.500929177,99.999999999,1696.96989161,,,,8.52617339,,,1.714545305,103.4087967,0.095280659,5.557196903,5.746630448,1.619264646,94.4428031,97.66216627,0.0,0.0,0.0,4.196195812,,819.0425295509999,38.999066496,297.204201803,,34.26061493,2.271956595,3.601694075,,26.93954452
868,North Macedonia,2022,,,,,,,,,64.187153051,,47.70597498,29.44659893,,,6.769623172,2.537656488,18.995890189,99.999999995,2180.400001921,,,,8.67748083,,,1.688736971,105.4374227,0.212038733,12.55605441,13.23878016,1.476698239,87.44394559,92.19864252,0.0,0.0,0.0,4.72425891,,874.8064565990001,40.538907425,303.458185566,,34.26061493,2.160593357,,,22.84742609
869,North Macedonia,2023,,,,,,,,,63.124504361,,42.22403848,26.31644214,,,7.008907383,2.9412169099999996,23.960529369000003,100.0,1653.110082317,,,,8.592173717,,,,,,,,,,,,,,,,916.201554095,43.265818315,352.463603376,,34.26061493,2.198595524,,,31.45951938
870,Norway,1994,,,,,85.27843278,33.75645202,100.000000003,2.500011876,25.879959695,,47.42484546,22.62003557,9.83595162,,6.525830181,0.669101898,19.61530808,100.0,227.008849583,29.46552843,0.863807769,,14.03327392,,,,,,,,,,,,,,,,402.749041316,15.898052711,466.06533714799997,226.3166535,60.20382799,0.103865108,8.551081937,,29.95511898
871,Norway,1995,,,,,75.77325251,36.67591779,99.999999991,2.642663627,25.790156715000002,,46.83415487,21.32612498,10.46922734,,6.996722322,0.608443123,21.2200265,100.0,218.79207431999998,19.68934976,0.686684602,,14.08201559,,,0.989370163,528.4544957,0.278464768,28.14566061,148.7370089,0.710905395,71.85433939,379.7174869,0.0,0.0,0.0,36.5136764,,336.60776591,13.574572487000001,473.425989842,191.6258406,60.20382799,0.118659481,8.226484854,,31.83972015
872,Norway,1996,,,,,73.66328598,37.21583732,100.000000002,2.749255706,25.821094936,,41.43516339,18.87048821,8.426687816,,5.820142532,0.76439623,28.52874101,100.0,216.555285563,19.29498547,0.720126057,,15.45837761,,,0.987510809,564.7496843,0.379738914,38.45415266,217.1697058,0.607771895,61.54584734,347.5799785,0.0,0.0,0.0,37.67016725,,326.325574007,12.542106007000001,468.095576366,185.0600375,60.18403382,0.114078127,7.721285336,,39.69434841
873,Norway,1997,,,,,75.88431476,35.8876882,100.000008165,2.779568583,26.025068175999998,,41.63415105,19.28530037,9.812493928,,6.878301954,0.791619263,28.99624236,100.0,229.57534999,19.4600024,0.712800929,,15.30446333,,,0.883698109,535.3673507,0.273625738,30.96371208,165.769605,0.610072371,69.03628792,369.5977457,0.0,0.0,0.0,35.34818942,,339.996975106,13.454032111,492.808088309,191.371151,61.0793335,0.119735483,7.711784721,,39.08054858
874,Norway,1998,,,,,82.1944728,35.4524575,100.000000007,2.860653274,26.065041456000003,,41.10682174,19.83127567,11.09814926,,7.943198907,0.764933819,26.62235324,100.0,243.891059047,21.0075403,0.731135354,,15.1959397,,,0.943384066,567.5479365,0.253247663,26.84459829,152.3559636,0.690136403,73.15540171,415.1919728,0.0,0.0,0.0,32.93528184,,366.745563473,14.400908778,501.201634544,205.6469616,61.0793335,0.140381663,8.100621702,,39.06190259
875,Norway,1999,,,,,79.3495758,34.61510977,100.000000004,2.887802833,25.944847826,,42.15351429,19.9592546,9.49288034,,6.813221145,0.623693343,22.69833589,100.0,230.252570752,20.26058075,0.737351894,,14.77446564,,,0.786916001,496.9406141,0.129415545,16.44591611,81.72643653,0.657500456,83.55408389,415.2141775,0.0,0.0,0.0,32.22918532,,356.80181847700004,13.971043717,508.45410925000004,197.211197,62.64610793,0.141060821,7.469377246,,37.88723111
876,Norway,2000,,,,,70.30966288,37.82428725,99.99999170000001,2.684286257,26.183044759,,43.44481352,18.95848436,10.47715611,,7.593019499,0.56794619,21.68308073,100.0,214.36963257600001,18.54699096,0.708088035,,15.27511503,,,0.683571749,487.2931537,0.195012762,28.52849942,139.0174245,0.488558986,71.47150058,348.2757292,0.0,0.0,0.0,37.84353397,,342.25720271,13.582031469,518.535540359,189.8267027,60.27757837,0.157457929,6.877200415,,37.59670212
877,Norway,2001,,,,,70.35225527,37.23648194,100.000000002,2.7157444,26.20795961,,43.58943799,19.96792823,8.254292232,,6.092493804,0.527524509,20.36355129,100.0,218.014850158,19.34111141,0.746607423,,14.60031955,,,0.625770724,447.1096438,0.10231645,16.3504692,73.10452459,0.523454275,83.6495308,374.0051192,0.0,0.0,0.0,37.37782529,,342.914784266,13.601306597,525.038931021,191.2072605,60.26807085,0.15620733,7.204367798,,36.44263379
878,Norway,2002,,,,,62.58067387,37.68163103,100.00000816100001,2.701649722,26.264360263,,42.27597062,19.66316894,9.027373326,,6.830963834,0.452853704,19.54999814,100.0,193.894227933,17.40547481,0.751406022,,14.43821263,,,0.649811878,450.9143907,0.09097622,14.00039355,63.12978925,0.558835658,85.99960645,387.7846014,0.0,0.0,0.0,44.62464365,,309.392263931,12.337893786,532.635150084,175.2797668,61.76109885,0.18834647,6.711034107,,38.06086044
879,Norway,2003,,,,,55.08628677,35.98822126,100.00000000499999,2.768097563,26.256967943,,41.98048569,19.54727634,8.009840661,,6.133820242,0.392004847,19.69832558,100.0,177.189281902,14.90943703,0.74920233,,13.94946075,,,0.627426351,434.9955647,0.09863955,15.72129539,68.38693766,0.528786801,84.27870461,366.6086271,0.0,0.0,0.0,43.9864336,,265.561511749,10.785172867,541.95719251,152.3945001,61.76109885,0.193846992,6.408746986,,38.47223796
880,Norway,2004,3.048840243,3.833054068,0.026983138,1558.773147,49.05206376,36.5238433,100.000000004,2.83365985,26.281882792999998,,42.18074948,18.23904619,7.212010664,,5.596799589,0.435956381,25.18450928,100.0,170.547120256,13.23193305,0.764387804,,14.63202218,46.57641371,26.9750428,0.636924865,465.9889675,0.103907841,16.31398718,76.02138043,0.533017024,83.68601282,389.9675871,0.0,0.0,0.0,44.32501898,30.94062879,230.96974351400002,9.60066087,554.6149641769999,134.3361637,61.76109885,0.209974324,6.207307684,,39.58020434
881,Norway,2005,2.379257546,3.011685339,0.024506787,1643.110719,42.16279722,37.83254819,100.0,2.826896252,26.454917806999998,,42.43119659,18.43862924,6.128590971,,4.845033549,0.354563209,23.77245992,100.0,152.35891473,11.67822629,0.782992029,,15.08010604,,,0.663833469,518.0327977,0.077514838,11.67684997,60.48991257,0.586318631,88.32315003,457.5428852,0.0,0.0,0.0,40.43343338,,196.989103747,8.465726898,567.6030343360001,117.9113732,62.03208556,0.285371469,5.987315528,,39.13017417
882,Norway,2006,2.360172138,3.011685339,0.026214821,1951.277036,39.44321169,38.52480282,100.000000006,2.935920468,26.551291737,,42.73017213,18.40360834,6.515359556,,5.192378704,0.314672214,23.4223483,100.0,136.87566793000002,10.80961492,0.804604138,,15.50077064,,,0.626777912,518.8952323,0.093398673,14.90139835,77.32264558,0.533379239,85.09860165,441.5725867,0.0,0.0,0.0,41.68550369,,178.80080685099998,7.833056292,583.046626049,107.0670738,62.03208556,0.291827746,5.9081528,,38.86621953
883,Norway,2007,2.548228949,3.285474915,0.024053889,2056.673674,35.45209426,39.55379825,99.999992994,3.031251692,26.618370187,,38.75222227,19.72340513,5.499641225,,4.947811209,0.320865355,27.43486992,100.0,118.90359325200001,9.760446183,0.834544981,,16.44091684,,,0.694609804,568.0719303,0.105331217,15.16408442,86.14290709,0.589278587,84.83591558,481.9290232,0.0,0.0,0.0,39.00535041,,158.58365650899998,7.033004983,601.341260283,105.2200934,62.03208556,0.256691154,5.808155402,,41.5243726
884,Norway,2008,3.3555555,4.380633221,0.022681615,2211.537784,29.95820851,37.47175614,99.999999997,2.921031405,26.725695697,5.378525679,41.80215648,19.99618562,5.925519703,,5.347916578,0.237928207,23.19884267,100.0,107.601874044,8.410093302,0.820013875,,15.87157272,54.12989312,22.50620382,0.760449023,630.7142309,0.090193678,11.86058175,74.80637693,0.670255345,88.13941825,555.907854,0.0,0.0,0.0,34.96040263,19.07193817,140.15818403,6.246150484,609.021788429,92.56307856,62.03208556,0.270588235,5.462154807,,38.20165789
885,Norway,2009,2.278033585,3.011685339,0.025134509,2019.486092,35.13010901,36.80920893,100.000007343,2.822603933,26.722136433000003,5.360125626,42.58891408,21.01509802,4.975392927,,4.390392,0.254333814,20.43499673,100.0,120.982220176,10.50600792,0.844127778,,15.0476613,,,1.018562847,768.940741,0.128293831,12.59557344,96.85249575,0.890269015,87.40442656,672.0882453,0.0,0.0,0.0,32.90912461,,169.48542483100002,7.648275946,614.51716253,109.8260707,64.06649616,0.367164402,5.736378316,,36.3959879
886,Norway,2010,2.454363162,3.285474915,0.025960805,2288.787733,32.79792758,35.71163215,106.057350403,2.891570531,26.789762463,5.601263608,41.97683173,19.30014362,4.887091734,,4.254229481,0.296377153,26.12955929,100.0,112.733467078,9.349217441,0.824256962,,15.74237487,60.58787774,32.88516847,0.968967329,747.4378876,0.147273822,15.19904932,113.6034531,0.821693507,84.80095068,633.8344344,0.0,0.0,0.0,33.73162049,21.39164349,152.60567553599998,7.073887024999999,623.65654296,98.73771177,63.7695806,0.405794014,5.564181136,,38.72302466
887,Norway,2011,2.422731032,3.285474915,0.023575188,2386.323441,28.18403843,36.67401919,105.96922301800001,2.852839481,26.846984483,5.686199111,42.61987471,19.44894748,3.915764448,,3.391823444,0.275939127,27.93106038,100.0,96.190251493,8.058072741,0.815652781,,16.30794766,,,0.935432888,725.1625708,0.155626708,16.63686513,120.6443189,0.77980618,83.36313487,604.5182519,0.0,0.0,0.0,36.48879743,,133.063912552,6.258148613,633.461186224,85.57413957,64.34782609,0.417432313,5.218454805,,37.93117782
888,Norway,2012,2.590377783,3.559264492,0.024591472,2512.656287,27.80068214,37.26014705,105.969250315,2.840560255,26.872994491,5.549377762,42.73505737,19.36632985,3.299053513,,2.889267527,0.269058317,27.49128089,100.0,96.661843361,7.898165387,0.807002309,,16.27491478,,,0.996586752,787.5533054,0.16935505,16.99350802,133.8329341,0.827231702,83.00649198,653.7203713,0.0,0.0,0.0,34.60274553,,131.68289378,6.290471395,642.734697721,85.71362101,64.19943459,0.415866583,5.075044095,,37.89861278
889,Norway,2013,2.952975053,4.108204632,0.027217143,2818.439676,26.97532076,36.55769015,105.50013745999999,2.793398053,27.163996794,5.383225707,43.40979947,20.59849924,4.258420058,,3.681375567,0.272678811,28.236938055000003,100.0,98.662685439,7.756440645,0.803209215,,15.8336413,66.56224965,38.68875223,1.182752032,929.8513422,0.211821696,17.90922273,166.5291479,0.970930336,82.09077727,763.3221943,0.0,0.0,0.0,32.3815748,19.4354134,130.133302685,6.271452973,649.433038668,83.48249462,64.15191173,0.419793252,5.382665676,,35.99170129
890,Norway,2014,3.114517701,4.382264974,0.028583662,2791.671663,30.45922084,39.24669771,99.999999995,2.974851438,27.167577817,5.293916089,42.87893977,21.40889912,3.360906484,,2.861463138,0.290130409,28.336076706,100.0,106.924662345,7.573697378,0.739697954,,15.62671345,,,1.327165492,1031.153597,0.321939315,24.25766169,250.1337512,1.005226177,75.74233831,781.0198462,0.0,0.0,0.0,34.34620946,,139.826398262,6.7136023940000005,655.695323824,87.17365543,63.23604711,0.472267408,5.332639227,,35.71216111
891,Norway,2015,2.505489431,3.559781046,0.036137068,2703.412689,39.25807437,38.29297614,99.999993434,2.936895201,27.158664917000003,5.465732677,40.6121391,22.77377514,2.644055846,,2.254940488,0.39182089200000003,29.312106308999997,100.0,137.768109566,10.82029434,0.809465816,,15.55892271,,,1.382762605,1034.444232,0.366048886,26.47228704,273.8410464,1.016713719,73.52771296,760.6031857,0.0,0.0,0.0,35.37546197,,186.17346919599999,8.863897531,663.107843779,114.0000449,63.14168378,0.498504487,5.544824509,,36.61408576
892,Norway,2016,2.674553288,3.834082805,0.037558631,2661.681045,39.78701844,37.79141216,100.000000005,2.819600999,27.161738049,5.264055645,39.57707336,23.47940232,3.017639781,0.376999248,2.579033527,0.471065954,33.383201013,100.0,147.25174782,11.59165414,0.821469938,1.200812419,15.35934046,,,1.444560154,1047.973238,0.435585608,30.15351121,316.0007279,1.008974546,69.84648879,731.9725105,0.0,0.0,0.0,,,197.43552298199998,9.653176425,684.095138416,120.5988957,63.1322208,0.524741565,5.313948171,12493.1826,36.94352432
893,Norway,2017,,,,,34.73530833,35.87037232,99.999999997,2.644462881,27.163449033,5.000236395,37.6526606,23.45262873,2.340813631,0.290874445,2.008729255,0.446506826,33.993384079,100.0,143.7876334,11.20112783,0.85276242,1.234844344,15.67313012,,,1.394269151,1033.581925,0.350636137,25.14838236,259.9291346,1.043633014,74.85161764,773.6527907,0.0,0.0,0.0,,,162.14503735899999,9.070882405999999,690.582925647,112.7167005,63.1322208,0.548879677,4.877261848,12426.21119,38.89471066
894,Norway,2018,,,,,31.71454235,36.22924439,99.99999283400001,2.625737116,27.219617207,4.739609997,38.85568411,24.06154855,2.347826087,0.293924739,2.033164681,0.3844938,31.833334709,100.0,129.471288366,10.00480627,0.828326352,1.197471159,15.53643228,,,1.443529449,1096.743543,0.353438102,24.48430146,268.5299953,1.090091347,75.51569854,828.2135478,0.0,0.0,0.0,,,149.53092492800002,8.354945499,691.7296885139999,104.5957019,63.80241832,0.62726454,4.300701113,12519.01666,37.08276734
895,Norway,2019,,,,,33.26259359,36.3071084,100.00000000700001,2.542279618,27.289958206999998,4.608642816,37.21573295,25.01097469,2.336368738,0.288958958,2.019485794,0.486961434,37.218749200000005,100.0,144.902843726,9.786104121,0.747957701,1.070218365,15.55420245,,,1.530357635,1136.012691,0.420885882,27.50245249,312.4313506,1.109471753,72.49754751,823.5813402,0.0,0.0,0.0,,,162.41507700300002,9.144025598,698.8832617790001,113.0920847,63.83033419,0.605782086,4.491485466,12367.86616,37.77329236
896,Norway,2020,,,,,34.88547379,35.61471162,100.000007797,2.384073911,27.214955319,4.721546276,41.16015703,14.18542726,2.14256984,0.246904206,1.728793237,0.5215412500000001,35.642139796,100.0,183.45447977,10.06437304,0.68779946,0.982307057,13.54549809,,,1.471468912,1034.798703,0.457566281,31.09588503,321.779815,1.013902631,68.90411497,713.0188881,0.0,0.0,0.0,,,160.295541381,10.245648717,700.187843635,118.0682056,64.11840412,0.608891922,3.646949897,11523.74133,44.65441571
897,Norway,2021,,,,,27.18118981,36.85322884,100.0,2.464121391,27.338238125,4.607397214,38.4998157,13.60522507,1.779025863,0.207591141,1.479202414,0.45456208200000003,42.307407843,100.0,144.20066832100002,8.34379642,0.776581267,1.08985349,14.62842399,,,1.203650104,983.8817021,0.396491063,32.94072437,324.0977596,0.807159041,67.05927563,659.7839424,0.0,0.0,0.0,,,121.165830388,7.655888152,712.5556549579999,89.33510125,64.11840412,0.606060606,2.987818656,11668.80961,47.89495923
898,Norway,2022,,,,,,,,,27.344277601,4.76885815,,,2.554863491,0.302530748,2.125660627,0.37257867699999997,40.535981665,100.0,126.69460373300001,6.905531298,0.751311084,1.069289713,15.7414864,,,,,,,,,,,0.0,0.0,0.0,,,110.26280777699999,6.458054554,702.6263086480001,76.47219045,64.32045047,0.606060606,2.849286201,11841.36644,
899,Norway,2023,,,,,,,,,27.343179514,4.762975195,,,2.407049592,0.291303685,1.992900202,0.356342429,31.344515559999998,100.0,163.73597755600002,7.620800002,0.670339159,0.979839666,14.64989593,,,,,,,,,,,,,,,,137.33917405,7.777598992,684.1314778220001,94.12532469,64.28388419,0.652037618,,12102.10565,
900,Poland,1994,,,,,194.3526518,6.466031026,99.999995361,0.558834016,123.04286788799999,,,,,,17.49749862,3.085612714,8.872248853,99.999999993,2278.773173744,76.15677655,0.218978186,,,,,,,,,,,,,,,,,,1481.388730448,65.789827058,189.169468631,,47.76457039,16.358582353000003,,,
901,Poland,1995,,,,,156.8363558,6.694960024,99.999999997,0.578231278,129.441052622,,61.02127327,21.21034737,,,17.87796439,2.385009363,8.793160191,99.999999998,1893.520560509,60.649172,0.223604105,,9.877413473,,,0.822755463,46.30800706,0.227496667,27.65058119,12.80443309,0.586564655,71.2927087,33.01423258,0.00869414,1.056710109,0.489341392,30.9686221,,1204.27369393,53.816512185,198.413146701,,48.4741099,15.643834951999999,4.458213247,,17.76837936
902,Poland,1996,,,,,157.8082363,7.241399877,99.999996044,0.654504216,130.076071732,,58.01000515,18.346022,,,16.46369895,2.968957952,12.31365068,99.999999995,1761.0855259500001,57.18093897,0.237155972,,11.07481359,,,,,,,,0.142858135,,8.525894012,,,,35.12092534,,1137.0941964600001,51.189631307,212.307229896,,49.64133219,15.594282515,4.326349855,,23.64397286
903,Poland,1997,,,,,167.827855,7.915269059,99.999996256,0.691978765,130.749289884,,59.10573978,18.45341146,,,18.91866578,3.517033171,14.50124011,99.999999996,1861.040347813,60.05339725,0.247608905,,10.96729062,,,,,,,,0.161505754,,10.25368442,,,,37.10879285,,1198.1562526940002,54.474373886,224.605779219,,49.63285519,15.60835756,4.418149793,,22.44057131
904,Poland,1998,,,,,161.3666501,9.032444466,99.999999997,0.729071989,131.984720359,,56.4349077,17.46433791,,,18.3118535,2.637529909,11.91664558,100.0,1727.626484636,55.87174499,0.252434591,,11.56243418,,,0.410474005,27.25980017,0.217590755,53.00963082,14.45031943,0.19288325,46.99036918,12.80948074,,,,26.99501247,,1149.499398998,51.804974626,234.06048206399998,,50.03877639,15.598904066,4.072599068,,26.10098237
905,Poland,1999,,,,,180.3672537,10.12812176,100.00000000499999,0.793268133,128.838682297,,56.73951103,17.60684778,,,17.4080518,2.75922586,12.13527448,99.999999996,1722.138209317,58.75410867,0.25840481,,12.25142457,,,0.334455102,23.2474283,0.148547878,44.41489362,10.32532055,0.185907224,55.58510638,12.92210775,,,,31.43794423,,1190.668425082,64.036902889,281.638920699,,52.27818793,16.270724108,4.763135199,,25.65364119
906,Poland,2000,,,,,156.5909143,9.312486539,100.0,0.704890863,129.172679479,,57.59773705,17.89870576,,,16.45119066,1.995959228,8.984770468,99.999999993,1753.995091014,66.65758846,0.300057799,,12.47180922,,,0.651985416,47.88260012,0.106081234,16.2704918,7.790734528,0.545904182,83.7295082,40.0918656,,0.0,,30.55744392,,1239.500527873,67.138640508,302.223244875,,52.77039007,16.408145100000002,5.135668786,,24.50372447
907,Poland,2001,,,,,140.3851796,9.285025865,100.00000000099999,0.700696736,130.315387416,,55.97921241,18.82527202,,,14.46870164,1.16544577,5.817024626,100.000000005,1545.605150064,54.28675628,0.270958466,,11.74216162,,,0.567079693,42.18264443,0.053099746,9.363718412,3.949864043,0.513979947,90.63628159,38.23278038,,,,37.8365831,,1101.11378346,63.224655172,315.569703429,,56.65514466,16.142361331,5.071173358,,25.19568408
908,Poland,2002,,,,,130.0268186,9.159056101,100.000000005,0.677066402,128.576512469,,56.24668202,18.92442685,,,15.24181146,1.332357473,6.937757642,99.999999998,1507.881842669,46.91997261,0.244318364,,11.71634761,,,0.542960353,41.23003999,0.051464269,9.47845805,3.907972044,0.491496084,90.52154195,37.32206794,,,,43.31155922,,1048.00510214,62.706077576999995,326.51865408400005,,57.92720543,16.41931191,5.3280991,,24.8290496
909,Poland,2003,,,,,129.9188861,9.654440798,100.000000003,0.74075057,129.830851669,,56.55690503,18.99818642,,3.78904556,14.7626318,1.107218852,6.312962036,100.000000002,1471.950001501,45.0110649,0.256636837,0.658696011,11.86736739,,,0.625625626,49.20246039,0.100926398,16.13207547,7.937378045,0.524699228,83.86792453,41.26508235,,,,41.62836507,,975.928746934,68.33359269,389.613467698,,,16.591208752,5.563429718,,24.44475498
910,Poland,2004,0.209521594,2.611562694,0.019525529,130.456106,125.8058868,10.81534561,100.00000000300001,0.840548174,130.662357569,,53.58036783,17.59590271,,3.921546281,14.95984178,1.260944161,8.424758517,99.999999997,1478.033673332,37.51049772,0.250619254,0.656968849,12.21893353,95.22936114,30.04430414,0.71375675,58.96474499,0.106849171,14.96996997,8.827004617,0.600048655,84.06906907,49.57111219,0.006858924,0.960960961,0.56662818,46.03893601,1.505108541,849.009548989,57.096310973,381.478139242,,59.34320988,16.99674744,5.601483185,,28.82372946
911,Poland,2005,0.26201712,3.264453367,0.021324777,171.0577199,112.7331854,11.64945496,99.999997099,0.904294552,131.318512705,,53.73930438,16.59448281,,3.442644462,14.26421204,0.677346878,5.433370422,100.0,1281.869940145,34.89577497,0.27991813,0.675577871,11.86143682,,,0.860145579,73.58274146,0.095908251,11.15023474,8.204648402,0.761410558,88.52112676,65.13627184,0.00282677,0.328638498,0.241821216,40.26138614,,717.388413567,51.653223784000005,414.338808273,,58.67772676,17.105349264,5.843618949,,29.66621281
912,Poland,2006,0.262183215,3.264559937,0.025498474,230.392294,111.0138876,12.41838796,99.99999999799999,1.00306951,131.70997653,,54.68278025,16.77766073,,3.075184598,13.74626595,0.65181549,5.88950021,100.00000000600001,1258.06812121,36.74445769,0.332005751,0.742731863,11.47815772,,,1.080013577,98.11870508,0.128666553,11.91341991,11.68929335,0.948915825,87.86147186,86.20853845,0.002431199,0.225108225,0.220873276,39.06568992,,649.5278721679999,49.472036300000006,447.006204552,,58.83723236,17.104295051,6.067212552,,28.53955902
913,Poland,2007,0.262325632,3.264559937,0.023646224,266.1220349,98.65908692,13.81897819,99.999997642,1.110340352,131.830438766,,52.16994185,14.49898006,,3.01021094,14.64564004,0.647157501,7.283313781,99.999999993,1112.638815174,31.69995817,0.356761286,0.733274013,12.34995845,,,1.307275404,127.2216013,0.20606177,15.76269003,20.05354666,1.097171556,83.92811131,106.7746871,0.004042078,0.30919866,0.393367486,30.55644388,,535.690329074,43.230712648,486.53201837100005,,59.17342219,17.070698118,5.906814592,,33.33107809
914,Poland,2008,0.26228986,3.264773098,0.020806572,291.2042223,82.97826306,14.680892,100.000000001,1.161345772,131.986287949,5.676790667,47.61709183,13.44613937,30.27232285,2.653666807,14.2606997,0.595787353,8.338509405,99.999999996,932.6332958129999,27.67992148,0.387402124,0.720887599,13.29569077,96.7668191,21.9936781,1.484398761,150.505627,0.247049755,16.64308547,25.04878014,1.231670596,82.9743751,124.8811035,0.005678411,0.382539433,0.575743372,30.78940467,0.734854577,450.792230268,38.397000501,537.39601612,336.5874704,59.04139434,17.181145492,5.683943818,8765.983437,38.9367688
915,Poland,2009,0.288323403,3.591484916,0.022707022,261.718885,101.6262382,15.33192764,99.999999996,1.171334059,132.33413868,5.599319385,52.58959147,13.59435751,24.36061381,2.157056043,11.98376907,0.527815162,6.083545166,100.000000006,1177.962847704,34.58928213,0.398672632,0.71760329,12.51119827,,,1.897487291,197.7037299,0.205098304,10.80894215,21.3696818,1.684444525,88.77237459,175.5062957,0.007944462,0.41868326,0.827752422,30.47650563,,557.8454792599999,48.201119786,555.561322014,426.8058166,58.72298625,17.101568244,5.660921093,8854.686749,33.815956
916,Poland,2010,0.289148058,3.591484916,0.022669262,283.462119,99.05115281,15.32335896,100.000000003,1.238560396,139.482499661,5.586082184,56.70104001,12.81792539,19.60331756,1.755670993,10.27001329,0.7347098759999999,9.186996097,99.999999992,1211.798842155,32.22642237,0.402967248,0.688877305,14.01009487,97.00806041,30.22021303,2.012175397,216.4219622,0.192210088,9.552352574,20.67338888,1.813063314,90.10463585,195.006221,0.006901994,0.343011572,0.742352375,28.82478516,0.932057103,522.152337859,46.781077155,584.962292768,418.9708191,58.90844374,16.511908476000002,6.03078651,8955.989143,30.48095451
917,Poland,2011,0.262720569,3.265519381,0.020603543,283.8424092,91.01189942,15.74082731,99.999997905,1.253815366,141.580511404,5.616405346,61.48001631,13.16868387,20.17813016,1.785691982,11.00536462,0.801164537,11.037153812,100.000000003,1132.869307955,31.10374332,0.428497248,0.695264651,13.89248069,,,2.459512848,277.7244616,0.245294762,9.973306815,27.69831265,2.206494293,89.71265571,249.15399,0.007723792,0.314037475,0.872158887,24.35289185,,471.820422629,44.736552161999995,616.308116615,395.9024045,58.73047261,16.484005670000002,5.751929658,8849.640515,25.35129982
918,Poland,2012,0.262721197,3.265626021,0.02253201,293.1584721,92.63297618,15.44907652,100.00000218299999,1.205225136,141.562928626,5.760369403,62.48862087,13.11531012,17.22742903,1.476279385,9.397537209,0.808764769,10.522640735,99.99999999500001,1233.360630634,30.00622799,0.390403698,0.613293588,14.20490212,,,1.248993172,143.2154286,0.111797383,8.951000348,12.81921351,1.137133783,91.04403515,130.3891052,0.0,0.004964504,0.007109935,8.897168405,,497.897236377,48.926368313,636.569019864,419.2673716,59.32119041,16.640783749,6.254829534,8569.354033,24.39606901
919,Poland,2013,0.262879823,3.265732667,0.023948705,324.704715,83.71785105,14.76658682,99.999999999,1.135075303,141.843832699,5.9270505,60.57976598,13.05047033,15.82236718,1.340058669,8.824875666,0.782676963,10.611801264,100.000000002,1285.5458623650002,28.42396552,0.385381821,0.585202862,13.85080339,96.66234699,30.14471911,0.702277002,81.26462045,0.067663481,9.63487072,7.829741121,0.634613521,90.36512928,73.43487933,,,,15.09356533,1.040866642,480.684938115,48.571132089,658.543978075,411.3680707,61.4031457,16.635181638,6.370273938,8469.394329,26.36976369
920,Poland,2014,0.263076653,3.265945981,0.022289329,316.1061183,81.23348071,15.68130811,100.000000004,1.152049176,142.482118968,5.844329015,57.90019857,13.1035653,14.71027376,1.238366337,8.423714413,0.734068507,10.410521908,99.99999999799999,1240.3173235259999,26.78635318,0.379882686,0.55846377,13.84277866,,,0.451618063,54.30535122,0.013054585,2.890625,1.569764059,0.423509543,93.77604167,50.92540878,0.015053935,3.333333333,1.810178374,18.20556502,,467.852297415,47.964352623,680.227987454,403.7820141,61.48648649,16.848829573,6.52128582,8418.377233,28.99630625
921,Poland,2015,0.263252028,3.265945981,0.02773869,348.3993698,97.78496375,16.50264996,100.00000000200001,1.228184173,143.840752517,5.871958476,54.19203812,13.85073552,13.2279182,1.09656522,7.734344586,1.021380152,12.828587232999999,99.999999997,1457.929438139,32.27758468,0.405408123,0.574782314,13.5514955,,,0.584051675,73.3571907,0.079178369,13.55674029,9.944843827,0.504873306,86.44325971,63.41234687,,,,16.06581623,,535.559428863,56.156189706999996,705.3246302580001,465.5224171,61.69725963,16.675649047,6.638675863,8289.779266,31.95722636
922,Poland,2016,0.289701733,3.592540579,0.031598721,391.1546476,113.3131959,18.16439414,99.99999812,1.402682722,144.029850751,5.987243843,51.49986601,13.27835002,13.15978308,1.081575954,7.969431305,1.150812108,14.245687668999999,100.000000003,1605.54905639,35.95556493,0.445087208,0.604052664,13.02922174,,,0.801044677,103.6280176,0.076893814,9.599191647,9.947452008,0.724150863,90.40080835,93.68056557,,,,11.98268512,,572.890222209,59.523890959,736.8351039300001,489.2148205,62.06355844,16.670656809,6.660945195,8218.79774,35.22178397
923,Poland,2017,,,,,117.3062738,20.13006938,99.999999996,1.620644819,144.730069535,6.17548197,51.90229345,12.45475029,11.8836236,0.975747992,7.454938701,1.154078138,15.94416785,100.000000003,1621.770704177,38.12128744,0.526664691,0.689330973,14.1322308,,,0.798519665,108.5971366,0.109542393,13.71818354,14.89755451,0.688977271,86.28181646,93.69958205,,,,13.86506936,,529.764624877,55.301863594,764.022960899,454.0759971,61.71065646,16.699061187999998,6.953843944,8210.862484,35.64295626
924,Poland,2018,,,,,107.5493343,20.82712615,99.999998424,1.667499615,145.473756437,6.30412429,52.97791706,11.9009822,11.69585864,0.948955983,7.536586811,1.265671827,19.623618328,99.999999992,1560.504442582,36.51619864,0.566165676,0.712877485,13.91764581,,,0.627226069,90.37342462,0.092546177,14.75483581,13.33445042,0.534679893,85.24516419,77.03897421,,,,14.83146067,,481.008824139,51.223666609,794.1977234809999,415.6086902,61.7732861,16.911034934,7.40451093,8113.606809,35.12110074
925,Poland,2019,,,,,107.8641357,22.38650912,99.999999999,1.693468395,145.682924484,6.146343337,53.61878671,13.38037011,11.65371364,0.928553209,7.662224692,1.30329831,20.461801155,99.999999999,1577.375221511,36.573593,0.574205907,0.695856307,13.92295205,,,0.587067816,88.3726552,0.122963069,20.94529215,18.50991081,0.453573794,77.26088575,68.27749616,0.010530952,1.793822106,1.585248225,16.60641118,,487.46429859299997,52.559116964,825.178850012,418.7844168,61.89369286,16.946442845,7.192940941,7967.87391,33.00084318
926,Poland,2020,,,,,102.4012778,22.52630469,99.999998369,1.61966262,147.44128312,6.423714062,54.6711474,11.79678284,10.89595262,0.771047348,6.57272065,1.041652464,16.475628552,99.999999996,1780.654763849,35.0325375,0.554103306,0.650019844,12.58674404,,,0.736031402,108.7486522,0.118921731,16.15715448,17.57068773,0.609666369,82.83157038,90.07821636,0.007443303,1.011275137,1.099748081,13.57186173,,408.36876156899996,53.894566160000004,852.440600814,381.3825536,62.49290615,16.845263312,6.729664639,7076.45651,33.53206976
927,Poland,2021,,,,,97.7693618,22.19668879,100.00000000099999,1.759832113,147.293041465,6.598322493,53.95120014,10.72802747,9.029118404,0.674069521,5.947472978,0.97478069,17.595062337,99.99999999799999,1419.661808765,33.75670714,0.609317944,0.690583474,13.24887963,,,0.67958752,107.8014057,0.118610483,17.453305,18.81490814,0.549803861,80.9025836,87.2141224,0.011173176,1.644111397,1.772375198,14.93502675,,394.40702019400004,48.881429124,882.3233791319999,364.924681,62.74174314,16.882271297000003,6.223986278,7465.507607,35.32077239
928,Poland,2022,,,,,,,,,146.59817052699998,6.375308462,56.26227874,10.20056704,7.41525838,0.555910672,5.149130749,0.906426847,16.979638857,100.000000001,1408.558498973,34.06965693,0.638209771,0.689024303,13.278738,,,0.607942375,104.3112054,0.131293178,21.59631948,22.52738116,0.463445078,76.2317445,79.51825157,0.013204119,2.171936019,2.265572641,15.25423729,,416.26596799,49.446234014000005,926.251466256,370.6909154,62.7124774,17.187259825,6.516593246,7496.8483,33.53715422
929,Poland,2023,,,,,,,,,146.929761502,6.41049346,55.74798102,10.8469407,,0.539097513,5.160027781,0.7710029140000001,17.049080699,99.99999999900001,1169.726282238,28.59857959,0.632396432,0.660700597,12.94801918,,,,,,,,,,,,,,,,31.79249854,43.285233440000006,957.1603753470001,,62.46481396,17.344431711,6.738891198,,33.40507828
930,Portugal,1994,,,,,124.6697688,28.23992306,99.999999995,1.24391752,3.355191257,,,,29.20562301,,21.97862689,2.460367198,24.548805109,100.0,259.109928175,41.08636677,0.40994743,,,,,,,,,,,,,,,,,,755.3567997490001,35.836490054,357.565736959,754.2297373,15.04885993,,,,
931,Portugal,1995,,,,,109.3494784,27.34718083,100.000007746,1.288266633,3.349726776,,49.17843004,9.870546554,30.23079834,,23.90741994,1.962059804,23.115393147,100.0,224.093662017,35.07442545,0.41321836,,15.03492392,,,1.049101582,165.6377471,0.220154079,20.98501071,34.75909897,0.827824268,78.90792291,130.7013058,0.001123235,0.107066381,0.177342342,14.50116009,,671.888082051,32.12334812,378.451166276,671.2650721,17.03099511,,3.845152752,,40.9510234
932,Portugal,1996,,,,,111.6660421,30.19381959,99.99999999600001,1.360724348,3.356284153,,48.90264455,9.527918926,49.12683918,,23.78788835,2.2174437549999997,27.021014126,100.000000004,410.980300313,34.45975665,0.419914854,,15.31724551,,,1.074703658,174.9722452,0.275565041,25.64102564,44.86467825,0.792779424,73.76725838,129.0722282,0.006359193,0.591715976,1.035338729,16.88888889,,676.86435823,33.019899833,402.36924986400004,397.3635593,19.99348746,,3.903952284,,41.56943652
933,Portugal,1997,,,,,121.7366629,30.07339388,99.99999999599999,1.409236464,3.320218579,,48.48337748,9.903384676,44.98086787,,21.86175713,2.498286973,28.92043379,100.000000002,465.384523259,37.34321878,0.432289044,,15.8137865,,,1.42185708,240.6114662,0.465157368,32.71477663,78.71550373,0.94790472,66.66666667,160.4076441,0.008794992,0.618556701,1.488318348,11.49635036,,743.1837305879999,36.948491559999994,427.71963965599997,419.8505779,24.06188282,,3.956473076,,41.61323784
934,Portugal,1998,,,,,125.211409,29.81011909,100.000000001,1.527552323,3.053551913,,45.88273322,9.269181011,40.68120934,,20.92479318,2.660242984,32.454393594,99.999999998,447.555549883,40.01542171,0.488179559,,16.25043575,,,1.294976396,228.5142443,0.48135045,37.17059639,84.94010747,0.812727905,62.76005548,143.4156665,0.000898042,0.069348128,0.15847035,17.87658802,,740.27742038,37.460114333,457.005356946,421.6141005,31.24552613,,4.014477858,,44.84808577
935,Portugal,1999,,,,,127.4606327,27.8302103,99.99999384399999,1.590108583,3.075409836,,43.65002316,9.415258915,,,19.52469742,2.810754598,35.064986411,99.999999997,458.797509994,41.88423503,0.522518093,,16.7642502,,,0.747470983,136.285088,0.285945276,38.25503356,52.13590616,0.461525708,61.74496644,84.14918187,0.0,0.0,0.0,27.55905512,,764.6272611460001,39.184015903,488.832068828,,32.01847903,,4.122766526,,46.93471793
936,Portugal,2000,,,,,148.4881191,30.44217311,99.999716092,1.711529308,3.075409836,,45.34628401,9.760263609,,,18.04682612,2.929686007,33.768653485,100.000000001,496.31444593,45.77370906,0.527604841,,17.10896842,,,1.061407071,199.4924521,0.312270166,29.42039618,58.69146976,0.748358177,70.50623624,140.6546196,0.000778729,0.073367572,0.146362767,11.75390266,,826.647734549,44.936131974000006,517.950615223,,32.12508884,,4.131738907,,44.89345238
937,Portugal,2001,,,,,146.8199917,30.91235964,99.999154248,1.722898096,3.075409836,,48.60671513,10.28126746,,,16.1251069,2.544642475,29.860783678,99.99999999699999,534.434432572,45.95239175,0.539240559,,16.16388681,,,1.549622435,294.8180305,0.307862252,19.86692015,58.57126272,1.24102367,80.08555133,236.1066452,0.000736513,0.047528517,0.140122638,11.96447231,,813.415313105,46.15277971,541.592064359,,32.16062544,,4.100896216,,41.11201741
938,Portugal,2002,,,,,137.1620492,29.96817711,99.999453722,1.774423298,3.061202186,,49.92990163,10.70110875,,,16.07542532,2.021757911,26.154860955,99.999999999,479.978306113,41.76695277,0.540326236,,15.41870998,,,1.509600593,287.8423265,0.366877839,24.30297398,69.95424571,1.136409369,75.27881041,216.6842793,0.006313385,0.418215613,1.203801551,10.04997224,,738.249774983,43.530690324,563.143166969,,37.37950732,,4.060899288,,39.36898962
939,Portugal,2003,,,,,117.629213,34.15261441,99.998440993,1.85828068,3.079781421,,53.7886857,11.07464163,,,14.78178085,,,100.000000002,358.488470097,34.67973796,0.5478629,,14.66299268,,,1.538326111,289.4955097,0.481967771,31.33066311,90.70086285,1.05225066,68.4023142,198.0216281,0.00410768,0.267022697,0.773018718,12.57110353,,606.039558693,,,,38.18310859,,4.100850899,,35.13667266
940,Portugal,2004,0.572308236,6.557377049,0.045628931,824.2478606,105.0523024,34.22815238,99.993154065,1.897681398,3.113661202,,52.42441535,10.87941951,,,12.34278097,,,100.0,462.39132387300003,37.93153124,0.685200877,,15.03468738,84.08555207,94.68845058,1.592791905,304.3993717,0.31790156,19.95876289,60.75434884,1.269635774,79.71134021,242.6408188,0.005254571,0.329896907,1.004204113,10.75715605,17.921205,535.69521537,,,,48.15724816,,4.085156301,,36.69616514
941,Portugal,2005,0.571247404,6.559527714,0.048472227,910.314824,96.68387927,31.06788642,99.984117467,1.815735581,3.103749863,,52.76571991,10.50314367,,,11.87242522,,,100.000000001,463.17579999699996,35.67600536,0.67000009,,15.44472291,,,1.606405905,308.827823,0.261742619,16.29367884,50.31941363,1.332049184,82.92108363,256.0833773,0.012614102,0.785237534,2.425031982,7.732634338,,513.4556396520001,,,,50.58119056,,4.056968653,,36.73113642
942,Portugal,2006,0.570218188,6.559527714,0.052130129,1034.232954,91.08828525,33.68632946,99.99999999900001,1.80714185,17.195801903,,53.25606688,10.70735961,,,9.209023741,,,99.99999999900001,461.41863341699997,32.30609786,0.640935127,,14.9941995,,,1.359312898,265.0763094,0.184650026,13.5840708,36.00815353,1.166843815,85.84070796,227.5433806,0.007819056,0.575221239,1.524775231,9.47270182,,484.23641725000004,,,,50.58119056,19.74398759,4.200001558,,36.03657352
943,Portugal,2007,0.569099923,6.559527714,0.050677965,1156.018554,79.74662885,35.10560461,99.999999996,1.819104855,17.207827699,,52.72747733,11.12266165,,,9.238388749,,,100.00000000200001,412.743587316,28.10662349,0.641142128,,14.92208694,,,1.021179205,203.7437467,0.18748212,18.359375,37.40607849,0.827998541,81.08258929,165.2007053,0.005698545,0.558035714,1.136962872,11.67173252,,422.9558993929999,,,,50.59901339,20.252674,4.482972801,,36.14986102
944,Portugal,2008,0.473566602,5.466273095,0.049815951,1242.859634,73.03188561,36.41284924,99.999994801,1.822075534,17.308407127,3.419697221,53.26951856,12.13588231,,,8.382128847,,,100.00000000200001,319.818790229,24.9971891,0.623655611,,14.4974768,89.3823193,94.55368406,0.985467668,196.9588742,0.21886874,22.20963173,43.74384063,0.762690558,77.39376771,152.4338936,0.00390837,0.396600567,0.781140011,9.356337094,11.23198451,383.348267568,,,,51.37227305,20.57736721,4.363627403,,34.59459913
945,Portugal,2009,0.567738434,6.550933508,0.051799445,1199.219606,77.4723886,35.71255964,100.000005274,1.793579957,17.418932198,3.531300161,55.66776637,13.20874986,,,6.973720429,0.757476485,17.536493987,100.000000004,311.440967024,26.81188012,0.620727354,,12.81033011,,,0.750214759,145.1117974,0.205225922,27.3556231,39.69623637,0.542138477,72.26443769,104.8642244,0.00285036,0.37993921,0.551336616,11.53488372,,17.010436734,,,,51.37227305,20.62995729,4.502172613,,31.12348377
946,Portugal,2010,0.567477845,6.550933508,0.058225149,1311.267746,77.80522587,38.95272494,99.999994599,1.752223662,17.432034061,3.551540209,52.26771953,12.49699667,,1.329649481,8.862112342,1.065195936,23.988896347,99.99999999699999,315.13059749,27.39784517,0.617017063,0.925757185,13.82411119,89.53593235,124.0726607,1.066194362,209.7213402,0.224374062,21.04438642,44.13456924,0.841263541,78.90339426,165.4772559,0.000556759,0.052219321,0.10951506,6.323620583,14.50037633,17.308707094000003,29.595066191,666.499891221,,52.33907844,20.85651147,4.712200547,,35.2352838
947,Portugal,2011,0.663031988,7.642755759,0.059751563,1387.269502,70.16429917,36.54990377,99.999999996,1.629025267,17.69297958,3.569412274,58.38646368,12.33436538,,1.255819087,8.439450024,0.738395518,17.143544528,100.0,329.114400315,24.90794705,0.578295085,0.860522906,13.14048196,,,,,0.189101216,,36.62156389,,,,0.000567872,,0.109974666,,,16.947002626,28.945129627,672.027532908,,58.3392985,21.36306017,4.652439766,,29.27917094
948,Portugal,2012,0.665725521,7.642755759,0.067636204,1390.851733,73.22007448,34.66575045,100.000000001,1.505676642,18.369909381,3.646463535,63.88077623,14.18853095,,1.101525521,6.828441772,0.522147666,10.737296719,100.000000003,325.730421886,25.74622272,0.529438032,0.854059423,12.00591839,,,0.215691953,40.2387811,0.051100573,23.69146006,9.533154751,0.162808802,75.48209366,30.37307444,0.001782578,0.826446281,0.33255191,37.58542141,,17.640656196,30.145704170000002,619.90772282,,64.14797324,20.91851022,4.718998251,,21.93069282
949,Portugal,2013,0.669389168,7.641504285,0.068452477,1482.215143,68.9152503,35.6751634,99.999993591,1.49223542,18.365809726,4.058967671,60.84267648,15.58185514,,0.962280711,6.091441429,0.001033414,0.022376724,99.999999999,374.711811686,23.98631929,0.519380557,0.82047886,11.663962,91.51246779,145.5540722,0.165403394,30.74081502,0.041644117,25.17730496,7.739708747,0.123759277,74.82269504,23.00110628,0.0,0.0,0.0,45.19480519,13.49974387,16.167460265,29.234536653,633.021254581,,64.03301887,21.2535014,4.812196895,,23.57546838
950,Portugal,2014,0.673008199,7.641420868,0.074114663,1638.208771,68.24259659,36.62679317,99.999993631,1.508413948,18.400541453000002,3.899806594,56.37430132,15.0051528,,0.895608794,6.13398901,0.140960047,3.115739528,100.000000004,342.052977682,24.03440282,0.531249392,0.775664296,12.28620068,,,,,0.069342641,,13.05933958,,,,,,,,,16.809923483,30.985573177,684.896023106,,64.02199529,21.4185884,4.732175784,,28.62054588
951,Portugal,2015,0.579258156,6.549789315,0.092616228,1782.873093,79.09009669,33.60279972,99.99999366200001,1.522492787,18.400541453000002,3.786779258,51.6695884,14.58484051,,0.8295095,5.725001438,0.191224256,3.681089036,100.0,358.576018134,28.44491661,0.547567932,0.793384607,12.35727408,,,,,0.098490284,,18.95948453,,,,,,,,,19.908842389,35.852619717,690.16707352,,64.37549097,21.47449336,4.91192259,,33.74557109
952,Portugal,2016,0.774784484,8.73305242,0.100208645,2003.368472,79.20186864,35.23699565,99.999993879,1.583401579,18.403816343000003,4.097145681,50.86290665,13.09207183,,0.76976484,5.452545806,0.205933209,4.117011053000001,100.000000002,366.818889582,27.50766123,0.549932407,0.776368776,12.77592401,,,,,0.042361564,,8.34533971,,,,,,,,,20.148150184,35.431179214000004,708.339160384,,64.37549097,21.6446587,4.803178806,,36.04502152
953,Portugal,2017,,,,,75.44322524,32.91172245,100.000000004,1.621307341,18.403816343000003,4.289311681,50.61202552,12.80711926,13.61282591,0.792467922,5.844489966,1.331722054,28.61926352,99.99999999500001,338.283258652,26.06387151,0.560123492,0.759484406,13.25832058,,,,,0.056137569,,11.47585635,,,,,,,,,19.908665003,34.317849452,737.504927006,199.7806702,64.37549097,21.6446587,5.000332108,5821.479883,36.58085522
954,Portugal,2018,,,,,69.41398896,35.62773659,99.999999996,1.6355709,18.403816343000003,4.243688413,50.76588056,12.81836736,15.55629212,0.890721391,6.845703864,1.257546946,29.631006834,99.999999997,298.83649269,24.02847758,0.56617209,0.736668722,13.44244836,,,,,0.064332463,,13.54643658,,,,,,,,,18.589046232,32.617751851,768.5572542680001,186.7625592,64.37549097,21.6446587,4.959438484,5725.794963,36.41575208
955,Portugal,2019,,,,,71.65687951,40.61606792,99.999999999,1.671813563,18.381983712,4.450235134,51.70850095,13.69089149,,0.83334815,6.698253778,1.2576765010000002,29.342629095000003,99.99999999699999,285.718211669,24.91884647,0.581377221,0.723307369,13.59198844,,,,,0.100758196,,21.7804317,,,,,,,,,20.776383931999998,34.451254806,803.776162413,,67.14172605,21.6446587,5.096128525,,34.60060756
956,Portugal,2020,,,,,62.56987551,39.23998794,99.999999999,1.391704601,18.395083292,4.397938937,55.58799973,7.621759238,,0.645398382,5.205358684,0.9135537069999999,20.319642041,99.999999997,237.987692653,22.52633871,0.501040208,0.621226238,11.34799202,,,,,0.109715366,,21.72582857,,,,,,,,,11.169705234,36.261087057,806.534201356,,67.14172605,21.71727749,3.991565895,,36.79024104
957,Portugal,2021,,,,,60.8284266,44.16185593,99.99999352999998,1.496286397,18.396174923,4.580404046,56.08927418,10.63142645,,0.66610584,5.414101041,0.849868319,20.958747537,99.999999995,275.926397901,21.82949729,0.538340955,0.662329815,11.9314768,,,,,0.142094626,,29.56701989,,,,,,,,,11.427232474,32.958651102,812.7989155390001,,70.87455481,21.73123909,4.149929811,,33.27929938
958,Portugal,2022,,,,,,,,,18.403816343,4.630131024,52.87858831,12.50236409,,0.71608611,5.936768231,0.891183525,21.84759528,99.999999995,271.51470966,22.884318,0.561014991,0.676689787,12.09590116,,,,,0.195283715,,43.20826877,,,,,,,,,17.31606186,33.818033685,829.057867564,,70.87455481,21.72062517,4.628643293,,34.6190476
959,Portugal,2023,,,,,,,,,18.411457763,4.487569724,,,,0.735369666,6.099561373,0.9771705470000001,26.652422957,,95.25920218,21.52710972,0.587154039,0.707879211,,,,,,,,,,,,,,,,,16.75840208,30.410710446,829.4551239049999,,70.87455481,21.71002162,,,
960,Romania,1994,,,,,294.0765155,7.873543722,100.095921084,0.389073731,34.723105747,,,,,,12.65716363,,,100.000000002,3174.382957107,,,,,,,,,,,,,,,,,,,,608.996820749,0.83617075,1.106280976,,33.9898013,0.165400547,,,
961,Romania,1995,,,,,217.9959909,6.939190085,99.996286596,0.359704853,34.68517147,,32.00720072,47.84878488,,,12.54173046,,,100.00000000099999,2830.815952471,,,,10.53180396,,,2.351982761,95.62824737,0.249651801,10.61452514,10.15048436,1.248259007,53.0726257,50.75242179,0.854071952,36.31284916,34.72534122,22.76422764,,504.412587074,0.590032176,0.973582134,,33.9838256,0.165633291,5.183881606,,20.1440144
962,Romania,1996,,,,,310.6653959,9.490344704,99.981953774,0.507119633,34.800888809,,33.57464989,47.21101353,,,12.57791899,,,100.00000000099999,2877.7846945220003,,,,10.15437641,,,2.054848652,86.95831669,0.17562809,8.547008547,7.43233476,1.361117697,66.23931624,57.60059439,0.518102865,25.21367521,21.92538754,,,497.174663319,0.628533361,1.025995663,,34.15019763,0.164987589,6.242734033,,19.21433658
963,Romania,1997,,,,,328.1106447,10.5711986,100.03503931700001,0.517540675,34.797629934999996,,41.99583316,39.72107658,,,12.69399128,3.6231686400000003,5.71495636,99.999999991,2989.0052038999997,,,,12.73107174,,,1.937247305,78.10321519,0.137254364,7.085020243,5.533628606,1.450974702,74.89878543,58.49835955,0.349018239,18.01619433,14.07122703,,,444.01686983300004,0.681626257,1.075154015,,34.64850615,0.164985181,6.484113607,,18.28309027
964,Romania,1998,,,,,264.4819047,11.43061311,100.20329406900001,0.489967497,34.669628471,,47.42547425,34.38629178,,,12.34263803,2.579138593,4.777996018,100.0,2012.661043491,,,,12.47139508,,,1.726667693,68.26199065,0.124298457,7.198748044,4.914008717,1.313240218,76.05633803,51.91757035,0.289129019,16.74491393,11.43041158,,,321.922438428,0.636798288,1.179703834,,35.68574024,0.164751852,6.327885062,,18.18823397
965,Romania,1999,,,,,258.2395073,11.29657775,100.223576275,0.413159063,34.732578395,,47.33713995,36.53923712,,,11.14718557,2.522560135,4.035859673,99.99999999600001,1881.7179382160002,,,,11.98902662,,,1.685217972,66.48485881,0.088886631,5.274488698,3.506736364,1.309717304,77.71797632,51.67068683,0.286614036,17.00753498,11.30743562,,,342.250344934,0.798845014,1.278077113,,35.89836991,0.164327783,6.570975275,,16.12362293
966,Romania,2000,,,,,253.2448416,10.94188753,100.148797204,0.420368453,36.533890557,,48.45057573,36.54596363,,,11.1348894,1.940476337,3.2210530410000002,99.99999999900001,1948.9077594340001,,,,11.59448837,,,1.919055904,77.6145601,0.106339438,5.541237113,4.300806809,1.554286901,80.99226804,62.86179255,0.258429564,13.46649485,10.45196073,,,312.26980844200006,76.508641474,126.998916467,,35.86019065,0.154991976,6.34381804,,15.00346064
967,Romania,2001,,,,,285.6625166,12.5019939,100.025365331,0.521389194,36.541291197,,48.449932,36.54519559,,,11.11966083,2.19021524,3.997565513,99.999999994,2031.16512425,,,,11.67230598,,,2.129627894,90.29407203,0.126073971,5.92,5.345409064,1.629591265,76.52,69.09302392,0.373962658,17.56,15.85563905,31.70296323,,271.49661231700003,73.199194612,133.60265712400002,,35.86019065,0.154955844,6.821425486,,15.00487241
968,Romania,2002,,,,,255.7340593,12.95284489,100.05229821500001,0.542119149,36.685952925,,48.45123181,36.54414943,,,11.035183,1.97431906,4.185270322,100.000000003,2095.6824160349997,,,,11.43957087,,,1.732431873,79.45395089,0.218031608,12.58529189,9.999511636,1.301622431,75.13267627,59.69587971,0.212777834,12.28203184,9.758559548,26.99815838,,184.584102853,66.167127706,140.26472290400002,,35.90256317,0.154102117,6.945108926,,15.00461876
969,Romania,2003,,,,,214.7494692,13.02280866,100.04962183899998,0.575401058,39.172863670000005,,48.45084941,36.54528515,,,10.35953568,2.050240673,5.4934276959999995,99.99999999799999,1830.572843568,,,,11.6639114,,,1.897689425,94.88728271,0.19331213,10.1867106,9.665892884,1.383927269,72.92696321,69.19841375,0.320450026,16.88632619,16.02297608,27.47132714,,147.565972819,54.754419375,146.709334018,,35.79489031,0.143036164,7.662105347,,15.00386544
970,Romania,2004,0.372929982,3.47826087,0.034245762,119.6886147,171.768977,13.96599514,100.071741679,0.600330985,36.799565214,,58.96761086,28.49205037,,,11.27180871,2.0281657099999997,7.088420021,100.0,1720.669451257,,,,12.50250322,96.88528033,47.7900254,2.224462714,116.3180542,0.095631871,4.299099761,5.000629191,1.813327405,81.51754547,94.81962274,0.315503438,14.18335477,16.49780229,25.72815534,1.536379228,115.231644647,44.106185272000005,154.150701338,,35.87261377,0.309841546,7.637155062,,12.54033877
971,Romania,2005,0.422145074,3.913383773,0.031556219,145.726731,122.2941394,13.17899577,100.258911813,0.564754733,36.950604399,,58.28091706,23.39731538,,,12.38761267,1.879134273,8.677848663999999,100.0,1600.021866047,,,,17.46952726,,,1.994688036,107.894837,0.13769692,6.903180706,7.448175569,1.68059962,84.25375743,90.90545423,0.176391497,8.843061866,9.541207185,24.22194279,,81.12089786099999,34.564759797,159.620181988,,36.52721958,0.30797909,8.219243778,,18.32176757
972,Romania,2006,0.519020693,4.783024611,0.034858661,200.6998286,102.5822508,13.11718106,100.049810391,0.590620447,39.456039652,,54.35166226,23.40570919,,,12.20642302,1.698890779,9.781416795,100.0,1364.595032692,,,,18.00667713,,,2.329600721,136.9599012,0.104737215,4.495929869,6.157621104,2.005761422,86.0989355,117.921017,0.219102084,9.405134627,12.88126309,34.79704097,,66.331746034,27.297623472,157.16692083,,36.75039392,0.285171103,8.101553209,,22.24262855
973,Romania,2007,0.478858814,4.349906477,0.026820761,224.2306199,76.01036434,14.33632964,100.04639594199999,0.635472319,39.87559267,,51.09085164,27.50290782,,,13.4080468,1.839963569,15.382716896,100.0,977.392024432,,,,15.87435025,,,2.723336241,187.0927054,0.243603871,8.945053049,16.73554175,2.198542558,80.72975071,151.0394747,0.281189811,10.32519624,19.31768899,32.26460158,,42.837825812000005,21.085655896,176.28320514199999,,36.73564072,0.347372455,8.937871357,,21.40624055
974,Romania,2008,0.53559582,4.784688995,0.025685922,268.0381977,69.27142942,16.27260358,100.082917642,0.72286237,40.347542413999996,5.105717052,51.43375031,27.09719194,77.50271828,,14.92364716,1.3874667847,14.478518343000001,100.0,765.437487476,,,,15.05850527,94.96929869,32.02161486,3.204685287,242.9902584,0.215806842,6.734104046,16.36321682,2.654516772,82.83236994,201.2745897,0.334361673,10.43352601,25.35245181,,1.696244808,32.481076351999995,19.475193552,203.227889891,184.5255516,36.84747334,0.342791617,7.84503751,,21.46905776
975,Romania,2009,0.589174305,5.216030601,0.03353985,286.7002689,85.46521033,19.17922433,100.082723512,0.730560771,40.345127353,5.167694527,56.78258518,20.90855095,69.32877256,,13.73267109,0.6857980720000001,5.862235238,99.99999998999999,670.444951602,,,,13.19847788,,,3.049570687,222.5314903,0.141647755,4.644842495,10.33623723,2.479777523,81.31562693,180.9528765,0.428145409,14.03953057,31.24237662,,,35.216474053,25.262066012000002,215.94136773099999,231.725872,37.11053412,0.391301168,9.216237117,,22.30886387
976,Romania,2010,0.642074521,5.650945447,0.036716406,308.3373722,81.22710149,18.46211298,100.111404014,0.682129698,40.50032602,5.048936401,48.84270562,23.46793547,57.65499175,,11.74008567,0.57330687234,4.8145217113,100.0,630.16860516,,,,11.30512015,94.20812168,48.52106629,2.683328882,194.4087511,0.131584719,4.903786468,9.53339003,2.221764483,82.79881371,160.9681397,0.329979681,12.29739982,23.90722141,,2.983056097,32.0046684,26.33010573,221.115203466,242.4757715,37.27399166,0.402981089,6.837227557,,27.68935892
977,Romania,2011,0.496338806,4.34461485,0.032339381,309.1696411,72.84237464,17.33543336,100.109661651,0.696384638,41.047921104000004,4.964739416,50.70933417,25.16594282,46.8007143,,10.01611711,0.43499529,4.158624323,100.0,554.032042652,,,,10.65810002,,,2.861359941,208.1921767,0.116484359,4.070943935,8.475386792,2.370218287,82.83537674,172.4567739,0.374657295,13.09367932,27.260016,,,26.356704529,23.340960729,223.143305681,223.8627207,37.30166094,0.418145108,4.999966325,,24.12472301
978,Romania,2012,0.598263987,5.216937658,0.033565946,299.7683971,85.48778357,19.47133971,100.020093155,0.763468306,41.284236151,4.91023645,48.75836104,25.5701971,45.23102822,,10.18045885,0.398011772,3.554535627,100.00000001,630.166916965,,,,11.49465035,,,2.504391417,182.2163638,0.084504499,3.374252844,6.148440838,2.219329575,88.61752041,161.4756234,0.200557343,8.00822675,14.59229959,,,25.537427726,26.250879541,234.439515165,252.025182,37.30166094,0.653323039,7.059362523,,25.67144186
979,Romania,2013,0.500408008,4.347259053,0.031968706,303.6134012,78.59884494,21.50884576,100.020633875,0.746469534,41.583706468,5.231754881,49.08921694,27.82799666,39.32631757,,9.312593023,0.32901756800000004,3.1247477630000002,100.0,632.708388827,,,,12.37592698,96.97177472,45.12430631,2.243023267,171.659828,0.146136124,6.51514082,11.18387952,1.909269258,85.12035011,146.1174466,0.187617885,8.36450907,14.35850188,,1.409137509,23.257834383000002,25.950177775,246.454196401,249.3397169,37.41641902,0.758655625,7.526927304,,23.0827864
980,Romania,2014,0.502285928,4.346314325,0.03371176,338.1741977,76.49422078,22.29337551,99.99999345500001,0.767339701,41.785031289,5.225092072,51.93711566,25.10539543,36.60746647,,9.131558178,0.379873636,3.8106424239999996,100.0,602.318437157,,,,11.66660303,,,2.049407035,168.2308559,0.184488494,9.002042603,15.14421332,1.656210325,80.81412314,135.954291,0.208708216,10.18383426,17.13235153,,,24.931017363000002,25.803882903999998,258.847578292,248.6658654,37.38517213,0.800121834,6.938643238,,22.9574889
981,Romania,2015,0.504652492,4.346314325,0.042438915,380.972209,86.54886243,22.01895604,100.000000005,0.776945264,42.024513209000006,5.753630932,48.46147882,29.68870263,36.28313495,,9.553071678,0.507094845,4.552167341,100.0,752.112646375,,,,12.40540587,,,2.307086893,207.1061576,0.200829816,8.704909058,18.02840267,1.790627268,77.61421011,160.7438083,0.315629808,13.68088083,28.33394662,,,28.966281319,30.475116174,273.573730932,293.2980724,37.4187558,0.869413408,7.341546791,,21.84981855
982,Romania,2016,0.507555806,4.346314325,0.048934335,460.1971438,88.84873914,24.07796526,100.000000005,0.835567349,42.095792763999995,5.761624276,50.57175824,28.93218638,35.62781689,,9.709542562,0.567684953,5.338725742,100.0,820.304213253,,,,11.68452687,,,1.711144711,161.9518167,0.156491735,9.145441266,14.81120828,1.413185512,82.58714199,133.7513768,0.141467464,8.267416743,13.38923161,,,26.940206007,31.081254494,292.29996735500004,289.7872882,37.40486356,0.867797398,7.078971958,,20.49605538
983,Romania,2017,,,,,83.71031156,24.81752443,100.00000000099999,0.898041857,42.10405076399999,5.849435623,47.08162511,27.26840706,35.3000778,,9.959816149,0.548772573,5.887216185000001,100.0,781.275378925,,,,12.88341144,,,1.316080405,133.0072878,0.115074839,8.743754461,11.62983066,1.14464238,86.97359029,115.6812136,0.056363187,4.282655246,5.696243589,,,26.96883054,30.000328752,321.842652808,263.0014082,37.40486356,0.886189154,6.990056057,,25.64996782
984,Romania,2018,,,,,74.30860382,25.22993839,99.999999997,0.92844325,42.158814321,6.067909041,51.0898975,24.62028276,32.81252746,2.432540962,9.587156599,0.578642517,7.229804709000001,100.0,700.154075526,,,,12.79435309,,,1.239444597,123.6311312,0.088732847,7.159081349,8.850853258,1.058642298,85.41263565,105.5966077,0.092069452,7.428282998,9.183670302,,,22.940980243,31.543758145,394.121075484,233.8481357,37.42684626,0.954379943,6.922040332,7413.451965,24.28981974
985,Romania,2019,,,,,73.90172799,26.46524103,99.999999995,0.957618526,42.224443672999996,6.068102618,49.92654938,24.70030489,31.81484579,2.274516025,9.622309883,0.686604702,8.897023113000001,100.00000001000001,712.934842527,,,,12.17891664,,,,,,,,,,,,,,,,23.55064201,32.647685056,423.04867402400004,233.4057607,37.44771819,1.002419233,6.879549433,7149.228507,25.37314574
986,Romania,2020,,,,,71.61281241,27.80593342,99.999994446,0.934365139,42.402642557,6.230506999,46.31819607,25.91603384,,,,0.539567327,7.039981313,,0.003536725,,,,11.0101825,,,,,,,,,,,,,,,,0.007106895,34.343100129999996,448.09011042,240.0596611,37.45937413,1.060017744,6.889467624,6990.040507,27.76577009
987,Romania,2021,,,,,67.19252746,27.48130387,99.999999997,1.002990709,42.14316759,7.062183734,45.07661717,25.2216194,,,,0.463111461,6.921953332,,0.005682092,,,,11.43192488,,,,,,,,,,,,,,,,0.009514026,31.603478785,472.36534519099996,217.4904546,37.48606466,1.080058933,6.747287452,6881.851711,29.70176343
988,Romania,2022,,,,,,,,,42.150990956,7.160695108,46.31829077,25.91601341,,,,0.480190946,7.535303836,,,,,,11.27436,,,,,,,,,,,,,,,,,31.247939484,490.352264759,214.2951425,37.98398493,1.098812033,7.597531974,6857.896747,27.76569582
989,Romania,2023,,,,,,,,,42.158814321,7.456491758,,,,,,0.46187614,8.507504888,,,,,,,,,,,,,,,,,,,,,,,27.438850072,505.40855228999993,188.0752119,37.99830365,1.154095476,7.29013395,6854.340158,
990,Russia,1994,,,,,,12.97020415,99.271907271,1.395175488,0.533955424,,,,,,23.98726558,,,99.999999997,,,,,,,,,,,,,,,,,,,,,,,90.087205055,,44.40658976,,,,
991,Russia,1995,,,,,,12.33246747,98.84247372799999,1.286852126,0.533557043,,,,,,22.09996702,,,100.000000002,,,0.156359744,,,,,1.319559564,64.14810968,0.491542973,37.25053315,23.89551286,0.797145525,60.40996912,38.75185325,0.030871066,2.339497724,1.500743566,,,,,99.216572306,,44.62168719,,,,
992,Russia,1996,,,,,462.8367714,11.92603387,98.82278371199999,1.224846726,0.531726784,,,,,,19.88929154,,,99.99999999299999,10290.449242931001,55.08945615,0.14578821,,,,,1.306712422,61.30706239,0.484130814,37.04953023,22.71397862,0.800986102,61.2978103,37.57988681,0.021595507,1.652659463,1.013196968,,,926.064258288,41.074412853,108.698933404,,45.1163218,,,,
993,Russia,1997,,,,,411.3354021,11.77321054,99.744920965,1.126092732,0.529103436,,,,,,18.70326369,,,100.000000001,9847.567438529,46.67350705,0.127775776,,,,,1.388555202,66.09273464,0.486187062,35.01388073,23.14163128,0.877796248,63.21651792,41.78152544,0.024571892,1.769601348,1.169577923,,,864.456122774,45.124724506,123.535749576,,45.81006231,,,,
994,Russia,1998,,,,,724.8509107,13.9629105,99.752079219,1.329989858,0.525910642,,,,,,19.65249944,,,100.000000003,14063.199578095,63.11053687,0.115798126,,,,,1.399976346,63.23093788,0.405366092,28.9552101,18.30865091,0.96905526,69.21940235,43.7680773,0.025554994,1.825387555,1.154209671,,,1198.949708524,71.819539999,131.777806489,,46.23974185,,,,
995,Russia,1999,,,,,1010.957218,13.72536525,99.33799999300001,1.345344098,0.524947051,,,,,,20.18683233,,,100.0,21647.872691544,90.34856596,0.120232496,,,,,1.56274209,75.28774625,0.641953163,41.07863779,30.92718058,0.905365664,57.93442627,43.61752384,0.015423263,0.986935935,0.743041822,,,1598.575462803,103.46389045400001,137.685880123,,46.83544304,,,,
996,Russia,2000,,,,,728.3599494,12.83022267,99.66462098400001,1.290396386,0.525445415,,,,,,20.18733429,,,99.999999996,18038.150685064,72.38625002,0.128242848,,,,,1.859079874,98.98173865,0.926711987,49.84788445,49.3403027,0.915301635,49.23412101,48.73278898,0.017066252,0.917994549,0.908646965,,,1311.683852572,79.975255273,141.687882841,,47.58873076,,,,
997,Russia,2001,,,,,638.0551084,13.26662325,99.56351167700001,1.340208418,3.804073639,,,,,,21.17875399,,,99.999999995,16136.934217621001,,,,,,,1.666836546,93.67540733,0.955514202,57.32500911,53.69943578,0.684796061,41.08357611,38.48520727,0.026526283,1.591414785,1.490764283,,,1075.728621461,71.14546191,149.438106017,,48.48488379,0.183141661,,,
998,Russia,2002,,,,,574.8748465,13.54925578,99.688577073,1.366848077,3.825641263,,,,,,22.87784833,,,99.999999999,15389.608863644,,,,,,,1.143743133,67.58276015,0.560048936,48.96632118,33.0927914,0.566878722,49.56346455,33.49635737,0.016815475,1.470214276,0.993611388,,,935.857770375,67.064453265,159.45543712399999,,49.49030885,0.138597833,,,
999,Russia,2003,,,,,482.2949442,13.8934986,99.707990754,1.434886747,3.8434513679999998,,,,,,24.61274811,,,100.000000004,13598.225773827,,,,,,,1.425924943,90.84564321,0.848320085,59.49261838,54.04645184,0.55479863,38.90798266,35.34620711,0.022806229,1.599398958,1.452984271,,,751.464300492,56.028624472000004,166.692045367,,49.76930463,0.140756816,,,
1000,Russia,2004,0.305412784,0.268600099,0.019048303,78.1329403,375.9844813,14.92971546,99.65311987700001,1.542225219,3.855870408,,,,,,23.95130343,,,100.000000003,10806.965976985,87.48774085,0.358860021,,,38.23189264,49.56948294,1.46546663,100.4696344,0.766908065,52.33200469,52.5777738,0.66902169,45.65246838,45.86686809,0.029536875,2.015526927,2.024992536,,80.08531445,563.10282737,42.259112085,173.339781011,,49.99648242,0.146608511,,,
1001,Russia,2005,0.306580014,0.268597476,0.015686091,83.50420176,289.1193601,14.90601518,99.42606926799999,1.539113973,3.758985043,8.168123351,,,,,23.66031258,,,100.0,8627.91282878,67.53785495,0.359534744,,,,,1.282513686,93.92310563,0.654109366,51.00213532,47.90278943,0.616555048,48.07395466,45.15255121,0.011849273,0.923910024,0.867764987,,,411.314073646,34.486189966999994,183.585686565,,49.66273682,0.15456271,,,
1002,Russia,2006,0.335547863,0.29308073,0.013443003,93.02826822,231.5017135,14.90346433,99.452286646,1.602038095,4.167455339,8.0391197,,,,,22.87597556,,,99.999999995,6851.195644022,55.43814731,0.383643057,,,,,1.152736481,91.64489061,0.528426407,45.84104132,42.01097217,0.617798254,53.59405758,49.11621544,0.006511821,0.564901104,0.517702998,,,316.76702483,27.910543362,193.146536995,,50.35556703,0.131085735,,,
1003,Russia,2007,0.294107114,0.256445639,0.012221151,111.2276133,177.512682,15.04271035,99.413454367,1.615585328,4.335976759,8.286651321,,,,,23.32409468,,,100.000000004,5422.343195523,45.20261811,0.411399833,,,,,1.347402126,116.4147995,0.572533346,42.49164635,49.46656488,0.768791633,57.05732674,66.42317249,0.006077146,0.451026915,0.525062079,,,249.127738131,23.311982700999998,212.167926952,,50.39163878,0.125764024,,,
1004,Russia,2008,0.308247658,0.268671608,0.010926726,127.1355695,147.6981725,15.7869849,99.385237246,1.718510277,4.370511581000001,8.239939236,,,,,20.97204974,,,100.000000001,4227.084806135,37.69158755,0.43855235,,,42.76557095,26.14219464,1.717262616,156.1710699,0.836875408,48.73310583,76.10701276,0.871409294,50.74409038,79.24758884,0.008977914,0.522803785,0.816468264,,34.98687264,197.373226745,19.825034472,230.669918955,,50.3611754,0.13106971,,,
1005,Russia,2009,0.287144308,0.250353089,0.014368269,123.0329669,186.7463608,15.84838375,99.429003013,1.599076317,4.477039873,8.279904787,,,,,19.37103518,,,99.99999999799999,5270.670394284,48.86942327,0.418460303,,,,,1.462799502,122.6124906,0.747054313,51.07017823,62.61841749,0.709068854,48.47341369,59.43445982,0.006676335,0.456408087,0.559613322,,,239.48176882799999,27.801212106,238.056904817,,50.4022606,0.103311209,,,
1006,Russia,2010,0.3220173,0.280883954,0.01322589,141.1862521,160.0909074,15.96395509,99.090120111,1.708968899,4.584850463,8.198612658,,,,,18.59789915,,,100.000000002,4445.27069241,41.01207586,0.437803521,,,42.54287667,39.30618904,1.332661069,116.6806166,0.787387576,59.08385819,68.93941006,0.539342621,40.47110207,47.22193145,0.005930871,0.445039739,0.519275112,,53.08575085,183.325982821,24.759958772999997,264.31232488300003,,50.41213282,0.095760242,,,
1007,Russia,2011,0.335621632,0.2930963,0.011918188,170.4936285,122.0410422,15.55928631,98.54029377200001,1.746537186,4.968922633,8.257757463,35.63492918,22.77513413,,,19.54506558,,,100.000000002,3452.615260905,32.72362062,0.468122255,,12.24615001,,,1.263290415,115.2222747,0.670591709,53.08294128,61.16337243,0.572202316,45.29459805,52.1894662,0.02049639,1.622460675,1.869436096,,,136.055750555,19.437180084999998,278.055313138,,50.50861726,0.078958788,5.895491111,,41.58993669
1008,Russia,2012,0.355701998,0.311414819,0.012583669,193.8118077,107.46619,14.75897446,97.923828787,1.657220949,6.175020013,8.22568352,33.70785414,23.59659684,,,19.52246002,,,100.000000005,3388.775977234,28.93184191,0.445603934,,12.03055883,,,1.204294059,113.9737608,0.65108394,54.063535,61.61824408,0.53983017,44.82544492,51.08924539,0.013379949,1.111020073,1.26627136,,,125.87852128399999,19.179294313,295.39664355400004,,50.58698471,0.053474896,5.855490911,,42.69554902
1009,Russia,2013,0.347691514,0.305308646,0.013434284,214.1619371,104.1248719,15.21824095,97.81767526899999,1.663355546,6.535528462,8.357862411,36.78696887,24.73172008,,,18.79272633,,,99.999999996,3273.698243106,28.07015917,0.447478979,,11.37936601,46.18259044,37.60342761,1.143274641,109.7721813,0.56712082,49.60495046,54.45243615,0.569972063,49.85434316,54.72619995,0.006181759,0.540706377,0.593545184,,43.81995565,115.578421213,19.551629234,311.681277743,,50.8455891,0.048220951,6.448978207,,38.48131341
1010,Russia,2014,0.395182317,0.348051856,0.015988828,228.2688152,117.2228072,15.55744267,98.868702883,1.678421902,0.516466211,8.34700349,36.52817853,24.74144404,,,18.69004369,,,99.999999999,3731.7445396040002,32.02149778,0.457163544,,11.31879205,,,0.953899911,91.98729504,0.415570669,43.56543746,40.0746675,0.531690497,55.73860432,51.27243441,0.006638745,0.695958213,0.640193135,,,125.022819677,24.892266281,355.381148778,,51.25855689,,6.227443055,,38.73037743
1011,Russia,2015,0.428648321,0.378582721,0.022961347,216.4493434,176.4645674,15.69427079,98.410319225,1.669753777,0.520624515,8.450434526,40.35178565,28.46852063,,,15.98028594,,,99.999999998,5694.232860815,44.55503768,0.420006217,,10.40497937,,,0.909906316,85.77398403,0.408774255,44.92487277,38.5338532,0.49788885,54.71869368,46.93440358,0.003243211,0.356433548,0.305727255,,,181.405264668,38.194739676,360.049704172,,51.23501677,,6.681937822,,31.17969142
1012,Russia,2016,0.468915521,0.415219758,0.022203523,195.4905705,188.1300133,15.91066523,98.460977183,1.664111425,0.521314512,8.414047121,41.02614738,29.45534134,,,14.00402412,,,99.99999999900001,6207.857087294,49.14682864,0.432712485,,11.25007353,,,1.083539311,102.0754131,0.418678963,38.6399422,39.4418806,0.658483626,60.77154928,62.03280995,0.006376721,0.588508524,0.600722506,,,195.118359584,42.773777272000004,376.60105341400003,,51.39795022,,7.297450018,,29.51851329
1013,Russia,2017,,,,,156.3079544,16.00725273,99.097293311,1.702874976,0.522352562,8.540108861,39.89007533,27.6378165,,,13.13756743,,,99.99999999600001,5240.888439908001,37.92404032,0.410893114,,11.26465436,,,0.850415817,81.42059707,0.258923361,30.44667742,24.78986655,0.588363428,69.18538156,56.33115075,0.003129029,0.367941017,0.299579773,,,156.668449938,35.911224102,389.08498581500004,,51.56584254,,7.016285553,,32.47210817
1014,Russia,2018,,,,,156.1925452,16.16343804,98.014784682,1.791709815,0.522847162,8.631547556,39.08897309,27.81472391,,,12.52698574,,,99.999999995,5126.181628713,34.833161,0.397047813,,11.68695151,,,0.833297549,81.96177249,0.309925699,37.19268103,30.48378061,0.519359783,62.32585037,51.08337168,0.004012066,0.481468601,0.394620199,,,152.160712681,34.457947576,392.770920934,,51.5158947,,6.627888439,,33.09630131
1015,Russia,2019,,,,,151.2606786,15.61284005,97.815771439,1.773480743,0.522041147,8.777711173,37.83286758,28.83057334,,,11.67453819,,,99.999999999,5084.098237091,36.47714414,0.424603662,,11.72898296,,,0.893493193,89.780143,0.441631245,49.42748846,44.37606982,0.443809912,49.67132547,44.59498704,0.008052036,0.901186071,0.809086143,,,150.987887715,27.34132054,318.2602448,,51.8527616,,6.840948515,,33.33655909
1016,Russia,2020,,,,,156.7338271,15.08172438,97.777424984,1.624282636,0.522413624,8.778839907,,,,,11.12050917,,,99.999999998,5518.228936959,40.04484985,0.411648863,,,,,0.947611002,92.82667356,0.406065312,42.85147719,39.77760085,0.532187081,56.16092258,52.13231627,0.009358608,0.987600227,0.916756439,,,111.753560608,,,,51.72695927,,6.497673009,,
1017,Russia,2021,,,,,,,,,0.522346456,,,,,,,,,,3.194339597,,,,,,,,,,,,,,,,,,,,0.052540002,,,,51.80258113,,,,
1018,Russia,2022,,,,,,,,,0.522199908,,,,,,,,,,,,,,,,,,,,,,,,,,,,,,,,,,51.79607109,,,,
1019,Serbia,1994,,,,,,6.746605187,,0.339349128,,,,,,,,,,99.999999996,,,,,,,,,,,,,,,,,,,,,,,,,,,,,
1020,Serbia,1995,,,,,,6.132925386,,0.358297979,,,41.88145529,35.87512794,,,,,,99.999999993,,,,,5.100883292,,,0.553808355,15.40362804,0.130900157,23.63636364,3.640857537,0.295364456,53.33333333,8.215268289,0.127543742,23.03030303,3.547502216,39.51890034,,,,,,,,3.914107836,,22.24341677
1021,Serbia,1996,,,,,,8.885300611,,0.602464178,,,53.70460455,31.25387906,,,,,,100.0,,,,,6.886621137,,,0.592338688,17.52304607,0.097300591,16.42651297,2.878425436,0.419928868,70.89337176,12.4226782,0.075109228,12.68011527,2.221942442,39.03345725,,,,,,,,3.773429284,,15.04319383
1022,Serbia,1997,,,,,245.9851207,11.21555825,,0.831439896,,,45.60425798,37.79743269,,,,,,100.0,408.856538362,3.505152262,0.01184756,,5.97549933,,,0.805627668,25.62486466,0.086952455,10.79313164,2.765725376,0.652802142,81.03025348,20.76389278,0.065873072,8.176614881,2.095246497,24.86732373,,50.78576167,,,,,,3.539476252,,16.59830933
1023,Serbia,1998,,,,,251.6519775,8.711370554,,0.647040697,,,45.5662002,37.18121913,,,,,,100.0,540.34387492,4.522566197,0.011628299,,6.59659038,,,0.685011869,22.60081477,0.181884228,26.55198205,6.00096428,0.433960398,63.35078534,14.31779365,0.069167242,10.09723261,2.282056839,39.23959828,,70.30534724,,,,,,3.91891495,,17.25258067
1024,Serbia,1999,,,,,133.6140056,6.474853067,,0.343562232,,,40.88741362,38.66270211,,,14.58808358,,,99.99999998999999,269.33264304,3.249321431,0.008354993,,6.904758926,,,0.533390181,15.99769384,0.165855156,31.09452736,4.974407288,0.32994119,61.85737977,9.895754231,0.037593835,7.048092869,1.127532319,41.94552529,,40.69388269,,,,,,3.055128076,,20.44988428
1025,Serbia,2000,,,,,338.5477226,5.421139351,,0.309698622,,,44.15900228,31.66280191,,,13.94294515,,,100.0,1041.61728079,9.307945542,0.008514776,,7.009364142,,,0.748758401,23.90985961,0.034076336,4.55104551,1.088148592,0.656890442,87.73062731,20.97626982,0.057791623,7.718327183,1.845441194,30.36368074,,179.7596983,,,,31.39931741,,2.666862126,,24.17863005
1026,Serbia,2001,,,,,285.2036377,8.213706972,,0.492627175,,,53.18103767,32.5581347,,,16.96556763,,,100.0,584.38955621,5.401006829,0.009329063,,7.327059267,,,0.620706482,21.22084132,0.024791361,3.994055359,0.84757215,0.557632649,89.83838009,19.06446008,0.038282473,6.167564555,1.308809087,42.97169811,,80.860392905,107.378419792,185.47283623,,31.39931741,,2.979958346,,14.26082763
1027,Serbia,2002,,,,,262.2818318,9.242306339,,0.598947085,,,56.38346827,30.26307873,,,11.29857286,,,100.0,493.50928263699996,4.089008118,0.009337664,,7.624004891,,,0.876326337,31.90039567,0.034102536,3.891533844,1.241414694,0.765493095,87.35251501,27.86579791,0.076730706,8.755951149,2.793183061,43.45058626,,55.796588246000006,79.009508873,180.426202966,,32.73825151,,3.212430317,,13.353453
1028,Serbia,2003,,,,,218.7702829,9.431540172,,0.65744498,,,58.45341942,29.10163641,,,11.46968201,,,100.0,383.907546367,,,,9.050703373,,,0.935229127,35.61465336,0.025489396,2.725470763,0.970666965,0.847870013,90.65906838,32.28791295,0.061869717,6.615460852,2.356073451,37.21329291,,36.031641469,62.153853187,186.78377151299998,,32.73825151,,3.274096985,,12.44506508
1029,Serbia,2004,0.40197466,,0.070843955,248.1766094,240.1388787,11.14256417,,0.84124118,,,60.34484966,22.45020128,,,12.76939504,,,99.99999999399999,384.856677009,2.294936243,0.008039493,,10.96158852,99.90373763,65.91082868,0.988071915,41.11973741,0.020967043,2.122015915,0.872567372,0.878388069,88.89920424,36.55511934,0.088716802,8.978779841,3.692050693,49.86162017,0.063508459,31.443551538,55.80397567399999,195.489388725,,32.73825151,,3.196177656,,17.20494906
1030,Serbia,2005,0.403184133,,0.073895883,274.9115044,237.0356649,13.25636076,100.000000001,0.881833047,,,68.73974134,17.87679544,,,11.3025952,,,100.0,451.15159209800004,6.141273302,0.022847101,,11.4387228,,,0.866392629,38.16446787,0.019600908,2.262358603,0.863417122,0.780733412,90.11311793,34.39119194,0.066058309,7.624523467,2.909858809,59.85690025,,25.790405113,53.869587649,200.408586819,,32.92202678,,3.674268976,,13.38346322
1031,Serbia,2006,0.404772593,3.430139492,0.061896276,271.2300189,218.3615088,13.72128467,99.999999996,0.956862036,49.144751885,,65.97992249,17.37380085,,,12.14317778,0.799013227,3.501282927,100.0,439.814875478,8.005527514,0.035080291,,11.96040586,,,1.485075019,69.02877775,0.015222134,1.025007718,0.7075503,1.355961982,91.30595863,63.02738725,0.113890903,7.669033652,5.293840195,42.49995139,,21.092771361,47.041649708,206.136919218,,32.92202678,0.954739234,3.794367068,,16.64627666
1032,Serbia,2007,0.406417109,3.430139492,0.047257329,276.4019731,128.419011,11.06710541,99.320858052,0.751106098,49.157329065,,64.03115047,17.7048532,,,13.03244197,0.776927807,4.544149701,100.00000001000001,359.008373167,6.717021857,0.039286987,,11.42505996,,,1.368657087,67.98926582,0.006895198,0.503792924,0.34252511,1.287024288,94.03555504,63.93408348,0.074737601,5.460652035,3.712657228,42.52291792,,15.938297795,34.576263771,202.232069872,,32.92202678,0.954471213,3.713698282,,18.26399633
1033,Serbia,2008,0.408150937,3.430139492,0.041831724,297.0181037,132.7237107,14.31403718,99.999985567,0.942379155,50.300708895,,67.31426009,15.75756501,,,12.20371303,0.981435949,6.968497006,100.0,279.12889155,6.131579535,0.0435361,,12.45920998,,34.72404878,1.169525417,61.64484802,0.006670232,0.570336616,0.35158314,1.061082578,90.72762017,55.92890357,0.101772607,8.702043216,5.364361316,46.64326838,,11.192725576,28.79067841,204.422669182,,32.92202678,1.157176986,3.81206693,,16.92813796
1034,Serbia,2009,0.409790888,3.430139492,0.051146731,315.4164561,144.5224758,14.24800831,100.00000000000001,0.891254748,55.045735195,,65.21546665,15.48483924,,,11.03703458,0.659716885,4.068403934999999,100.0,251.13743276,7.088013805,0.043711028,,12.52074965,,,0.850519251,43.78133292,0.017430419,2.04938557,0.897248319,0.773720564,90.97037636,39.82804333,0.059368269,6.980238068,3.056041267,50.71994992,,11.582847149000001,36.61913797,225.826333106,,32.92202678,1.116524564,4.047015613,,19.29969411
1035,Serbia,2010,0.411441587,3.430139492,0.063921607,366.6460214,157.2671666,14.282142,99.999984795,0.90206401,54.957694944,5.488368002,67.64561684,14.96405768,,,8.996856038,0.6958656510000001,3.991394837,100.0,309.308683144,1.195522198,0.00685736,,12.99701159,,57.88738519,0.829974626,43.20903693,0.038762298,4.670299122,2.017991272,0.724362747,87.27528819,37.7108115,0.066849582,8.054412691,3.480234154,50.01910422,,12.504805259,38.808204724,222.59881316,,33.49044252,1.118719913,4.096794363,,17.39032547
1036,Serbia,2011,0.414702646,3.430139492,0.057176604,389.2076954,120.5263272,11.82336875,100.00000000200001,0.820436519,54.398582214,5.670937601,70.19405975,14.73021566,,,10.06345089,,,99.99999999,275.899923322,1.015365712,0.006911711,,12.77009116,,,1.048898218,56.16008667,0.019738299,1.881812663,1.056827623,0.956490864,91.19005516,51.21241401,0.072669055,6.928132176,3.890845034,37.72350397,,11.009592184999999,35.291939285999995,240.236275433,,33.49044252,1.35975136,4.045691181,,15.07572459
1037,Serbia,2012,0.416720088,3.430139492,0.065944971,396.7866992,120.6753425,11.63867961,99.999999997,0.726095859,56.070203524,6.000281044,66.5945659,16.34381823,,,9.501218003,0.009696099,0.058340812,100.0,283.667462219,1.385157029,0.008334402,,12.54469624,,,0.842821837,45.03702188,0.008740025,1.036995516,0.467031897,0.760854579,90.27466368,40.65702003,0.073227234,8.688340807,3.912969951,44.87735311,,12.495056207,41.448353892,249.39210957999998,,33.38570306,1.342326404,3.868417447,,17.06161587
1038,Serbia,2013,0.418752753,3.430139492,0.066767095,451.016955,119.1525089,12.61758129,100.000000002,0.804884528,55.365881544000004,6.061714286,66.90452093,17.27755191,,,9.017142621,0.007273588,0.049133656,100.0,286.34485653,1.446452162,0.009770898,,12.1965696,,74.81170151,0.834441384,46.10244864,0.025599339,3.067841461,1.414350034,0.766354423,91.84041409,42.34067974,0.042487623,5.091744453,2.347418871,31.62224772,,12.671775424,38.286431567,258.627842149,,33.38570306,1.360864496,4.028404315,,15.81795444
1039,Serbia,2014,0.28048225,2.286759662,0.076696049,506.198237,127.9819412,15.72027524,99.999983397,0.844688003,55.833523894,5.603765862,67.85407855,17.26858297,,,7.516924299,0.010666734,0.070401045,100.0,300.129345254,1.487393203,0.009816879,,12.35762299,,,1.032460023,56.40028836,0.033168704,3.212589627,1.811909813,0.949345982,91.94990223,51.86001,0.049945338,4.837508148,2.728368545,29.79007057,,9.672032344000002,40.027323486,264.182584936,,33.38570306,1.348499322,4.172126828,,14.87733847
1040,Serbia,2015,0.422810157,3.430139492,0.091622494,512.0762332,147.9878818,13.12200245,100.000017043,0.827101229,56.544706153,5.234817814,65.28645176,18.71391961,,,8.470296811,1.040146568,5.813357784,99.99999998999999,377.578070938,2.5216897,0.014093672,,11.76912439,,,1.707431093,95.42797283,0.232374336,13.60958793,12.98735387,1.412623681,82.73386177,78.95124713,0.062433077,3.656550301,3.489371828,24.40346265,,12.896603174,53.109962415999995,296.830488194,,33.96176314,1.516809666,4.42933952,,15.99962863
1041,Serbia,2016,0.425030198,3.430139492,0.095707355,551.7723618,147.678101,13.09603036,100.000000001,0.851394283,57.152984223,5.086257027,64.19803984,19.020904,,,8.585610008,1.151681852,6.639680082,99.99999998999999,430.61174396,2.457445542,0.014167673,,11.95281338,,,1.652425552,95.93803808,0.199306924,12.06147678,11.57154418,1.342390105,81.23755429,77.93771577,0.110728523,6.700968927,6.428778121,26.80882831,,10.824703797,53.353870487,307.595913065,,33.96176314,1.603202077,4.529898998,,16.78105616
1042,Serbia,2017,,,,,142.1043987,13.48653505,100.00001592599999,0.894198544,54.885662013,5.400506061,64.8080482,17.6545213,,,8.232612025,1.259623453,7.926239216,100.00000000499999,429.057300697,2.263514984,0.014243273,,12.44141146,,,1.493734181,89.01917347,0.11475236,7.682247722,6.838673426,1.291452426,86.45798178,76.96418077,0.087529395,5.859770503,5.216319269,28.57325418,,8.588743071000001,51.354944851,323.15338098300003,,33.95324123,1.767671059,4.708769465,,17.53743049
1043,Serbia,2018,,,,,125.8002491,14.05589104,100.000015698,0.912354188,51.16510405,5.529902435,65.18432209,16.90533605,,,7.762147187,1.20914689,8.769221338,100.000000002,423.803931235,1.974697691,0.014321305,,12.85385993,,,1.297750441,81.25886977,0.159316145,12.27633138,9.975608128,1.03155331,79.48780266,64.59089004,0.106880987,8.235865966,6.6923716,40.21888137,,6.89688253,45.486707118,329.887961576,,,1.747525084,4.708172972,,17.91034186
1044,Serbia,2019,,,,,133.6743516,15.21544587,100.00001452000001,0.991490281,55.489366563,5.656373482,65.09439132,16.30984871,,,7.645529633,1.370514171,10.165386772,100.000000002,474.57385779699996,1.941210708,0.014398361,,13.19167641,,,1.678873045,110.2671573,0.30220305,18.00035155,19.84847595,1.269972122,75.6443214,83.41084285,0.106697873,6.355327049,7.007838473,37.00043917,,5.580380582,46.734395434,346.638666645,,33.82939144,2.072909221,4.53336279,,18.59573953
1045,Serbia,2020,,,,,122.9910859,14.46500895,100.00001523600001,0.95118889,57.39326912000001,5.510076723,66.43021454,14.14180077,,,7.131338085,1.215822229,9.402930169,100.0,432.789026085,3.748372883,0.028989179,,10.81552067,,,1.365154826,89.44435947,0.344722304,25.25151709,22.58605772,0.919586487,67.36133291,60.25091275,0.100846035,7.387150005,6.607389006,46.13616532,,2.957376769,46.999348232,363.483722454,,38.46153846,2.066446958,4.117302876,,19.42798469
1046,Serbia,2021,,,,,118.9096014,16.97253229,99.999999999,1.097556365,58.379117611,5.897930617,66.55992085,14.23053319,,,7.623282823,0.9670997050000001,8.929190675,100.0,483.76492056999996,3.169519723,0.029264042,,11.65640194,,,2.285256431,162.8277023,0.590546448,25.84158347,42.07725659,1.599859668,70.00788385,113.9922287,0.094850315,4.150532683,6.758217,32.11260554,,3.0471202400000004,41.122442373,379.681771068,,38.29029386,2.029657495,4.17270688,,19.20956648
1047,Serbia,2022,,,,,,,,,58.681174928,5.530924407,69.91852353,13.50926599,,,8.29776025,1.012453538,9.656462221,100.0,459.76135742599996,3.146464259,0.030009983,,11.97062809,,,2.302642127,172.540609,0.453644437,19.70103957,33.99229365,1.757530529,76.32669045,131.6945365,0.091467162,3.972269982,6.853778818,28.6669259,,6.701968871,42.850721331,408.69665292099995,,38.55706682,2.047298914,4.203098972,,16.57221048
1048,Serbia,2023,,,,,,,,,59.166369368,5.577483493,69.7480288,14.17463904,,,7.524902441,0.909730218,10.335408171000001,100.0,357.242012406,2.660029877,0.030220492,,11.305543,,,,,,,,,,,,,,,,7.022478875,37.103573044,421.532191038,,38.55706682,2.07672899,,,16.07731589
1049,Slovak Republic,1994,,,,,209.99365,8.266711384,,0.627572068,84.049896051,,,,,,12.71900299,0.937809167,2.802669719,99.999999995,3130.74547155,79.04784955,0.236236776,,,,,,,,,,,,,,,,,,2028.771038416,63.065162967,188.47205676900003,,39.06036602,0.538526396,,,
1050,Slovak Republic,1995,,,,,189.3393411,9.207128684,,0.707716656,95.85446985,,60.92557218,14.28991415,,,13.0175332,1.261887746,4.716711063,100.0,4159.030527074,67.40778709,0.251958272,,6.767880737,,,0.672814335,78.35480984,0.298466509,44.36090226,34.75890061,0.268113983,39.84962406,31.22409716,0.106233842,15.78947368,12.37181208,32.05128205,,1664.989360474,51.349316296,191.93457517599998,,40.16371078,0.466530006,5.066751988,,24.78451367
1051,Slovak Republic,1996,,,,,162.4986651,8.566634797,,0.654835772,95.86694386600001,,62.70999159,12.96581332,,,11.873388,4.979881896,20.067886745,99.99999999600001,2721.5060103610003,,,,6.739332119,,,0.930428713,104.8116007,0.485638402,52.19512195,54.7065428,0.358555455,38.53658537,40.39081197,0.086234856,9.268292683,9.714245917,36.29032258,,1517.492497284,49.415140105999996,199.132721559,,41.27416281,0.506609487,7.22694808,,24.32419509
1052,Slovak Republic,1997,,,,,187.3701255,10.00180718,,0.762839497,96.21413721600001,,57.38800431,11.43816593,,,15.38092591,3.9332520719999997,16.013438623,100.000000004,2668.442675416,11.6348156,0.047368794,,6.702444061,,,1.860475691,211.8007597,0.494763865,26.59340659,56.32503719,1.288021632,69.23076923,146.6312952,0.077690194,4.175824176,8.844427327,15.09433962,,1441.534521077,52.352061879,213.14080921,,41.27416281,0.514012111,5.509062481,,31.17382976
1053,Slovak Republic,1998,,,,,182.9393668,10.54683228,,0.774433468,96.37006237,,61.89006644,11.62050139,,,15.97249688,3.3887593839999997,14.345565429,100.000000006,2714.522036101,10.86786923,0.046006727,,7.264154994,,,1.401364247,159.8240201,0.239805647,17.11229947,27.34956494,1.124088968,80.21390374,128.2010857,0.037469632,2.673796791,4.273369522,14.52991453,,1368.742716006,52.995981078,224.346797263,,41.88267394,0.68401696,6.682777643,,26.48943217
1054,Slovak Republic,1999,,,,,203.8930708,10.93067963,,0.786640339,96.41995842,,59.82253849,12.37124531,,,12.45362323,2.825337516,10.900441434,100.0,2885.726409157,10.9518515,0.042253365,,7.720995359,,,0.853637964,93.80297833,0.129445101,15.16393443,14.22422212,0.713697314,83.60655738,78.4254409,0.010495549,1.229508197,1.153315307,20.93023256,,1553.535054909,60.044822797,231.65907462200002,,41.88267394,0.69065624,7.875965339,,27.80621621
1055,Slovak Republic,2000,,,,,196.0910471,11.01584663,,0.75396198,96.923076923,,59.85876847,14.21502585,,,12.02511914,2.680337488,10.305786904,100.00000000700001,2602.2054214600003,10.13542581,0.038970294,,7.707646422,,,0.887525364,101.2435156,0.167398022,18.86120996,19.09575206,0.716968888,80.78291815,81.78746635,0.003158453,0.355871886,0.360297209,22.78911565,,1700.5341517289999,62.196474875,239.14287618199998,,41.94429274,0.689045114,7.006135196,,25.92620568
1056,Slovak Republic,2001,,,,,249.6595208,14.30449658,99.86305747,0.993760954,96.91891892299999,,59.9029314,12.87637477,,,11.61954739,3.198680444,12.73223525,99.999999997,2404.729658997,9.808321432,0.039041679,,8.406605777,,,1.079570202,123.073553,0.491771871,45.55256065,56.06315487,0.584888438,54.17789757,66.67866348,0.002909893,0.269541779,0.331734644,25.27881041,,1640.0467692480001,61.125739404,243.308860438,,41.94429274,0.689077195,7.830738748,,27.22069383
1057,Slovak Republic,2002,,,,,247.6830698,16.65346761,99.90182567000001,1.142884801,96.948024953,,58.79704495,14.57673724,,,11.64237019,2.7879903649999997,12.864633084,99.999999999,2088.316227406,8.867141047,0.040915678,,7.934735225,,,1.344780937,157.7379253,0.645602004,48.00796813,75.72677293,0.696500087,51.79282869,81.69693345,0.002678846,0.199203187,0.314218975,20.97264438,,1446.798315516,54.192822272,250.062117445,,42.54853705,0.702734148,6.911717011,,26.6262178
1058,Slovak Republic,2003,,,,,165.8009414,15.06087802,99.83601992,1.04854436,96.973602165,,57.43363374,15.59610103,,,12.15251349,2.119514465,13.404054878,100.0,1619.706352117,6.474046268,0.040942618,,7.582611585,,,0.728070528,88.84299092,0.21938549,30.13245033,26.77057011,0.506274208,69.53642384,61.77823872,0.00241083,0.331125828,0.294182089,25.53191489,,1038.707465188,40.489067917999996,256.057553363,,42.60322669,0.727957764,6.799011288,,26.97026522
1059,Slovak Republic,2004,0.558422122,6.237006237,0.013722858,110.1573261,137.5083273,16.37519671,99.76671258200001,1.103818863,97.01871101900001,,58.49438838,16.5992781,,,11.31735502,1.734012428,13.919415969,99.999999997,1342.161747221,5.565238674,0.04467377,,7.183150838,97.58998243,16.48480352,0.719000598,91.22006065,0.197075465,27.40963855,25.00308891,0.519759468,72.28915663,65.94221252,0.002165664,0.301204819,0.274759219,25.46583851,0.407097789,798.672880973,28.2358645,226.65739688,,42.5136612,0.734781193,5.848518149,,24.90633352
1060,Slovak Republic,2005,0.930612248,10.3950104,0.018618441,169.9160234,132.7871888,17.47347644,99.670819169,1.211845317,98.563409565,,60.65760343,19.01550883,,,11.16734698,2.0935717769999997,19.106400065,100.00000000400001,1333.504922757,5.302505109,0.048391837,,7.26226895,,,1.031976127,136.5883011,0.316921651,30.71017274,41.94650323,0.713073715,69.09788868,94.37963226,0.00198076,0.19193858,0.262165645,21.73913043,,729.027394872,27.068003745,247.02860160699998,,42.53690541,0.74969715,6.141161995,,20.32688774
1061,Slovak Republic,2006,0.930569468,10.3950104,0.02330151,247.9533986,106.9005077,16.75256763,99.774903709,1.137537609,98.615384615,,61.51182377,19.1117768,,,11.31572473,1.124912072,11.97028729,99.999999997,1155.682475376,5.072134906,0.053973029,,6.939298909,,,1.130205633,160.4647892,0.399209211,35.32182104,56.67908567,0.729222159,64.52119309,103.5337965,0.001774263,0.156985871,0.251907047,24.02957486,,628.7659751489999,23.774215675,252.98349881,,42.56424276,0.749269006,4.700333826,,19.37639942
1062,Slovak Republic,2007,0.930297982,10.3950104,0.018146552,260.1689942,86.85721692,18.74489746,99.31993748000001,1.245280877,98.656964655,,61.91040528,20.37807798,,,12.29853932,1.9611710679999999,28.117512261,99.999999995,979.1188833230001,4.671895929,0.066981455,,6.63113086,,,1.277639603,196.7399236,0.454377405,35.5638166,69.96822563,0.823262198,64.4361834,126.771698,0.0,0.0,0.0,23.07692308,,465.874703658,19.00217102,272.43608946399996,,43.48305318,0.832857958,5.195923122,,17.71151674
1063,Slovak Republic,2008,0.929500544,10.3950104,0.014573423,262.069704,75.75166707,20.64536636,99.7006292,1.362220599,98.713097712,6.508474576,59.84609404,21.22015283,,,11.26554659,1.612579596,28.998557974,100.0,817.0297497290001,3.308067637,0.059488035,,6.545429194,92.4588456,13.03689524,1.138641084,180.3411635,0.311996405,27.40076825,49.41486427,0.825186752,72.47119078,130.6953887,0.001457927,0.128040973,0.230910581,22.14580468,1.063318921,364.514840168,16.303976757,293.18975400899996,,43.52746343,0.875552921,4.923776496,,18.93375313
1064,Slovak Republic,2009,0.742610193,8.317737575,0.011148995,185.0421227,70.72221787,19.33730995,99.65942361,1.173791393,98.79600748899999,6.393880807,55.0001297,21.72027611,,,7.129057854,1.689857274,28.046901776,100.000000002,790.769634999,3.132016764,0.051982714,,6.351947989,,,1.308983862,186.7239539,0.273030007,20.85816448,38.94718944,1.032833512,78.9034565,147.3316538,0.003120343,0.238379023,0.445110736,22.4824356,,380.119908281,19.052348806,316.215673265,,43.52746343,0.89090412,4.830976934,,23.27959419
1065,Slovak Republic,2010,0.741918468,8.317564617,0.01021051,172.6479515,78.47448904,20.69275502,99.59562239,1.326913204,97.621176521,6.275080906,56.0424169,20.95150327,,,6.547430477,1.4309998130000001,24.196557948000002,99.999999999,805.26236261,4.27805914,0.072337051,,6.150369978,,10.01393592,0.898713701,134.6612511,0.397004596,44.17475728,59.48628083,0.497346417,55.33980583,74.52127489,0.004362688,0.485436893,0.653695394,33.84912959,,376.579719204,19.632660587,331.965668485,,43.56709001,0.960184651,4.440348789,,23.00607983
1066,Slovak Republic,2011,0.740962481,8.318083514,0.008346304,154.4878986,71.24730455,21.66864815,98.46019691000001,1.318769098,97.716686073,6.491529267,54.93916745,22.27425135,,,6.020320155,1.357389651,25.124926275,99.999999997,759.3071621309999,4.803714649,0.088915498,,6.132709641,,,1.005769299,154.7958419,0.402586326,40.02770083,61.9612165,0.601789941,59.83379501,92.62022674,0.001393032,0.138504155,0.214398673,26.65534805,,346.82854651,18.788078572,347.762404491,,43.54304636,0.966194715,4.922949588,,22.7865812
1067,Slovak Republic,2012,0.739702555,8.318083514,0.007386455,129.2508163,68.35636183,20.69731284,98.27866893000001,1.196123811,97.733322239,6.741162958,55.57498963,22.09987738,,,6.50938248,1.431501141,25.048917451,100.0,804.89309962,4.96704074,0.08691505,,6.472360358,,,0.716911509,112.4014656,0.293281981,40.90909091,45.98241775,0.422271741,58.90151515,66.2061663,0.001357787,0.189393939,0.212881564,38.29365079,,366.652628771,20.703629778,362.27949694999995,,43.67942716,0.966172435,5.117975834,,22.325133
1068,Slovak Republic,2013,0.554181084,6.238562635,0.00668695,122.2107835,65.45336289,20.37301088,98.255740784,1.196226285,97.722924639,6.373296125,53.26679379,24.66626596,,1.098886185,4.636648401,0.799199572,14.606181370999998,100.0,798.60322124,5.053811045,0.092363514,0.21890163,6.532845416,98.14925107,11.81511304,0.919552043,144.8870566,0.434941404,47.29927007,68.5305202,0.483268227,52.55474453,76.14502245,0.001342412,0.145985401,0.211513951,36.17021277,0.222791387,351.806541359,23.087132948999997,421.940731046,,43.67942716,0.96859001,5.520085517,,22.06694026
1069,Slovak Republic,2014,0.553643537,6.239600666,0.0067088,125.5886846,59.72486678,20.76821335,98.233485424,1.118048798,97.722545755,6.43349097,53.83523255,24.23409178,,1.247480196,5.444161451,0.845943191,15.836050649,100.000000001,809.132191359,4.929164381,0.092273923,0.211437321,6.399182273,,,1.081795756,172.2304324,0.361471705,33.41404358,57.54915175,0.72032405,66.58595642,114.6812807,0.0,0.0,0.0,24.76060192,,346.17550069699996,23.312650525000002,436.41265566600003,,43.72759857,0.968679367,6.893926282,,21.93067567
1070,Slovak Republic,2015,0.553117638,6.239341126,0.010269859,168.3321346,67.11617241,20.26403105,98.045598837,1.100093274,100.00623934000001,6.658415842,47.79139153,26.71357678,,1.256408188,5.71554893,1.0718561149999999,17.568675551000002,99.999999997,960.7324120430001,6.74908614,0.110623528,0.243175778,6.696203971,,,1.783856855,292.3898753,0.368793928,20.67396424,60.44857825,1.414998029,79.3223977,231.9306597,0.0,0.003638058,0.010637313,15.06022968,,407.307473346,27.753940728,454.91178599,,43.76723662,1.041408939,7.016217073,,25.49503169
1071,Slovak Republic,2016,0.552405006,6.239600666,0.013534324,224.1749739,74.88681313,22.33746681,98.33072333499999,1.240383273,100.035357738,6.564744593,46.18142702,27.97826916,,1.071588753,5.063712552,1.179964587,19.544273239,100.0,1025.42781333,5.558476872,0.092067501,0.194834319,6.720235171,,,1.086711203,178.2817659,0.161938942,14.90174586,26.56709567,0.924649207,85.08693063,151.6944825,0.000123054,0.011323515,0.020187763,22.24710219,,414.21784023000004,28.529249401,472.542525054,,43.76723662,1.041127926,6.372809044,,25.84030382
1072,Slovak Republic,2017,,,,,81.50890486,24.20506238,98.632791559,1.433350149,100.087354408,6.377745068,50.15486211,25.86027241,,1.02892855,5.074245776,1.1826147690000002,20.796502149,100.000000001,936.352131207,5.227396279,0.091924742,0.1864001,6.662938291,,,1.159541073,192.0107421,0.272942407,23.53883041,45.19708296,0.885336115,76.35228595,146.6045909,0.001262551,0.108883642,0.209068289,23.47865943,,396.4771810342,28.043956470999998,493.158225251,,43.79481522,1.083243438,6.539335621,,23.98486548
1073,Slovak Republic,2018,,,,,72.80507954,24.40887283,98.609179305,1.418708442,101.520382695,6.816078855,53.34629833,23.13820833,,0.929864605,4.773470374,1.103611619,21.505402009999997,99.999999992,849.0653672369999,4.710853366,0.091797507,0.178820116,6.828656501,,,1.168051834,198.3690944,0.310877279,26.61502425,52.79598257,0.85545772,73.23799299,145.2815434,0.001716835,0.146982757,0.291568365,27.7772559,,363.80978375,26.34409072,513.351121229,,43.75516956,1.066749292,6.411581279,,23.51549334
1074,Slovak Republic,2019,,,,,74.05791424,26.42272747,98.616852474,1.435360286,101.578618968,6.747237435,54.30673689,22.29611192,,0.93857382,4.950361624,1.137262838,22.042310195,100.000000004,819.303741387,4.729844945,0.091673363,0.173809967,6.602740655,,,,,,,,,,,,,,,,367.94409792,27.212737207,527.434445727,,43.73105539,1.094890511,6.577930437,,23.39715119
1075,Slovak Republic,2020,,,,,65.4765378,25.32627938,98.459526288,1.280172462,101.69717138499999,6.361921318,61.79844402,17.55706485,,0.843204573,4.524781606,0.843046241,16.484310637,100.0,743.728208589,4.68437096,0.091594769,0.170689185,4.849670909,,,0.995294933,164.2431789,0.189192715,19.00870874,31.2205075,0.804925114,80.87302441,132.8284262,0.001177104,0.118266853,0.194245239,23.5413702,,20.423882397299998,27.443865072999998,536.617298933,,43.70002757,1.150897965,6.505522713,,20.64449113
1076,Slovak Republic,2021,,,,,61.10936513,23.66557114,98.402226772,1.331136444,102.373128118,5.893265119,62.33415351,15.40809544,,0.824197917,4.534400588,0.784981616,17.085694845,100.000000004,667.2723286620001,3.373725655,0.073431588,0.133473347,5.214935883,,,1.329748141,227.014843,0.219463309,16.50412603,37.4668158,1.110284832,83.49587397,189.5480272,0.0,0.0,0.0,24.43991853,,17.3072876164,25.276399625,550.159190547,,43.71207943,1.862046277,6.275424353,,22.25775105
1077,Slovak Republic,2022,,,,,,,,,103.146838598,6.13016888,61.81407937,17.81929814,,0.866018195,4.897130797,0.8386662650000001,17.846359697,100.0,698.5525813319999,4.325831546,0.092051331,0.162785375,5.595748874,,,1.259087638,199.6416051,0.212277438,16.85962373,33.65882344,1.045899138,83.06801737,165.8383232,0.000911062,0.0723589,0.14445847,23.26203209,,29.01767801,26.57383408,565.476663855,,43.71207943,1.873082864,6.720043811,,20.36662248
1078,Slovak Republic,2023,,,,,,,,,103.130199672,6.344584499,55.41777475,19.03901928,,0.840573706,4.920080933,0.814422031,19.929091868,99.999999996,523.067538616,3.012194291,0.073709078,0.125928645,5.573597016,,,,,,,,,,,,,,,,27.90798011,23.919849926999998,585.324154115,,43.65188653,1.8823171,5.688142431,,25.54320597
1079,Slovenia,1994,,,,,,26.06655382,100.00002901200001,1.732576405,79.14597815,,,,50.91243142,,25.38398939,2.881045928,23.73377875,100.0,488.95468667499995,67.72901666,0.557945113,,,,,,,,,,,,,,,,,,1209.441297378,41.107913102000005,338.643027191,605.2284454,41.54870941,1.397652487,,,
1080,Slovenia,1995,,,,,179.9592198,27.32363707,99.999999996,1.931165422,79.62264151,,41.5310606,7.576184115,38.95576034,,20.85561282,2.889446444,31.00701955,100.0,447.681559594,57.55477601,0.617627667,,17.04314913,,,,,,,,1.761228542,,,0.0,0.0,0.0,22.17573222,,985.6136300940001,33.585483085999996,360.410116815,498.8912611,41.54870941,22.770475232,4.897629846,,50.89275529
1081,Slovenia,1996,,,,,202.551406,29.32430489,100.00000000300001,2.190362903,79.75173784,,44.45923037,8.213358968,33.62748013,,19.56122513,2.760227605,29.84871982,100.0,403.520183734,65.00889841,0.702997242,,16.75826221,,,,,,,,2.337970995,,,0.0,0.0,0.0,25.26315789,,1055.971111454,34.833237209,376.681812809,537.9239886,41.54870941,22.858488665000003,5.007066871,,47.32749186
1082,Slovenia,1997,,,,,219.8119142,29.86243075,100.0,2.298237725,80.02482622,,47.52099578,7.99238498,28.89906697,,17.97622908,3.099434388,32.40605532,100.0,447.868919256,68.435388,0.715524412,,16.45244316,,,,,,,,2.117582796,,,0.0,0.0,0.0,25.63451777,,1156.1007201559999,37.705731580999995,394.23129215800003,594.9370978,41.54870941,23.002145352,5.210454329,,44.48661924
1083,Slovenia,1998,,,,,171.3187136,25.21908038,99.999999997,1.914437566,103.77358491,,47.68333577,8.247431122,25.07568353,,15.59323163,3.051101124,34.095181286,100.0,426.72244044,58.09664313,0.649213349,,16.31785014,,,,,,,,1.713157729,,,0.0,0.0,0.0,26.12359551,,1061.294930737,36.935014251999995,412.73820684500004,556.4766528,41.63197336,23.859079143,5.181994221,,44.06916487
1084,Slovenia,1999,,,,,157.9819808,24.83774054,100.00000000399999,1.809310933,105.88381331000001,,47.94657463,7.881371679,25.59564476,,16.84278471,3.419693032,39.164517196000006,100.0,412.120013733,57.6810387,0.660600239,,16.34447964,,,,,,,,2.04335334,,,0.0,0.0,0.0,22.29580574,,1093.542471282,37.535825856,429.884344569,574.5689723,41.96502914,23.931623934,5.195102058,,44.17205369
1085,Slovenia,2000,,,,,173.8740768,25.10943203,99.999999995,1.773880865,106.1469712,,54.20797426,8.701390397,23.45190281,,15.73714444,2.731970677,27.871840312,100.0,472.710813821,63.37718571,0.646580439,,15.48455202,,,2.058014582,375.1196876,0.084866581,4.12371134,15.4688531,1.973148002,95.87628866,359.6508345,0.0,0.0,0.0,17.51662971,,1209.0271503630001,43.005412385,438.745553517,657.7460271,41.96502914,24.037270162000002,5.276240592,,37.09069452
1086,Slovenia,2001,,,,,176.5926315,24.78444123,100.000000001,1.85069777,107.095332712,,57.29634636,8.685724982,20.38567796,,13.95540295,2.527390642,26.487154004,100.0,456.58702953399995,62.60517718,0.656104736,,15.18317812,,,1.413865204,260.2083038,0.070929693,5.016722408,13.05392828,1.342935511,94.98327759,247.1543755,0.0,0.0,0.0,18.85714286,,1193.1717932620002,42.548672231,445.91176972899996,653.212216,41.00895037,24.798426748,5.220875413,,34.01787424
1087,Slovenia,2002,,,,,161.8089382,25.20185962,100.000026307,1.905576752,106.648460812,,56.26098866,8.561418216,19.05911276,,13.43674951,2.3082720489999997,27.183847821,100.0,427.882004287,57.04798217,0.671837475,,14.73917989,,,1.516012725,300.4405415,0.084930685,5.602240896,16.83140288,1.43108204,94.3977591,283.6091386,0.0,0.0,0.0,16.79012346,,1080.3236201270001,40.533570514,477.35205792799997,598.6425798,41.00895037,24.864197532000002,5.161989727,,35.17759312
1088,Slovenia,2003,,,,,130.1242583,25.77488171,99.999999995,1.932286533,106.181727912,,54.65374625,8.120816063,16.65978246,,12.12587054,2.134079032,31.690110849,100.0,355.704426075,45.55311397,0.676443192,,14.78692238,,,1.916974095,389.2311299,0.081988709,4.276985743,16.64735994,1.834985386,95.72301426,372.58377,0.0,0.0,0.0,13.76146789,,862.295423377,32.392650631,481.016248141,490.1515063,41.00895037,24.1863465,5.138711851,,37.22543769
1089,Slovenia,2004,0.500748118,4.965243297,0.028077573,483.8694009,117.4458541,26.54536143,100.00000000499999,2.023980327,106.261171812,,53.47331971,7.902908252,18.14569536,,13.72049842,1.965880189,33.878614646,100.0,314.838054333,41.26093574,0.711062327,,15.22715345,,21.28677524,2.008817878,408.9529215,0.213550009,10.63063063,43.47427454,1.795267869,89.36936937,365.4786469,0.0,0.0,0.0,13.43804538,,756.201518351,28.533593318,491.728141861,438.7606547,41.00895037,35.19730319,5.307385512,,38.62377204
1090,Slovenia,2005,0.999763056,9.930486594,0.025332405,458.4628443,119.0854751,27.94217978,99.999999997,2.155194719,106.375372369,,55.9795135,7.866555354,16.62478252,,12.89694342,1.8502478,33.485563925,100.0,309.759522604,41.43149716,0.749822292,,15.05475211,,,1.689934001,345.9374995,0.144262659,8.536585366,29.53124996,1.545671342,91.46341463,316.4062495,0.0,0.0,0.0,18.03278689,,727.778985207,28.100277671,508.55547233,428.6502696,40.96091205,35.546642901999995,5.291692115,,36.15397207
1091,Slovenia,2006,0.996577752,9.930486594,0.022690777,446.36867,115.2424685,28.82768567,100.00000000200001,2.267028026,106.573982169,,56.48444409,7.644984915,16.40473358,,13.05516855,1.75479314,34.519958463,100.0,286.389981435,40.52815546,0.797262202,,15.08379576,,,1.862070703,387.0666041,0.041308736,2.218430034,8.586801798,1.820761968,97.78156997,378.4798023,0.0,0.0,0.0,19.63534362,,682.211979251,26.416732995,519.6649705140001,404.5469817,40.96091205,35.585095867,5.534690384,,35.87057099
1092,Slovenia,2007,0.991020364,9.930486594,0.020527685,488.9263384,107.1679739,32.72626548,100.000000002,2.552514665,106.375372369,,55.98540747,7.263706965,17.17669129,,14.51844834,1.666658776,39.696311715,100.0,257.007179886,37.03131394,0.882008124,,15.48850527,,,2.075643757,447.1912317,0.176771858,8.516483516,38.08496754,1.898871899,91.48351648,409.1062642,0.0,0.0,0.0,17.26708075,,590.897971091,22.814243568000002,543.387367036,354.8764905,40.96091205,35.546642901999995,5.713957096,,36.75088556
1093,Slovenia,2008,0.989454395,9.927529038,0.01965636,542.4287939,108.5955028,36.12661251,100.0,2.996758053,107.371190329,5.722317036,55.91084647,7.695109344,12.26571903,,10.58716203,1.5015399550000001,41.435876429,100.0,220.725710066,38.72397233,1.068610747,,15.8728067,,14.22967611,2.083020331,454.783325,0.253126521,12.15189873,55.26480911,1.82989381,87.84810127,399.5185159,0.0,0.0,0.0,17.57719715,,517.379228085,20.423811825999998,563.6070757929999,312.7857154,40.96091205,35.950595500000006,5.721099574,,36.39407532
1094,Slovenia,2009,0.980551256,9.927529038,0.019111641,473.8180558,100.4203176,33.65682949,100.000000004,2.489633367,106.859922529,5.831059891,61.01732607,7.471094394,9.558412521,,8.38371324,1.3089379559999998,32.451343821,100.0,195.595810909,36.58460821,0.907009912,,15.01174654,,,1.318441491,281.4029089,0.198593697,15.06276151,42.38704904,1.119847793,84.93723849,239.0158598,0.0,0.0,0.0,27.10951526,,589.545207762,22.911140554,568.015692774,353.7830491,40.96091205,36.019704436000005,5.494570569,,31.51154721
1095,Slovenia,2010,1.464426875,14.89129356,0.018447282,434.1103094,108.1113514,33.80169061,99.99999999699999,2.544128307,108.448327229,5.351689871,65.69816867,7.046707221,7.741501178,,6.736363623,1.4007356530000001,32.962784518,100.0,236.92076492299998,37.54544898,0.883537548,,15.00821877,,14.61548497,0.967992742,195.231191,0.360247299,37.21590909,72.65706257,0.607745443,62.78409091,122.5741285,0.0,0.0,0.0,38.26815642,,614.687033819,24.146079799000002,568.217153002,369.7708141,40.96091205,36.226964111,5.648551173,,27.25515547
1096,Slovenia,2011,0.974258626,9.927529038,0.017211022,432.4787624,107.920868,36.16099409,99.99998204,2.711837194,106.467785203,5.629740412,67.66673047,7.069158452,10.63027744,,6.868523311,1.289104707,32.392637917,100.0,229.87045601799997,37.80252011,0.94990216,,14.98158983,,,0.588258009,115.3665161,0.286033711,48.62385321,56.09564547,0.302224298,51.37614679,59.27087068,0.0,0.0,0.0,52.13675214,,15.004163576,22.686184076,570.058694248,257.1346804,41.35649297,3.814229249,5.808399598,,25.26411108
1097,Slovenia,2012,0.486107297,4.963764519,0.016175925,366.2521954,119.8716302,37.70556003,100.0,2.714110091,106.214633203,5.605478266,72.57463058,7.024627356,10.06503561,,6.319394855,1.185972707,26.852567063,100.0,228.416239247,42.7242159,0.96735352,,15.47600478,,,0.479956678,93.00848587,0.198602763,41.37931034,38.48627001,0.281353915,58.62068966,54.52221585,0.0,0.0,0.0,54.05405405,,15.947868381,25.137511656,569.15872814,277.2994837,41.35649297,3.809004904,5.943981213,,20.40074207
1098,Slovenia,2013,0.485447969,4.965243297,0.016461717,386.9044585,109.2167142,37.35105542,99.999999998,2.566951285,106.171797446,5.395484904,73.48412155,7.196431253,9.834775767,0.992586569,6.068099612,1.3120959880000003,30.838567675,100.0,234.985680018,39.03695207,0.917496661,1.500790893,15.85401276,,13.91554851,0.669330584,131.6448264,0.384042138,57.37704918,75.53391676,0.285288446,42.62295082,56.11090959,0.0,0.0,0.0,54.18502203,,15.715099602,26.010920138,611.3421033970001,262.518339,41.35649297,36.105878858,5.961281755,10092.62024,19.3194472
1099,Slovenia,2014,0.484970756,4.965243297,0.016320034,395.7147984,106.0910499,41.78411848,100.000018857,2.572408074,106.171797446,4.598265423,73.59498195,6.95214807,8.359780169,0.853248388,5.237684168,1.329594469,32.238915989999995,100.0,246.91578965,36.80206127,0.892346192,1.453682438,15.99864287,,,1.057546134,215.6660218,0.717430794,67.83919598,146.3060952,0.340115339,32.16080402,69.35992661,0.0,0.0,0.0,46.8879668,,13.959121467000001,25.316437966000002,613.8522197079999,258.3944726,41.35649297,35.109546938,6.139138692,10206.58882,19.45286998
1100,Slovenia,2015,0.969212481,9.929007596,0.022337306,466.6302566,122.3854147,41.30529211,99.99999999799999,2.556651681,105.783646922,4.937598779,68.50161673,7.216808545,5.924463096,0.934559059,5.815274886,1.738257945,36.312514813,100.0,289.712750434,41.98802753,0.877137295,1.409626581,16.03578697,,,1.340964183,280.1296496,0.96775918,72.16890595,202.1665034,0.373205003,27.83109405,77.96314625,0.0,0.0,0.0,40.81632653,,16.471495124,29.7866315,622.247981707,469.8715457,41.35649297,34.947012285999996,6.428124407,15774.57812,24.28157472
1101,Slovenia,2016,0.484251652,4.964750273,0.021027248,455.8362493,126.1381814,41.64511691,99.999999998,2.734468839,105.78889882,5.284153005,66.91893147,6.861680157,6.503576967,0.994145249,6.295271476,1.8477787680000002,40.056812399,100.0,290.180254191,42.44224015,0.920078139,1.452981518,15.78792676,,,0.577105427,126.8865297,0.208687652,36.16109683,45.88356086,0.368417774,63.83890317,81.00296882,0.0,0.0,0.0,41.10671937,,15.21240592,29.210447366,633.234578251,446.5147044,41.35649297,34.947012285999996,6.564768084,15286.1303,26.21938838
1102,Slovenia,2017,,,,,118.7677894,42.08125458,100.0,2.792708823,114.50988183,4.989182285,63.98534086,6.449871504,4.974410485,0.765776844,5.032936699,2.190060301,51.497105098000006,100.0,306.21218034,39.103442,0.91947882,1.399015388,16.61931411,,,0.737014953,164.4044352,0.232496831,31.54574132,51.86259785,0.504518123,68.45425868,112.5418373,0.0,0.0,0.0,35.02994012,,13.399866149,27.950687562,657.2328139609999,430.2819273,50.45492142,34.584229560000004,6.667257229,15394.32353,29.56478764
1103,Slovenia,2018,,,,,106.0292825,42.16774881,100.00001741,2.769882164,114.372268533,5.570569039,65.44255915,6.200842401,4.214133556,0.651628606,4.387880962,1.812769977,47.356325833,100.0,273.442743774,35.43882981,0.925794665,1.374864751,16.97159709,,,1.052830053,243.1315855,0.333505172,31.67701863,77.01683765,0.719324881,68.32298137,166.1147479,0.0,0.0,0.0,25.84269663,,12.128473665,25.776229827999998,673.371445178,398.576089,50.45492142,34.494294491,6.595025652,15462.932,28.35662196
1104,Slovenia,2019,,,,,101.8324175,42.00100981,100.00000000200001,2.649280185,114.496424333,5.445154067,64.09718828,5.8985836,4.62123958,0.713445867,4.884156896,1.7391945500000001,45.292893793000005,100.0,279.41331965899997,34.75116239,0.905005543,1.321973223,17.10720052,,,1.057998337,249.2031973,0.428139405,40.46692607,100.8448736,0.629858932,59.53307393,148.3583237,0.0,0.0,0.0,28.5046729,,12.850017118,26.287342117,684.586893672,405.8347388,50.45492142,34.569257532,6.432216293,15438.40899,30.00424999
1105,Slovenia,2020,,,,,83.75544617,37.51388453,100.0,2.139553058,114.600715133,5.242574511,65.66278831,3.785805067,4.272363151,0.554650397,3.80514065,1.322798802,33.808674671,100.0,260.54000044,30.14820005,0.770540982,1.123167054,14.21020545,,,0.901266241,201.5294856,0.401743678,44.5754717,89.83271883,0.499522563,55.4245283,111.6967668,0.0,0.0,0.0,37.1657754,,7.389632108,26.84213355,686.043077024,348.4722506,50.45492142,34.600082313,5.930708672,12982.28585,30.55140662
1106,Slovenia,2021,,,,,82.89758984,41.75399251,99.99998046,2.428186515,114.700039733,4.796459266,62.48340871,3.391297666,5.672488431,0.775343532,5.407766976,1.20881977,35.455976745,100.0,239.38978719,29.5962242,0.868088909,1.244630406,17.14512819,,,1.291155238,288.9956872,0.721134111,55.85185185,161.409443,0.570021128,44.14814815,127.5862441,0.0,0.0,0.0,31.01851852,,8.765997885,23.779126756,697.467220184,325.0247637,50.45492142,34.627861289,6.048345809,13668.49031,34.12529362
1107,Slovenia,2022,,,,,,,,,114.839094203,4.705285841,66.10993273,4.294010128,3.959196982,0.567683198,4.024647891,1.098155188,31.23079414,100.0,249.56937277,36.46143604,1.036938692,1.462619063,17.47509899,,,1.458684267,310.8703649,0.718822776,49.27884615,153.1933289,0.739861491,50.72115385,157.677036,0.0,0.0,0.0,24.50805009,,13.90196306,24.928866961,708.9601919299998,357.4386166,50.08278146,34.554663265,6.364861802,14338.34186,29.59605715
1108,Slovenia,2023,,,,,,,,,114.839094203,4.760581175,,,3.67317685,0.533687737,3.866215734,1.060531338,34.110395546,100.0,224.84214301,29.31831308,0.942979447,1.301677407,,,,,,,,,,,,,,,,,14.51256498,22.523486178,724.43405907,327.2510106,50.08278146,34.554663265,5.955336021,14529.32321,
1109,Spain,1994,,,,,133.2641519,32.58989868,100.006211754,1.787769019,2.53203588,,,,,,14.19753892,2.107718905,28.275530260999997,100.000000001,424.692339313,34.13296207,0.457901478,,,,,,,,,,,,,,,,,,489.040275865,32.469618657,435.58734626999995,,55.34556381,,,,
1110,Spain,1995,,,,,117.0740924,31.53062742,100.006174679,1.811375703,2.458753804,,49.77773574,16.55159368,34.58790416,,14.4773758,1.7278013700000001,26.732621674999997,100.0,385.689635677,30.46622487,0.471374822,,10.97228132,,,1.092082295,214.8829222,0.166526266,15.24850895,32.76644161,0.925556028,84.75149105,182.1164806,0.0,0.0,0.0,,,435.736087754,28.878132709,446.80378758399996,270.5315138,55.81433225,,5.25261962,,33.67067058
1111,Spain,1996,,,,,119.6540183,35.27162361,100.014905082,1.927639616,2.459554701,,49.00392655,16.43088116,31.56809912,,13.74535057,1.8330610769999998,29.530819015,100.00000000099999,369.74870130200003,30.01939475,0.483615808,,11.35301329,,,0.986502536,201.9442845,0.166801921,16.90841276,34.14557318,0.819700615,83.09158724,167.7987113,0.0,0.0,0.0,,,425.89634529200003,28.542026691,459.815243258,270.2768402,58.889612508,,5.064667582,,34.56519229
1112,Spain,1997,,,,,130.2037919,32.57683006,100.01747935899999,1.918084926,2.463358962,,46.99484981,15.89762359,31.21466488,,13.9899283,2.276575518,33.537158397,100.00000000099999,434.603418152,33.76875754,0.49746128,,11.81578362,,,0.89799487,192.3970828,0.132109046,14.71155908,28.3046105,0.765885824,85.28844092,164.0924722,0.0,0.0,0.0,,,490.94814269,26.183888222,385.725490035,304.237407,59.554580182,,4.957368143,,37.1075266
1113,Spain,1998,,,,,136.0309537,34.74915884,100.007071975,2.094145565,135.477534862,,44.2832172,15.52809904,31.59809892,,14.80974721,2.5341787690000004,39.012732579,100.000000003,466.141877695,34.65617599,0.533518843,,12.11596372,,,1.030768373,237.0402457,0.16978631,16.47181993,39.04484243,0.860982063,83.52818007,197.9954033,0.0,0.0,0.0,,,548.866935473,26.190944755,403.19978048,304.4511147,59.554580182,20.539163003000002,4.959635686,,40.18868376
1114,Spain,1999,,,,,139.3933589,33.53989551,100.007702658,2.191352884,135.58004964999998,,42.56214313,14.98733525,28.43310688,,14.207586,2.9007733140000003,45.60201798000001,100.00000000200001,484.268898192,38.82769763,0.610396323,,12.5949978,,,0.960009938,234.0429435,0.233497783,24.32243399,56.92494044,0.726512154,75.67756601,177.1180031,0.0,0.0,0.0,,,568.614336991,32.716187787,514.319466394,317.8525546,59.550288177,20.617699170999998,4.899018754,,42.45052162
1115,Spain,2000,,,,,151.1787855,32.47125993,100.013618199,2.229839831,135.655310668,,46.31570429,15.0973172,27.701575,,14.23787065,3.000397625,44.254930451999996,100.000000003,564.1714089449999,42.387288,0.625199296,,12.27243383,,,1.023692176,256.370638,0.284015923,27.74427021,71.12816252,0.739676253,72.25572979,185.2424754,0.0,0.0,0.0,,,585.675420836,35.970930869,530.560026539,348.4638507,59.455727052,20.647748303,4.752503844,,38.58697851
1116,Spain,2001,,,,,150.7223605,33.82268824,100.022836792,2.316452133,135.834470055,,46.65786818,14.79504697,25.34430959,,13.50537175,2.881064582,44.279088296999994,99.999999996,578.3903702230001,42.39522914,0.651572376,,11.91576357,,,1.143235382,302.3941653,0.350360132,30.64636885,92.67283128,0.79287525,69.35363115,209.721334,0.0,0.0,0.0,,,569.245537248,34.490388039,530.082854505,346.7212034,59.455727052,20.719047245,4.857646344,,38.54708485
1117,Spain,2002,,,,,136.0117021,32.43325342,100.026763703,2.326709558,135.758456217,,49.18694477,15.600618,23.43407605,,12.90562136,2.402969963,41.106853866,99.999999996,578.47415298,38.75519058,0.662972896,,11.36685436,,,1.404305505,389.2296652,0.487224369,34.69504085,135.0433913,0.917081136,65.30495915,254.1862738,0.0,0.0,0.0,,,541.550287126,31.771082815,543.497953884,321.9327707,59.578793302,20.733744145000003,4.749438441,,35.21243723
1118,Spain,2003,,,,,111.7184871,33.50220164,100.02534828099999,2.403158081,136.21982728700002,,49.64372722,15.1008371,22.84275772,,12.79758564,2.008059694,43.195039683,99.999999997,468.882367733,31.74685563,0.682901357,,11.33697991,,,1.38507677,397.8757791,0.47253654,34.1162707,135.7403779,0.91254023,65.8837293,262.1354013,0.0,0.0,0.0,,,432.297745079,24.877920382,535.1448273550001,260.4487353,54.820323904,20.803562309,4.680560629,,35.25543568
1119,Spain,2004,0.698943977,6.009856164,0.038669926,963.1514638,98.90529038,33.11778548,100.020820868,2.463434152,136.031291353,,49.10430464,14.39735099,19.61400823,,11.04564465,1.891439269,47.110058859999995,99.99999999799999,452.05108107,27.96955649,0.696637462,,11.68538456,72.50843878,84.3912881,1.351117068,395.1623283,0.508239696,37.61625904,148.6452851,0.842877372,62.38374096,246.5170433,0.0,0.0,0.0,,31.99694135,377.980049446,21.938022328,546.4101013769999,226.1015132,66.456337154,20.85352234,4.609136559,,36.49834437
1120,Spain,2005,0.733051254,6.411669238,0.043677264,1154.353288,94.92119536,32.81656474,100.02176197899999,2.5086866,136.155202517,,51.25731693,13.966372,18.12521167,,10.17566772,1.814573796,47.957656207999996,99.999999996,441.354457629,26.43111251,0.698552029,,12.08339724,,,1.546761387,458.2967816,0.621551355,40.18404908,184.1622037,0.925210032,59.81595092,274.134578,0.0,0.0,0.0,,,357.667588743,21.171801301,559.552866255,212.4205429,66.461562432,20.940815778,4.270549355,,34.77631107
1121,Spain,2006,0.720764243,6.413082689,0.043595666,1237.640363,89.75776479,34.80553008,100.01120121,2.548140238,136.35797021300002,,52.96728588,13.83089484,16.55659864,,9.243801411,1.65274944,46.920017853999994,99.999999998,417.536345273,24.98257392,0.709232015,,12.24107862,,,1.469083693,439.5699724,0.631186972,42.96467078,188.8597915,0.837896721,57.03532922,250.7101809,0.0,0.0,0.0,,,327.248965654,20.392351257,578.919866714,196.6655703,68.880688805,21.015117078,4.203005359,,33.20181928
1122,Spain,2007,0.729655819,6.611768949,0.042367707,1380.821545,78.76791981,34.36424891,100.008958336,2.567152867,136.32886539400002,,54.23204732,13.85920119,14.89519208,,8.452952113,1.39590724,45.494526777,99.999999998,379.400672812,21.94838917,0.715328032,,12.25901838,,,1.526862345,463.8127529,0.775890042,50.81597857,235.6909891,0.750972303,49.18402143,228.1217638,0.0,0.0,0.0,,,287.905488246,18.164678058,592.01171039,174.1244302,69.860861757,21.166366595,4.157891322,,31.90875149
1123,Spain,2008,0.718107757,6.615878107,0.039202724,1392.116387,67.34829686,35.4659005,100.01097874999999,2.391586663,2.67702486,4.733959789,57.9405092,14.00554575,12.3139012,,6.745860751,0.873963831,31.035072253,99.999999997,322.863210041,19.0579756,0.676762159,,12.13844003,76.55119652,69.83830789,1.577499164,456.6086141,0.809433811,51.31120379,234.2913765,0.768065353,48.68879621,222.3172376,0.0,0.0,0.0,,21.39254291,261.97008301,16.749302239000002,594.779539404,154.2703293,69.909383659,,4.107659777,,28.05394505
1124,Spain,2009,0.77648215,7.219347852,0.039758352,1279.00589,67.92058467,36.60653589,100.01196030999999,2.184971442,2.677976978,4.83465354,59.70047081,15.30197404,10.88338259,,5.853812655,0.748489259,24.078517357,99.999999997,306.243426584,19.83275179,0.6380095,,11.48013722,,,1.701450357,487.0258352,0.820332117,48.21369682,234.8131596,0.88111824,51.78630318,252.2126756,0.0,0.0,0.0,,,288.72831771700004,18.2446519,586.9211373750001,167.1978751,69.889171781,,4.144925201,,24.99755515
1125,Spain,2010,0.815855122,7.599848003,0.044999858,1373.957265,69.20656038,37.43020506,100.014466691,2.113047956,2.770544589,4.944876827,62.10636716,15.07753173,10.27657166,,5.320234193,0.937453294,28.622774077000003,99.999999995,319.864459689,20.36272654,0.621724543,,11.80070218,79.71927797,100.6955256,1.439346552,396.8041578,0.714918958,49.66968912,197.0913916,0.724427594,50.33031088,199.7127662,0.0,0.0,0.0,,25.61711567,291.84829479800004,19.272144945,588.426382249,169.5588305,74.10669169,,4.402903342,,22.81610111
1126,Spain,2011,0.834354937,7.801872449,0.047423979,1502.291877,62.10505583,34.57815901,100.01438457600001,1.967357767,2.789669521,4.882029495,65.08684565,15.72967705,8.777985154,,4.407105563,0.752863007,23.849115942,99.99999999699999,304.84105973000004,18.72344661,0.593119391,,11.68710398,,,1.270865785,323.7114396,0.710026575,55.86951698,180.8560177,0.560839209,44.13048302,142.8554219,0.0,0.0,0.0,,,278.657303715,18.614730545,589.6754952150001,158.4901531,75.27429186,,4.517983304,,19.1834773
1127,Spain,2012,0.726914246,6.797145199,0.051096045,1447.190781,62.37063516,31.59357669,97.494276134,1.766520169,2.794026509,4.833363865,66.2770879,16.61526391,8.484740397,,4.068581794,0.712108946,20.169026803,99.999999998,329.21044749400005,19.63463406,0.556110778,,11.67157416,,,1.034425237,245.9514883,0.518861337,50.15938496,123.3677538,0.5155639,49.84061504,122.5837345,0.0,0.0,0.0,,,300.509383403,20.771896130000002,588.321395793,169.3035216,75.80852891,,4.53413666,,17.10764819
1128,Spain,2013,0.686400024,6.397313128,0.050592474,1471.086804,60.21089197,34.56262368,99.090170226,1.750763068,3.061114332,4.852434415,65.32639546,16.10690634,7.623300072,,3.603600125,0.7112809080000001,20.682047815,100.0,311.497716008,18.54630823,0.539274469,,11.56942848,85.78427193,113.8826277,0.720698125,169.1457285,0.265510049,36.84067428,62.31442688,0.455188076,63.15932572,106.8313016,0.0,0.0,0.0,,18.87204298,290.80624345800004,20.113587461999998,584.846539681,162.5702943,73.10606061,,4.495217253,,18.5666982
1129,Spain,2014,0.709969316,6.597229164,0.053433991,1577.032574,59.84319868,35.22100638,99.315821962,1.766191291,3.035125247,4.9170252,63.34158581,15.94379391,7.580078046,0.525070433,3.631600622,0.846169497,24.973557948,99.999999996,314.201829868,18.60884322,0.549215051,0.794075712,11.81116675,,,0.716632062,172.990174,0.294593883,41.10810811,71.11298774,0.422038179,58.89189189,101.8771862,0.0,0.0,0.0,,,272.118663746,23.434595631999997,691.640662063,162.3309577,73.31708602,,4.685718753,6926.979251,20.71462027
1130,Spain,2015,0.667458545,6.204206452,0.064220679,1653.96333,71.17811378,34.32585337,99.77396341,1.83314684,3.078887486,4.872645958,59.8936511,16.13556282,7.316756195,0.518644582,3.636572525,1.197576373,30.842828759,100.00000000200001,385.955423213,22.07568758,0.568545495,0.810854282,12.00583332,,,0.656622997,169.1090572,0.261573224,39.83613505,67.36651242,0.395049773,60.16386495,101.7425448,0.0,0.0,0.0,,,326.164868131,27.225221679,701.168517524,192.9846142,75.56552262,,4.799906067,7088.44969,23.97078608
1131,Spain,2016,0.666895247,6.205411118,0.070079432,1859.709055,71.61235645,36.98646251,99.66779558700001,1.900388525,3.236221986,5.081864873,56.83556767,16.40410008,7.5620527,0.56303285,3.893807731,1.301434505,34.53637507,100.000000003,386.137767304,22.05495557,0.585275874,0.846291254,11.79134069,,,0.496401716,136.3079393,0.148238546,29.8626175,40.70511854,0.34816317,70.1373825,95.60282079,0.0,0.0,0.0,,,327.816502351,26.060715456999997,691.577362549,194.0351313,79.70557308,,4.597214047,7445.502853,26.76033225
1132,Spain,2017,,,,,69.44850585,35.72736487,99.706156361,1.957428456,3.192692579,4.97521886,57.97990626,15.50251457,7.479737269,0.554538817,3.92760872,1.310838057,36.946371356,99.999999996,383.57563676800004,21.25270493,0.599013986,0.845747452,12.42853053,,,0.540218771,147.9315901,0.222797232,41.24203822,61.01000291,0.317421539,58.75796178,86.92158716,0.0,0.0,0.0,,,297.67995856199997,25.128902095,708.265787734,186.3026887,79.03316822,,4.561398218,7413.880955,26.51757917
1133,Spain,2018,,,,,64.90058998,37.09973879,99.7437643,1.971661824,3.092255251,5.07618678,57.41031684,15.5963603,7.218456226,0.537879782,3.859159566,1.296056273,39.373812684,99.99999999799999,366.168631536,20.08718906,0.610242962,0.850541019,12.60482706,,,0.494576192,135.6017964,0.202349278,40.91367148,55.47967351,0.292226914,59.08632852,80.12212291,0.0,0.0,0.0,,,282.238234629,23.616955111,717.476227638,175.9806011,79.76568062999999,,4.539438627,7451.451733,26.99332286
1134,Spain,2019,,,,,67.11587247,40.19415061,99.757363158,1.985389427,3.203955402,5.21319694,58.16520412,15.67912489,6.962766063,0.513318539,3.723360707,1.294852264,38.303707297,100.00000000300001,388.82558485699997,20.61792888,0.609909821,0.840847941,12.30536984,,,0.488393136,138.1595007,0.197348402,40.40769357,55.82706767,0.291044734,59.59230643,82.332433,0.0,0.0,0.0,,,289.874709435,24.520401205999995,725.3509119299999,180.7726472,80.44483319,,4.565506236,7372.336436,26.155671
1135,Spain,2020,,,,,57.78505263,37.93536123,99.764859044,1.557866264,3.229861657,5.166704162,60.67659839,11.3097455,7.000976048,0.39769451,2.892391122,1.015847027,27.411929595,100.0,405.662714356,18.56697696,0.501017034,0.688882366,10.35134163,,,0.562908285,148.7403302,0.23583346,41.89553897,62.315563,0.327074825,58.10446103,86.42476717,0.0,0.0,0.0,,,232.021848528,26.952318537,727.289678521,153.1042105,82.48528044,,3.896353316,5680.558068,28.01365611
1136,Spain,2021,,,,,60.62792648,40.9186304,99.75813369,1.825113617,3.257739633,5.156062107,60.89805701,11.66046203,6.388937511,0.440764956,3.233099924,0.92475236,28.194613801,100.00000000099999,399.259892763,18.72096607,0.570780276,0.778138472,11.37361865,,,0.539642802,132.6435875,0.230959919,42.79866586,56.76968579,0.308682882,57.20133414,75.8739017,0.0,0.0,0.0,,,252.79013756,24.05865632,733.5201853159999,165.9777167,82.69656019,,3.916162686,6898.877248,27.44148095
1137,Spain,2022,,,,,,,,,3.295359722,5.350529261,61.27013938,14.50246368,6.861616213,0.494283397,3.654375602,0.907337361,26.924815727000002,100.000000004,404.19238300300003,19.68331082,0.584093127,0.790032461,11.94266633,,,0.570791093,113.1510007,0.232995662,40.81977879,46.18798818,0.337795432,59.18022121,66.96301251,0.0,0.0,0.0,,,288.40751288,24.914559575,739.328009296,179.4745256,83.86567889999999,,4.463141557,7203.600172,24.22739694
1138,Spain,2023,,,,,,,,,3.224521895,5.448796631,,,,0.51060528,3.733461757,0.9341321220000001,30.524605539,100.0,172.930375671,17.54292781,0.573249693,0.78400246,,,,,,,,,,,,,,,,,21.90936445,22.376113243,731.1835388,,86.29762939,,4.74505285,,
1139,Sweden,1994,,,,,87.96569413,35.11195653,100.000004961,2.294472166,54.206068644,,60.75086987,15.18796113,9.074895311,,6.707859071,0.7014577710000001,18.296625178000003,100.0,427.59417619399994,23.71258923,0.618512438,,11.9707571,,,,,,,,,,,,,,,,487.777293886,15.773469396,411.43069300300004,283.3823819,67.2590947,0.535714286,5.98865817,,24.06116899
1140,Sweden,1995,,,,,76.0943383,35.72600537,99.999999995,2.304372331,54.236019053999996,,58.51608918,14.91360358,8.706240487,,6.480162602,0.66063721,20.006142558999997,100.0,388.22017803200004,22.08695753,0.668861539,,12.30440761,,,1.004839066,443.5379278,0.558640174,55.59498956,246.5848647,0.446198892,44.40501044,196.9530631,0.0,0.0,0.0,35.5063675,,423.641979018,13.656825236,413.571001253,245.7847408,67.75286041,0.600952381,6.007012672,,26.57030725
1141,Sweden,1996,,,,,68.87789855,32.19170253,100.00000000099999,2.272914551,54.245838855,,57.38878666,15.48658289,8.132851723,,6.073974906,0.6925379960000001,22.8531892,100.0,366.557555357,19.38674504,0.63974678,,12.53907971,,,0.897602475,401.927351,0.456442691,50.85131826,204.3853564,0.441159784,49.14868174,197.5419946,0.0,0.0,0.0,35.50773369,,390.281224219,12.595591559999999,415.64425192,226.3220818,68.13206859,0.642854082,5.873946291,,27.12463045
1142,Sweden,1997,,,,,75.82668209,36.12986428,100.000004916,2.298497117,54.239946976999995,,54.38856691,15.47625765,8.168924788,,6.115715671,0.972439098,29.477071269,100.0,418.63556129999995,21.90221825,0.663911241,,13.02278076,,,0.672701047,311.9909367,0.296394856,44.06041243,137.4644935,0.376306191,55.93958757,174.5264432,0.0,0.0,0.0,37.95103093,,427.118715534,13.885491726,420.9041266,246.9792509,68.04679645,0.677619048,5.915195513,,30.13517544
1143,Sweden,1998,,,,,76.17173843,36.04391064,99.999999997,2.3306,54.253694706,,51.43939974,15.9972437,7.930690485,,5.999339734,1.06542902,32.598559210000005,100.0,412.171394554,22.00803718,0.673372219,,13.22695865,,,0.749266688,355.9628238,0.315991648,42.17345484,150.1218207,0.43327504,57.82654516,205.8410031,0.0,0.0,0.0,41.27793516,,426.03231376599996,14.080295375999999,430.80987466100004,247.239907,67.69118851,0.685238095,5.940951965,,32.56335656
1144,Sweden,1999,,,,,76.87406676,37.53879874,100.000000001,2.378558444,54.510728138000005,,48.76319181,15.64626798,8.450254133,,6.547846583,1.2904490910000002,39.927752416,100.0,411.83085967299996,22.2569858,0.68865283,,13.75950696,,,0.625835176,309.6333711,0.265489774,42.42167655,131.3516671,0.360345402,57.57832345,178.2817039,0.0,0.0,0.0,43.09623431,,430.72710486899996,14.271314291,441.56837186300004,250.4348343,67.67475552,0.703317536,5.860839111,,35.59054021
1145,Sweden,2000,,,,,80.71236171,40.80435911,100.00000471499999,2.391085141,54.754504831999995,,49.54844515,16.18620361,8.532249398,,6.661324833,1.429867237,42.359488593,100.0,424.48542964,22.67589293,0.671768122,,13.99674721,,,0.526794209,265.8303294,0.20692224,39.27952073,104.4168794,0.319871968,60.72047927,161.4134501,0.0,0.0,0.0,45.02961536,,462.38030641200004,15.295285471,453.119320299,263.5372911,67.83546254,0.707075472,5.833130575,,34.26535123
1146,Sweden,2001,,,,,87.22055731,41.32059846,99.999995275,2.376565092,54.75057691,,52.44247504,17.71194811,8.301370092,,6.553536662,1.328814497,36.207222150999996,100.0,444.232692891,26.69196887,0.727296436,,13.20967118,,,0.578257009,291.1094872,0.205852785,35.59883962,103.6315995,0.372404224,64.40116038,187.4778878,0.0,0.0,0.0,42.83962727,,508.29893160100005,16.666572624,454.126817103,289.731095,69.69422013,0.710849057,5.886111412,,29.84557685
1147,Sweden,2002,,,,,80.00757063,40.47855253,99.999995316,2.392156243,54.768743552,,51.90111144,17.93236504,7.818606978,1.200076548,6.274539331,1.243499908,37.179558721,100.0,419.342311088,24.92051372,0.745101546,1.4250909,13.21820967,,,0.691519496,349.5099576,0.234804121,33.95480855,118.675437,0.456715375,66.04519145,230.8345206,0.0,0.0,0.0,38.32120582,,469.29420014699997,17.48696432,522.844925419,268.4070938,69.92338891,0.728301887,5.843959041,15348.98162,30.16652352
1148,Sweden,2003,,,,,64.73483164,40.08253242,100.00000461799999,2.416019059,55.245495162,,51.97503255,17.49403535,7.273857789,1.117989529,5.905185054,1.038155967,38.745827999,100.0,340.37173274599996,19.92001802,0.743450519,1.40752557,13.14359216,,,0.692348693,353.8851599,0.2201549,31.79826905,112.5293553,0.472193793,68.20173095,241.3558046,0.0,0.0,0.0,35.07933279,,376.654598048,14.152508807,528.196812124,217.5235908,70.11869167,19.435046734,5.890274785,15369.96683,30.53093211
1149,Sweden,2004,2.223820655,4.909903275,0.02775797,1188.644816,57.23577563,42.13888723,100.000000003,2.450936123,55.248686599,,52.0595039,17.04473281,6.503937253,0.995579626,5.337169572,0.954365433,40.867596942,100.0,300.73976710200003,17.91655282,0.767218126,1.431145713,13.59892679,74.69332322,34.61718419,0.817873262,422.6276347,0.352604804,43.11240139,182.2049223,0.465268459,56.88759861,240.4227124,0.0,0.0,0.0,34.44842692,11.72857029,329.110519195,12.519027696,536.086660489,191.6329822,70.09049774,19.478504678,5.820342446,15307.3375,30.89576329
1150,Sweden,2005,2.214944407,4.909903275,0.027982622,1215.484854,53.52576238,43.04864546,100.00000476400001,2.325005548,55.240585259,,52.08734191,17.07112745,5.89653782,0.894495114,4.872877696,0.939559951,40.811790419999994,100.0,307.12965561,18.07664872,0.785197792,1.4413569,14.04829662,,,0.82287617,422.5763162,0.411936194,50.06053269,211.5439549,0.410939976,49.93946731,211.0323613,0.0,0.0,0.0,37.7680186,,322.89636874,12.541410609,544.762919035,190.2511416,70.22782972,19.47523365,5.865208811,15169.83596,30.84153065
1151,Sweden,2006,1.982268607,4.418912947,0.027140209,1264.551696,49.89911168,44.64065302,100.000000004,2.324963865,55.486816914,,52.38823366,18.5931502,5.913063981,0.885720905,4.900608501,0.8940377669999999,41.656163395,100.0,293.88502579,16.26129144,0.757667112,1.369384231,13.57505538,,,0.787832018,406.5007318,0.370683237,47.05105007,191.2628629,0.417148781,52.94894993,215.237869,0.0,0.0,0.0,36.51521061,,301.51459682,11.874893161,553.290373143,177.8746375,70.31760436,19.880930231,5.758023294,14979.05161,29.01861614
1152,Sweden,2007,2.295560648,5.155398439,0.02437877,1309.145885,43.26896411,46.4966309,99.99999529499999,2.323553917,55.475033147,,51.83598624,19.0473785,6.096100955,0.918464351,5.148614596,0.827875931,44.457139260000005,100.0,259.64124497,14.55456606,0.781583744,1.394271785,13.62268495,,,0.799318611,410.2378127,0.402875904,50.40241752,206.7697752,0.396442708,49.59758248,203.4680375,0.0,0.0,0.0,37.01612517,,265.5078547,10.438829943,560.567711788,157.2758266,71.52752461,19.90976744,5.776137634,15066.42291,29.11663526
1153,Sweden,2008,2.277746944,5.155398439,0.025224603,1416.426048,40.20593033,46.64158185,99.999999997,2.257665893,55.489762856,5.142091999,55.24579329,21.17829718,5.134149773,0.767455703,4.306026365,0.6403496470000001,35.9572725,100.0,252.2318508,13.27007409,0.745148643,1.328065662,12.71469825,80.4589795,31.24416597,0.885022301,441.3882489,0.432945623,48.91917667,215.9234973,0.452076678,51.08082333,225.4647516,0.0,0.0,0.0,34.86192045,7.588250454,251.69872995,9.992031625000001,561.078163897,149.3614715,71.31073241,19.932558138,5.926195928,14948.05833,23.57590953
1154,Sweden,2009,1.398072703,3.191437129,0.026166116,1228.41658,46.48729009,48.90244307,100.0,2.182431496,56.939657284,5.316353009,55.8647077,22.617725,4.666663973,0.687662395,3.850077136,0.613452367,28.799652417,100.0,253.95432136,15.64590569,0.734525889,1.311936916,11.9679823,,,0.985784308,473.2277154,0.485629722,49.26328381,233.1275125,0.500154587,50.73671619,240.1002029,0.0,0.0,0.0,33.33200351,,297.75555894,11.925806410000002,559.878969959,175.7342858,71.49398456,21.916213769,5.579128215,14735.63127,21.5175673
1155,Sweden,2010,1.919360009,4.418912947,0.025077507,1325.823837,41.67959571,44.28758315,99.999995163,2.203560391,55.357195467000004,5.377235449,53.02876794,21.36650138,3.466643274,0.507614116,2.836387568,0.684807164,36.205101109,100.0,241.920647368,14.02887122,0.741693031,1.327370973,12.67352184,81.47672026,37.32467748,0.887406778,440.4015855,0.44230703,49.84264731,219.507809,0.445099747,50.15735269,220.8937765,0.0,0.0,0.0,34.40283735,8.48555808,260.443483696,10.568915179000001,558.768457584,154.758656,71.37096774,22.614915175999997,5.47229298,14642.8137,25.60473068
1156,Sweden,2011,2.010749467,4.664408111,0.024204241,1470.547124,35.4898344,47.2824629,99.999999995,2.156211845,55.411204395,5.129299862,52.26448738,21.44866995,4.100861498,0.598711138,3.375942526,0.6167821170000001,37.473067863,100.0,209.22560108300002,11.30821344,0.687039132,1.218438933,13.08250239,,,0.847580612,421.1582,0.38463963,45.38089059,191.125342,0.462940982,54.61910941,230.0328581,0.0,0.0,0.0,30.94037615,,227.694816112,9.280902915,563.868334851,135.4978692,72.45225772,21.953698263,5.549575585,14599.64299,26.28684267
1157,Sweden,2012,2.206027413,5.155398439,0.024893729,1444.777776,35.0206206,47.75289342,99.99999482999999,2.032520521,55.675357193,5.104544113,52.78469068,22.73038458,3.688156085,0.529362434,2.993894346,0.5910110869999999,34.300994998,100.0,229.190466372,11.85240078,0.687887502,1.216281405,12.75875969,,,0.879774069,426.1476193,0.365225378,41.51354207,176.9089712,0.514548691,58.48645793,249.238648,0.0,0.0,0.0,30.23761229,,235.880605502,9.744784989,565.566076101,139.8672665,73.58117816,22.059150853,5.586961163,14353.03772,24.48492474
1158,Sweden,2013,2.395738752,5.646388766,0.024846765,1518.806705,32.11946099,48.34808149,99.999999996,1.963364467,55.441891299,5.224812546,52.49643102,22.69592302,3.343574493,0.477838757,2.708226415,0.610783017,37.335296862999996,100.0,215.92190902700003,11.12707018,0.680163752,1.200079137,12.46543446,78.08310461,39.15429638,0.77007935,372.9633556,0.314534,40.84436231,152.3345043,0.45554535,59.15563769,220.6288514,0.0,0.0,0.0,34.14265184,10.99009347,222.31192042499998,9.271947015,566.765749573,132.5077593,74.9657753,22.118857033,5.511837405,14291.25502,24.80764596
1159,Sweden,2014,2.165817013,5.155398439,0.025463667,1528.338478,31.55303499,48.84480335,99.999999996,1.893824534,55.465458827,5.133981193,50.60606873,22.3839001,3.408183756,0.486234871,2.784621874,0.680246523,40.828641586,100.0,218.553031197,10.86275236,0.651986312,1.138461502,12.49116449,,,0.762232858,378.6711579,0.337360653,44.25952638,167.598061,0.424872205,55.74047362,211.0730968,0.0,0.0,0.0,35.30129672,,228.26632829200003,9.541607102,572.690697612,136.1271114,75.65481114,22.256477502000003,5.437789747,14266.68588,27.01003117
1160,Sweden,2015,2.245084439,5.401278139,0.030401531,1567.061591,36.45089124,48.98869248,100.000000003,1.878878817,55.485611736,5.06631382,47.62223711,22.76696772,3.207990226,0.457928969,2.64307668,0.8717198820000001,44.933222,100.0,247.450142131,12.96763234,0.668422867,1.158082915,12.49984669,,,0.766603215,395.1493346,0.357892439,46.68548632,184.4773885,0.408710776,53.31451368,210.6719461,0.0,0.0,0.0,38.86958048,,267.471051199,11.197499049,577.180492383,159.8402376,75.4950495,22.305442809,5.239177954,14274.6373,29.61079518
1161,Sweden,2016,1.914727124,4.664740211,0.03201414,1663.619731,34.11465652,47.36861238,100.000005689,1.772773487,55.433563048,4.950711827,47.01093663,22.31388908,3.268679641,0.466969517,2.720928018,0.9359519959999999,48.636890644000005,100.00000000300001,249.981261038,10.75336477,0.558800268,0.959020928,12.73691257,,,0.769385311,399.2123235,0.322004534,41.85218113,167.0790647,0.447380777,58.14781887,232.1332588,0.0,0.0,0.0,35.13300493,,227.08739687899998,11.212857256,582.6778667809999,160.1889175,75.20676346,22.303808655,5.232190822,14286.18182,30.67517429
1162,Sweden,2017,,,,,32.03420216,47.24411011,100.00000000200001,1.723168065,55.551163606,4.883355073,47.23545463,23.04096137,3.003728545,0.427851866,2.505543515,0.911193947,49.014496157,100.00000000200001,236.89013099299999,11.8306559,0.636388818,1.086710894,12.83508169,,,0.812482946,424.9373765,0.317747056,39.10815076,166.1851498,0.494735891,60.89184924,258.7522266,0.0,0.0,0.0,30.35458834,,220.82566992099999,10.886663570999998,585.610047153,155.0699158,75.30807431,22.337412716,5.281910189,14244.02571,29.723584
1163,Sweden,2018,,,,,29.58282851,47.89416343,100.00000609,1.614898812,55.632428291,4.872211132,49.55724555,22.89449794,3.832686666,0.545777786,3.184208214,0.822472887,44.898023765,100.000000004,240.547870902,11.55262346,0.630646884,1.080937666,12.7229048,,,0.833002299,435.3583252,0.302567816,36.32256669,158.133318,0.530434484,63.67743331,277.2250072,0.0,0.0,0.0,29.26505924,,217.249258377,10.687594498000001,583.425763782,152.1922392,75.34384742,22.433481231000002,5.198339083,14240.08361,27.54825651
1164,Sweden,2019,,,,,30.64103998,48.67540436,99.999999998,1.591478143,51.608951002000005,4.825052859,49.38750655,22.35813519,2.641202763,0.369863025,2.150038229,0.8627039750000001,44.808353282,99.999999996,244.86382766199998,12.64122243,0.656577896,1.129486367,12.92403176,,,0.879488136,459.6883341,0.354636657,40.32307457,185.3604697,0.524851479,59.67692543,274.3278644,0.0,0.0,0.0,28.54022865,,226.94288940200002,11.192009747999998,581.306614266,156.7282391,75.0986329,24.038615931000002,5.163618706,14003.58315,28.25435826
1165,Sweden,2020,,,,,27.61468372,46.78239295,99.99999337599999,1.459102007,50.716207851,4.59587408,53.89190012,14.9580828,2.621669901,0.336656329,1.970359229,0.700767889,37.027106538,100.0,239.497694567,11.57125615,0.611400923,1.044641949,11.31444728,,,1.045432227,538.6877467,0.433111748,41.42896468,223.1727563,0.612320479,58.57103532,315.5149904,0.0,0.0,0.0,25.88820294,,197.070254798,11.076767652000001,585.273187428,142.2400256,75.02062517,24.513672376000002,4.73809435,12841.29361,31.15001708
1166,Sweden,2021,,,,,24.07363723,44.53672622,99.999999999,1.471939727,51.791133458,4.119369656,52.43628253,13.95794737,2.620446973,0.343355274,2.016165616,0.59655634,36.639105683,100.000000006,222.74077284999998,9.743280421,0.598409668,1.019098401,11.98492233,,,0.957722492,503.1922608,0.419552659,43.80733072,220.4350978,0.538169833,56.19266928,282.757163,0.0,0.0,0.0,29.71268062,,167.08233824399997,9.560686591,587.195178597,125.2729859,75.01832845,24.115485565,4.739923682,13102.92777,33.6057701
1167,Sweden,2022,,,,,,,,,51.82403433499999,3.916095223,50.12904347,16.87150249,2.772620676,0.371070616,2.164596902,0.62265924,35.05540844,100.00000000099999,241.063148846,10.05644706,0.566173015,0.9705741,12.74739771,,,0.929356544,467.3014707,0.414029789,44.55015586,208.1835335,0.515326755,55.44984414,259.1179371,0.0,0.0,0.0,29.45370349,,199.26335508,10.361338779999999,583.338268075,138.6698293,74.99541873,24.120065753,5.098378353,13383.38918,32.99945405
1168,Sweden,2023,,,,,,,,,51.598147734,4.294147964,,,2.790675002,0.374126337,2.17337001,0.628968995,35.414257612,100.000000002,217.288074427,9.034706998,0.508701452,0.875684353,,,,,,,,,,,,,,,,,213.88994587000002,10.317310075,580.918741414,138.3169816,75.08710801,24.335366007,4.756799551,13406.30267,
1169,Switzerland,1994,,,,,48.50019467,36.10609501,100.0,2.089971039,179.678725,,,,13.56209803,1.630302595,9.708605986,1.035528314,44.622983658,100.0,150.112518259,16.01318761,0.690040243,1.15873937,,,,,,,,,,,,,,,,,45.940322863000006,13.819490403,595.509448014,166.1243786,,1.666971715,,12021.02058,
1170,Switzerland,1995,,,,,40.73014703,34.67139968,100.00000000499999,2.041196974,179.5471794,,,,13.62338813,1.635205115,9.82858633,0.8999530920000001,45.101280601999996,100.0,130.504478274,13.41381979,0.672235536,1.118414135,9.632960541,,,1.336198779,,0.399781088,29.91928251,,0.933541569,69.86547085,,0.002876123,0.215246637,,32.41367343,,33.223815343000005,11.993607176,601.061373645,143.9583723,,2.169778091,8.659020907,12002.92541,
1171,Switzerland,1996,,,,,42.29774157,34.07678238,99.999993047,2.03419374,179.657458,,,,12.07606352,1.44343019,8.710591995,0.962569353,46.292130069,100.000000006,129.404303856,13.98113235,0.672384171,1.114206259,9.508108759,,,1.341442111,,0.436521772,32.54123071,,0.902303587,67.26369924,,0.002616752,0.195070048,,32.78398015,,34.990961585,12.548064813,603.464722855,149.9847657,,2.244596212,8.769570957,11952.82045,
1172,Switzerland,1997,,,,,50.37702989,36.09613576,99.999993268,2.094882624,179.8416272,,,,11.34847753,1.353781351,8.280544276,1.127361876,46.880294363999994,100.000000001,151.619435512,16.79186738,0.698274177,1.141604376,9.594292737,,,1.386077151,,0.473323142,34.14839798,,0.897794661,64.77234401,,0.014959349,1.07925801,,32.07780725,,40.922905687,14.709007535,611.660388839,175.4665334,,1.769687421,4.139967076,11929.18916,
1173,Switzerland,1998,,,,,49.39726253,35.15432705,100.00000000200001,2.108284795,180.1624247,,,,11.31410378,1.354188287,8.396623292,1.1943927619999999,50.976926727,100.000000003,155.104379303,16.50979106,0.704641251,1.136429366,9.569083457,,,1.337409876,1158.135452,0.475730603,35.57104011,411.960826,0.847132326,63.34126445,733.577639,0.014546946,1.087695445,12.59698656,33.39885633,,297.14756585,14.527775822999999,620.048436005,173.8833603,,1.772198115,4.257573219,11969.02833,
1174,Switzerland,1999,,,,,50.26358597,34.88329523,99.999993325,2.095837747,192.93358636,,,,10.77375122,1.292738821,8.16070457,1.3046114260000001,54.39830481,100.00000000200001,161.607351033,17.45654355,0.727884456,1.153043203,9.846006818,,,1.417538544,1196.608949,0.480260181,33.87986757,405.4095271,0.931020901,65.67870093,785.9172127,0.006257462,0.441431499,5.282208822,33.4185712,,307.13515737,15.139539887000002,631.272491839,181.6588349,,1.780769934,3.793963529,11998.9667,
1175,Switzerland,2000,,,,,59.27323104,39.41909168,100.0,2.303597453,192.70316771,,,,10.63103832,1.287834209,8.240247764,1.41261602,54.899954766,100.000000003,185.83349863900003,18.95354887,0.736611337,1.151219364,10.01635427,,,1.386096508,1159.771749,0.483309967,34.86842105,404.3940966,0.897272694,64.73378213,750.7641171,0.005513848,0.397796818,4.613535108,21.98045362,,333.571959364,16.46388992,639.853150959,199.4420489,,1.785413035,3.808567268,12113.90807,
1176,Switzerland,2001,,,,,56.67490022,37.42661474,100.000006159,2.246504563,192.83184053,,,,9.687472175,1.158147858,7.524356647,1.382294043,54.791977814,100.0,184.831864208,18.14501266,0.719239974,1.107053099,9.892084446,,,1.377066091,1122.538515,0.513401667,37.28228228,418.5079777,0.863664424,62.71771772,704.0305368,0.0,0.0,0.0,33.77199937,,329.495685545,16.390372486,649.688776525,195.9486896,,1.833225634,3.838354078,11955.109,
1177,Switzerland,2002,,,,,52.59866624,38.8439951,99.99999384899999,2.233262267,192.84178033999999,,,,9.037577295,1.071797254,7.042105614,1.1866123370000001,50.381804295,100.000000004,168.298645582,16.74750328,0.711074212,1.082243621,9.832949383,,,1.480053411,1231.073607,0.612350059,41.37351086,509.3383725,0.866458739,58.54239664,720.6999939,0.001244614,0.084092502,1.035240595,33.78249841,,310.90639136699997,15.474799725,657.037102073,183.5209515,,1.885043263,3.930218501,11859.34259,
1178,Switzerland,2003,,,,,45.26150314,37.94946964,99.999993895,2.233091534,193.06680161,,,,9.524806364,1.126535524,7.439704668,0.945197723,46.63373121,100.000000002,146.23094486099998,14.47160972,0.713993635,1.081143982,9.572980411,,,1.478036023,1241.966714,0.625094186,42.2922159,525.2552439,0.852941837,57.7077841,716.7114697,0.0,0.0,0.0,35.30875719,,268.700006358,13.385460172,660.405687326,158.3149915,,1.894996704,3.935403412,11827.38505,
1179,Switzerland,2004,0.811949186,15.18257041,0.046591054,2546.649931,40.82414578,37.87900416,100.000000003,2.231433124,193.16784327,,,,8.79962731,1.035490945,6.901568077,0.843278122,46.093272663,99.999999993,136.950692986,13.07208344,0.714515283,1.072037684,9.617922214,99.1815124,80.46704235,1.489848958,1233.985038,0.650452565,43.65896031,538.7450381,0.838998197,56.31431244,694.91019,0.000398196,0.026727248,0.329810247,35.09933775,0.66404791,243.889146967,12.193679049,666.5020213820001,143.4883978,,1.880864553,3.946602336,11767.44092,
1180,Switzerland,2005,0.941225193,17.71389529,0.047242252,2657.090014,39.61925187,37.66147761,99.999993964,2.228343114,196.60905431,,,,6.991213976,0.820586489,5.499444341,0.794257434,44.672161177999996,99.99999999399999,134.898850444,12.71837011,0.715331147,1.067364332,9.833986563,,,1.473749608,1231.727779,0.651437262,44.20270974,544.4570552,0.822312346,55.79729026,687.2707243,,,,35.46783185,,239.283851744,11.915678389,670.184607895,139.8590391,,1.869133152,3.96805502,11737.39627,
1181,Switzerland,2006,0.801717386,15.18372305,0.048223454,2845.618227,37.80704302,38.27126442,99.99999400700001,2.230955538,193.24830452,,,,6.270017454,0.733489692,4.943923877,0.779730014,46.011095236,99.999999999,133.790465342,12.22772019,0.721545647,1.07049847,9.910053554,,,1.437906827,1224.485046,0.667844693,46.44561668,568.7196308,0.770062134,53.55438332,655.7654153,,,,36.13898457,,229.54521039,11.422454617,674.027723973,133.6240733,,1.90827386,3.870138809,11698.36763,
1182,Switzerland,2007,0.79458443,15.1841073,0.047159597,3064.949199,34.71281184,40.89538348,100.000000002,2.256020533,193.35948374,,,,6.445440354,0.754166179,5.085340354,0.738866204,48.0196506,100.0,120.859337947,11.08496961,0.720423217,1.068402087,9.861331783,,,1.395214245,1204.595548,0.649481653,46.55067526,560.7473617,0.745732593,53.44932474,643.848186,,,,34.52079296,,210.295115276,10.375278882,674.299709493,121.3987563,,1.939120315,3.797806505,11700.77043,
1183,Switzerland,2008,0.784552168,15.18449157,0.043691645,3240.866146,30.76000241,40.48146614,100.000000003,2.281650175,180.6195273,,,,6.213125881,0.694206236,4.668085399,0.651670354,48.338220436,99.999999994,106.750860182,9.804802892,0.72727986,1.081561649,9.908413525,99.33943102,63.91791703,1.411115084,1217.060018,0.677400344,48.00461361,584.2449593,0.73371474,51.99538639,632.8150592,,,,36.19249823,0.425029546,185.83122421199997,9.065412869,672.43495577,101.2898543,,1.937788987,3.812508438,11173.22021,
1184,Switzerland,2009,0.903945347,17.71524017,0.043404565,3106.27156,31.10963886,41.22536147,100.000000002,2.226379036,180.6650807,,,,5.980943241,0.675051228,4.50681323,0.613670518,43.91766814300001,99.999999997,101.563354209,9.942411161,0.711534123,1.065768558,9.500607795,,,1.473536357,1265.225618,0.723170386,49.07720009,620.937308,0.75036597,50.92279991,644.2883097,,,,37.75790922,,196.367059702,9.328865149,667.625365318,105.2921191,,1.969518687,3.81038977,11286.7018,
1185,Switzerland,2010,0.894579094,17.71568851,0.042824625,3277.426229,28.68179926,39.71099365,100.000000001,2.195057476,193.81216308999998,4.288795537,,,5.547418443,0.622332605,4.178962337,0.6186482249999999,47.345981914999996,100.0,96.450387915,9.142510567,0.699688648,1.041978903,9.759053002,99.36274668,70.10071758,1.434229778,1246.962006,0.671048395,46.78806743,583.4294241,0.763181382,53.21193257,663.5325818,,,,36.33249111,0.449584138,186.387877302,8.774180107000001,671.499821943,98.43242261,,1.967616888,3.863624487,11218.41829,
1186,Switzerland,2011,0.88468755,17.71568851,0.038420642,3476.175238,23.71205691,43.22982639,99.999994105,2.145390057,180.831625,4.301062759,,,5.351707529,0.595284713,4.044285942,0.5771222779999999,52.216154952,100.0,83.297939544,7.562633917,0.684242628,1.007147323,9.965089867,,,1.410028969,1202.454662,0.661907118,46.94280279,564.4659204,0.748121851,53.05719721,637.9887411,,,,36.3740931,,157.700634567,7.508964919,679.386830573,83.52422099,,1.980350445,3.923253306,11123.26691,
1187,Switzerland,2012,0.875343463,17.71613687,0.041244023,3540.232349,24.95638162,42.08099295,99.999994164,2.142161155,180.8665722,4.406357013,,,5.561023622,0.616292034,4.239163342,0.61568376,52.847986223999996,99.999999996,84.752852807,7.933911381,0.681017214,0.99006679,10.18248063,,,1.383676137,1166.54861,0.648648895,46.87866458,546.8624101,0.735027242,53.12133542,619.6862001,,,,37.63526408,,166.48096156699998,8.013511268,687.8497700710001,88.80852695,,1.985615135,3.969813724,11082.3488,
1188,Switzerland,2013,0.741716327,15.1856445,0.040549275,3540.125617,24.18797923,40.96677231,100.000040982,2.111715335,180.9951659,4.391676532,,,4.258834748,0.481427718,3.325361531,0.55824085,48.736820015,100.000000001,85.104129422,7.687247347,0.671129656,0.971624937,9.898913192,99.49157651,69.1372341,1.399063817,1171.145157,0.689263607,49.26605908,576.9770648,0.70980021,50.73394092,594.1680919,,,,38.45320873,0.353306228,164.020489879,7.911743573,690.7291392720001,89.43602831,,1.984254611,3.875188534,11304.21221,
1189,Switzerland,2014,0.854841867,17.71658525,0.040306264,3576.173066,23.28809844,44.62730258,99.99999408999999,2.066236323,181.0305991,4.362348518,,,3.782186005,0.427719686,2.967522481,0.535658262,47.526276926,100.000000003,85.020595208,7.422875533,0.658594598,0.949256076,9.820773301,,,1.320658503,1113.239655,0.647818655,49.05270015,546.0741099,0.672839847,50.94729985,567.1655451,,,,39.23725782,,162.081430006,7.819676611,693.8007722929999,88.43112466,,1.997846967,3.858838549,11308.79563,
1190,Switzerland,2015,0.724428052,15.18602885,0.043709361,3663.127554,23.34242974,43.35000125,99.999999996,1.956246115,194.30017718,4.434821891,,,3.869457898,0.437065504,3.054671619,0.6039531380000001,50.615184303999996,100.000000001,87.786593982,7.487195021,0.627475431,0.897798192,9.487011708,,,1.352838745,1133.766094,0.670203178,49.54050733,561.673475,0.682635568,50.45949267,572.0926193,,,,38.86554357,,172.267571927,8.339507796,698.904761352,94.19694634,,2.012494235,3.968685021,11295.2645,
1191,Switzerland,2016,0.71656011,15.18602885,0.046642275,3831.807817,23.32157706,42.33207943,100.000000004,1.915939259,181.0149329,4.267577489,,,3.238838412,0.366375172,2.579616397,0.592331044,48.661835937999996,100.0,87.912448399,7.530210943,0.618630228,0.878621941,9.232080243,,,1.263191331,1060.974396,0.616952172,48.8407541,518.1878958,0.646239159,51.1592459,542.7865001,,,,39.73297813,,177.495601057,8.570479057,704.091486656,96.94866929,,2.02323858,3.983140832,11311.93118,
1192,Switzerland,2017,,,,,22.65229449,42.63219229,99.99999365100001,1.863250369,181.070615,4.317066595,,,3.389572301,0.384739106,2.721300924,0.583130972,47.96505849500001,100.00000000300001,85.90282296699999,7.445333069,0.612411025,0.865830266,9.123732638,,,1.154657321,969.3504663,0.506749995,43.88747952,425.4234873,0.647907326,56.11252048,543.9269789,,,,39.90350285,,178.35898672099998,8.599067693,707.31071582,97.60516437,,2.0379922,3.991513953,11350.66822,
1193,Switzerland,2018,,,,,21.79642863,44.2451418,100.000000004,1.857418477,181.0908631,4.539450817,,,3.394025175,0.385123394,2.736563269,0.534607445,45.557436174,100.000000005,83.98198792599999,7.161342441,0.610265354,0.858841698,9.271927497,,,1.13043912,975.4337542,0.50104186,44.32276368,432.3391977,0.62939726,55.67723632,543.0945564,,,,39.67466378,,172.24310446299998,8.33837302,710.56791441,94.61634353,,2.043354904,3.972893268,11347.09892,
1194,Switzerland,2019,,,,,21.84885317,44.22057595,100.000000001,1.838089485,194.49000253,4.436038697,,,2.698607352,0.306379476,2.180686811,0.560599467,47.161841944,100.000000001,82.560852772,7.210808483,0.606627422,0.852291997,9.31749281,,,1.208990927,1038.776219,0.533144671,44.0983186,458.0828464,0.675846256,55.9016814,580.6933723,,,,37.21654884,,176.505088859,8.460490663,711.7600824740001,96.05401447,,2.043183565,4.040440137,11353.24395,
1195,Switzerland,2020,,,,,19.52898635,43.46913342,100.000006921,1.672561436,224.188813,4.416430655,,,3.930306681,0.366180652,2.627872325,0.443214907,38.066177700000004,99.999999993,77.124426545,6.467161918,0.555441913,0.773980074,8.627290492,,,1.315912981,1084.793108,0.583388395,44.33335668,480.9251976,0.732524585,55.66664332,603.8679099,,,,36.30843463,,127.87054664300001,8.355721466,717.643685289,77.84897672,99.77371299,1.854120134,3.408894584,9316.846791,
1196,Switzerland,2021,,,,,18.26520054,41.98268857,100.000000003,1.680245031,226.35282207,3.911706439,,,3.276930997,0.316964344,2.297649987,0.419931611,39.241104586999995,99.999999995,74.289131284,5.953956927,0.556375944,0.767529158,8.857212968,,,1.248907807,1070.622964,0.533470284,42.71494509,457.3160113,0.715437523,57.28505491,613.306953,,,,35.53130654,,124.14885689900001,7.7573038919999995,724.892257531,75.03327778,,1.835604061,3.203990519,9672.597441,
1197,Switzerland,2022,,,,,,,,,227.77271577,3.747718174,,,3.721326228,0.379548838,2.746200899,0.38502681099999997,35.907545329,100.000000003,72.609552838,5.857584299,0.546277473,0.755002958,9.434210715,,,,,0.492155539,,409.6281068,,,,,,,,,137.33254301,7.7583594080000005,723.5434879640001,79.12975415,,1.823442575,3.775008476,10199.28957,
1198,Switzerland,2023,,,,,,,,,228.26119967,3.887545313,,,3.550722854,0.36670989,2.666711263,0.394141796,39.412184525,,13.201679987,5.457994672,0.545771839,0.75051219,,,,,,,,,,,,,,,,,25.18768489,7.272359793,727.1991666749999,75.10713641,,1.82518735,,10327.7531,
1199,Türkiye,1994,,,,,239.8393234,22.32934402,100.00000000099999,0.53739198,50.857425,,,,,,10.19031904,1.955814196,4.382214481,100.00000000200001,1629.949258353,,,,,,,,,,,,,,,,,,,,1125.7892678140001,32.951536576,73.831502511,,10.52378201,0.306276704,,,
1200,Türkiye,1995,,,,,207.8946033,22.85448028,100.000000004,0.593546736,50.903161255,,,,,,10.12385194,1.2594526940000002,3.595788518,99.999999999,1467.4658503340002,,,,,,,0.56334801,21.61788595,0.035164669,6.242086318,1.349407101,0.528183341,93.75791368,20.26847885,0.0,0.0,0.0,2.380952381,,950.904496348,26.973826808,77.011369433,,10.44334034,0.326776816,,,
1201,Türkiye,1996,,,,,203.8590212,21.67430467,100.00000270000001,0.61354923,50.951626102999995,,,,,,9.002586104,1.311375611,3.946808051,100.000000003,1641.1444091899998,,,,,,,0.690707669,26.93283163,0.034064856,4.931877418,1.328294241,0.656642813,95.06812258,25.60453739,0.0,0.0,0.0,3.96039604,,953.952706334,26.886611164,80.919831445,,13.32318234,0.368156675,,,
1202,Türkiye,1997,,,,,180.8975008,19.26138739,100.00000000200001,0.560541299,50.804152646999995,,,,,,8.363601957,1.697818183,5.260974898,99.999999999,1853.6042023710002,,,,,,,0.761280684,31.67545075,0.03648929,4.793145365,1.5182504,0.724791395,95.20685463,30.15720035,0.0,0.0,0.0,5.855855856,,983.87378451,28.109079303,87.100704912,,19.82107587,0.407952991,,,
1203,Türkiye,1998,,,,,114.9411596,17.77886606,99.999996845,0.509574854,50.370437747,,,,,,9.789177774,1.06704311,4.730584412,100.00000000300001,1538.506694202,,,,,,,0.443280348,25.94332385,0.027683367,6.24511481,1.62019036,0.415596982,93.75488519,24.32313349,0.0,0.0,0.0,6.269592476,,696.9905115669999,20.880062451,92.568797851,,19.82107587,0.455338087,8.942832482,,
1204,Türkiye,1999,,,,,129.8740663,18.70095835,99.999999998,0.527005854,51.278146639000006,,,,,,9.041614931,,,99.999999997,1686.457719419,,,,,,,0.38765803,21.97154869,0.033755701,8.707597409,1.913194005,0.35390233,91.29240259,20.05835469,0.0,0.0,0.0,11.21495327,,707.46870033,23.693355566,96.143402253,,20.30638102,0.453144027,9.322412591,,
1205,Türkiye,2000,,,,,126.6345392,17.26259996,99.999997124,0.541776311,55.361277501000004,,,,,,8.594127541,1.373668925,5.876917089,100.00000000099999,1638.92033612,,,,,,,0.360270864,22.45751174,0.024399466,6.772533873,1.52094259,0.335871398,93.22746613,20.93656915,0.0,0.0,0.0,10.14040562,,698.2462349859999,24.145263669000002,103.29979092399999,,20.20528197,0.40104838,10.16010606,,
1206,Türkiye,2001,,,,,165.1111251,18.2348782,100.000002999,0.511920239,56.510271171,,,,,,6.740224347,0.614825673,1.9062417889999999,100.000000004,2009.138566463,,,,,,,0.649631835,34.28703983,0.026012451,4.004183475,1.372915983,0.623619384,95.99581652,32.91412385,0.0,0.0,0.0,6.884057971,,861.3973386189999,33.701941622999996,104.49148818,,20.20528197,0.397889497,11.03419736,,
1207,Türkiye,2002,,,,,145.9993474,18.2121687,100.000000004,0.531548851,56.661252811000004,,,,,,6.202580586,0.7355907709999999,2.6781115410000003,99.99999999799999,1714.690470148,,,,,,,0.415836477,23.27760536,0.028660932,6.892356407,1.604375524,0.387175545,93.10764359,21.67322983,0.0,0.0,0.0,6.28342246,,701.5289822999999,28.833131157,104.97459238,,20.20528197,0.40101916,11.90034388,,
1208,Türkiye,2003,,,,,111.6574262,17.292098,100.00000000200001,0.525322733,56.795083348,,,,,,5.901237835,0.599070733,2.818491608,99.999999997,1138.568653555,,,,,,,0.403381354,24.82822264,0.044668701,11.07356622,2.749369675,0.358712652,88.92643378,22.07885297,0.0,0.0,0.0,8.974924442,,536.8726085339999,22.768292479,107.11964005499999,,20.14487754,0.409182685,11.73660611,,
1209,Türkiye,2004,0.177030121,1.55919078,0.021814361,131.579673,87.42062455,17.23470984,100.000002795,0.527302876,46.504424208,,,,,,6.530936198,1.155947568,6.972434567,99.99999999500001,873.246196997,,,,,82.18949386,49.04499012,0.481601743,31.85771677,0.092107476,19.1252372,6.092863898,0.389494267,80.8747628,25.76485287,0.0,0.0,0.0,5.258373437,10.62807491,435.924053886,20.590691648,124.198756134,,22.07657813,0.475924574,11.4211541,,
1210,Türkiye,2005,0.174660502,1.55919078,0.019641926,144.7498327,72.96158632,17.11182174,100.000002709,0.537685398,46.507412658,,,,,,6.55704634,1.80547586,13.305331373000001,99.999999998,720.43125803,,,,,,,0.512644478,37.94898452,0.064283335,12.53955469,4.75863367,0.448361143,87.46044531,33.19035085,0.0,0.0,0.0,4.657570759,,366.994948699,18.303619615,134.88727811299998,,22.07657813,0.477324919,11.29418337,,
1211,Türkiye,2006,0.201145573,1.81905591,0.021057956,168.5439703,74.76799441,17.33717431,100.000000003,0.598428984,46.515988198,,,,,,6.656481708,1.9139052810000001,15.318542823,99.999999996,694.1634398890001,,,,,,,0.628221831,46.95435305,0.106527858,16.95704484,7.962070703,0.521693974,83.04295516,38.99228235,0.0,0.0,0.0,6.403005797,,343.74359542999997,18.456160543,147.719685207,,22.07657813,0.546229073,11.30230955,,
1212,Türkiye,2007,0.213802789,1.948988475,0.019812082,192.3995617,69.64485007,17.82595352,100.000000002,0.67335423,46.698413528,,,,,,7.136737089,1.1683404080000002,11.346015127,99.999999997,601.6723734980001,,,,,,,0.562227262,45.43926714,0.111523029,19.83593399,9.013303038,0.450704234,80.16406601,36.42596411,0.0,0.0,0.0,11.0494377,,312.78040216,16.18466624,157.172915369,,22.07657813,0.544042337,11.05708807,,
1213,Türkiye,2008,0.225188207,2.07892104,0.020016336,217.0472174,57.98201191,17.02738947,99.999999996,0.62635651,46.861089093,,,,,,5.96185779,1.006412971,10.913042758,99.999999996,595.258852755,,,,,75.30934033,42.2090505,0.786657294,62.5876946,0.149417631,18.99399294,11.88790229,0.637239663,81.00600706,50.69979231,0.0,0.0,0.0,8.439650339,13.83851321,272.274308796,15.235158947,165.20250232700002,,22.16346707,0.546087885,11.13128083,,
1214,Türkiye,2009,0.277626602,2.5986513,0.027659107,249.2915177,68.16473784,16.93999481,99.999999999,0.61278299,48.30113171,4.637206252,,,,,6.002287143,1.058518866,9.540429972,100.0,715.597833431,,,,13.99670699,,,0.914681674,72.03474928,0.17234414,18.84198023,13.57277322,0.742337534,81.15801977,58.46197607,0.0,0.0,0.0,10.62368615,,332.77513005099996,18.946394982999998,170.763847678,,29.845814976,0.561407379,10.1594371,,
1215,Türkiye,2010,0.273440144,2.5986513,0.026354508,279.9560855,55.84026019,16.19886433,100.00000000200001,0.5927435,48.965996649,4.468557871,,,,,5.530326905,1.129848113,12.002039864,99.99999999900001,622.885032592,20.80436551,0.220998576,,14.61744559,78.85263651,67.44064463,1.169972566,104.0317166,0.291554129,24.91974062,25.92443395,0.878418437,75.08025938,78.1072827,0.0,0.0,0.0,6.55066787,18.08679949,296.883376246,16.803061809,178.49391902300002,,38.346883466,0.566351634,9.260612752,,
1216,Türkiye,2011,0.350292762,3.37824669,0.030312446,342.5544445,52.45718514,15.32091767,100.000000004,0.59320535,49.363720232,4.334478765,,,,,5.166818238,1.320886303,14.927052409,99.99999999799999,620.480917292,20.17269879,0.227967336,,14.9680815,,,1.147378553,103.7434283,0.282374121,24.61037119,25.53164279,0.865004432,75.38962881,78.21178551,0.0,0.0,0.0,11.47316441,,295.549413356,16.699465490999998,188.717072817,,38.13524165,0.572275816,8.732068614,,
1217,Türkiye,2012,0.332553708,3.248314125,0.033347279,390.6061852,57.98215452,17.10850468,99.999900108,0.678244766,51.374036872,4.406591383,,,,,4.988305616,1.130939008,13.247010905,100.000000003,604.606347803,19.64130759,0.230064233,,15.0564954,,,0.966776579,94.71570826,0.264023129,27.30963229,25.86651165,0.70275345,72.69036771,68.84919661,0.0,0.0,0.0,12.72194693,,299.990443126,16.918511642000002,198.171348386,,38.66417756,0.551396248,9.560804038,,
1218,Türkiye,2013,0.315177267,3.11838156,0.034700365,436.4677091,59.72475031,20.05911509,99.999910844,0.74702542,51.778257087,4.510893546,,,,2.255549401,4.839284283,1.121412598,14.105338336,99.999999999,549.4451058989999,19.39673425,0.243975767,1.13715038,16.22353106,74.01373224,89.34285461,1.203041073,124.4799755,0.33831428,28.12159019,35.00574858,0.864726793,71.87840981,89.4742269,0.0,0.0,0.0,9.191608123,31.36833223,286.130367096,17.057316779,214.55013489099997,,39.205597861,0.577185731,9.374414316,,
1219,Türkiye,2014,0.259128165,2.5986513,0.040004492,486.6634507,64.89527389,19.83660524,99.99999999799999,0.780063883,32.077881583,4.314705151,,,,2.053485967,4.565838274,1.0397124450000002,12.648330792,100.000000001,564.2739384639999,20.60469154,0.250660608,1.127346198,15.94490038,,,1.158213731,120.1920371,0.217642402,18.79121241,22.585541,0.940571329,81.20878759,97.60649615,0.0,0.0,0.0,7.742324811,,302.27938354800006,18.277164173,222.345725585,,45.038167939999994,0.962017619,9.316760364,,
1220,Türkiye,2015,0.306832865,3.11838156,0.049114009,542.7095559,83.89094856,22.73168761,99.999093898,0.910377871,32.357106666,4.16879878,,,29.99928289,4.125216368,9.626881136,1.384738951,15.301358645999999,100.0,714.4559701410001,25.81238403,0.285226717,1.222225461,16.07495192,,,1.322518467,146.1382513,0.157955196,11.94351532,17.45404443,1.164563272,88.05648468,128.6842069,0.0,0.0,0.0,2.572843917,,346.12035703699996,21.119167347,233.36669582999997,290.4107246,45.47428684,0.955215384,9.245894392,13751.04993,
1221,Türkiye,2016,0.327959995,3.37824669,0.051987879,570.3094134,91.01207931,23.35759914,100.0,0.976947001,32.836687756,4.358946188,,,25.97929486,3.787517567,9.208107544,1.3083987540000002,14.353194397,99.999999997,734.1272819200001,27.82623473,0.305255072,1.255588015,15.76780572,,,1.173349407,132.345248,0.240175122,20.46919026,27.09000062,0.933174284,79.53080974,105.2552474,0.0,0.0,0.0,3.042005013,,355.051678001,22.161914881999998,243.117223446,323.0982303,49.74829731,1.047858527,8.959602794,14578.98525,
1222,Türkiye,2017,,,,,96.44290862,21.87986969,99.996919484,1.009179347,33.486350581,4.37995437,,,24.41429684,3.654906189,9.24760366,1.35513224,14.493884889999999,99.999999996,768.338858395,30.36092903,0.32472684,1.283409392,16.65186103,,,1.066844149,115.1316082,0.258903978,24.26820993,27.94038039,0.807940171,75.73179007,87.19122786,0.0,0.0,0.0,3.598155602,,376.276190002,23.656464746,253.018906136,354.1456056,52.40521211,1.073474632,9.127809463,14970.35205,
1223,Türkiye,2018,,,,,107.0940331,22.24974582,99.99951541899999,1.006773478,33.505450668,4.371443775,,,21.74791318,3.1912434,8.199520033,1.090325174,10.433142993,100.000000005,828.2929894409999,34.60970752,0.331174622,1.288927671,16.47625097,,,1.62179804,155.9250833,0.302875784,18.67530829,29.11949,1.318922256,81.32469171,126.8055933,0.0,0.0,0.0,2.641657642,,434.439888383,26.851551327000003,256.938096086,394.0140612,57.85748909,1.148036986,9.406431663,14673.79134,
1224,Türkiye,2019,,,,,109.905061,22.7935219,99.99858478,1.000467132,33.926562110000006,4.472486458,,,18.14925967,2.583735111,6.627557658,0.8400683369999999,7.741600088,100.000000002,893.74532854,35.33480929,0.325625846,1.269443397,15.59511506,,,1.216645732,118.6127605,0.290544489,23.88077987,28.32565223,0.926101243,76.11922013,90.28710825,0.0,0.0,0.0,4.9286391,,465.135828425,27.834883669,256.510724718,396.2584015,60.262092890000005,1.220431458,9.460204652,14236.03584,
1225,Türkiye,2020,,,,,109.4791613,21.53427327,99.999066663,0.937258143,34.653794680000004,4.511564311,,,16.18681703,2.200234746,5.835604334,1.361564045,11.762196605,99.999999998,959.8882618929999,37.66284888,0.325359526,1.226723565,15.17452171,,,1.224090147,124.4781735,0.357017079,29.16591394,36.30519694,0.867073069,70.83408606,88.17297652,0.0,0.0,0.0,6.391699766,,412.445986809,30.701985329,265.226442093,417.3246339,60.984775490000004,1.374410911,8.891073726,13592.75726,
1226,Türkiye,2021,,,,,109.225655,22.32090073,99.99989156699999,1.055253927,34.80776477,4.644771304,,,16.26864811,2.316634912,6.372157934,1.318353224,12.844996438,99.99999999900001,940.59642792,35.24969484,0.34344529,1.248615236,16.07332806,,,0.927842253,91.64476017,0.315182545,33.96941059,31.13118487,0.612659709,66.03058941,60.5135753,0.0,0.0,0.0,7.899568629,,423.142783921,28.231030524999998,275.060947322,402.0063035,50.98615589,1.372476636,9.830576166,14239.8735,
1227,Türkiye,2022,,,,,,,,,35.04580123,4.858786483,,,15.20424986,2.151530627,6.15321882,1.318563212,14.075008526,99.999999999,858.50752137,30.18348973,0.322193787,1.126580772,18.28468239,,,,,,,,,,,0.0,0.0,0.0,,,405.98667756,26.792122211,285.992620377,379.131309,52.54905643,1.402312871,11.18475784,14150.85024,
1228,Türkiye,2023,,,,,,,,,33.93266894,4.966778985,,,,2.474591691,7.674096993,1.983320618,25.728910303,99.99999999900001,654.62783882,26.78643053,0.3474908,1.120519909,19.70347819,,,,,,,,,,,,,,,,362.35400357,23.905358843000002,310.11568572,,,1.426733447,10.67206963,,
1229,United Kingdom,1994,,,,,102.9239383,22.43370273,99.99999999600001,2.028469814,176.379117918,,,,9.008518694,,6.579021838,,,100.00000000300001,295.812515421,31.30363542,0.61694531,,,,,,,,,,,,,,,,,,608.058190053,19.865970984,391.526973307,370.5578803,28.97528596,35.810472839000006,,,
1230,United Kingdom,1995,,,,,86.41138764,22.64155646,100.000000004,2.005057772,176.778820299,,39.09142882,25.31920196,8.76396648,,6.489250165,,,99.999999998,259.994424267,26.34040221,0.610310359,,12.86494234,,,0.743210326,,0.234901889,31.6063813,,0.508308436,68.3936187,,,,,,,519.568177362,16.999079806,393.87076968499997,319.5696081,30.37237485,35.830642688,4.103356056,,35.58936922
1231,United Kingdom,1996,,,,,85.00633508,22.64003714,100.00000000200001,2.077718034,177.02021248399998,,38.45410244,25.09666826,8.476881233,,6.429768107,,,99.999999995,254.858201277,25.90201004,0.63221625,,13.27634797,,,0.679455776,,0.244507375,35.98576743,,0.434948401,64.01423257,,,,,,,496.37978152,16.738289095,408.548153204,310.7613681,30.44526793,35.866742529,4.188576675,,36.4492293
1232,United Kingdom,1997,,,,,78.08933258,23.82385911,100.000000817,2.091215052,177.40668785699998,5.26094437,38.7297323,24.8502211,8.310390764,,6.418373635,,,100.000000003,235.905881295,23.85162721,0.638375163,,13.81707211,,,0.613170688,245.2402267,0.244177448,39.82210058,97.65980975,0.36899324,60.17789942,147.580417,,,,,,460.41903613600005,15.639216035,418.57467384399996,288.5662802,30.40433171,35.906785150000005,4.289385598,,36.4200466
1233,United Kingdom,1998,,,,,73.22781837,23.55391515,100.000000003,2.072110022,177.784483085,5.428111385,38.82487703,25.25885497,7.801742919,,6.122713367,,,100.000000004,226.070934887,22.36143564,0.632233383,,13.88373931,,,0.588782585,246.6573856,0.264796931,44.97363497,110.9307922,0.323985654,55.02636503,135.7265934,,,,,,438.272051178,15.083792638999999,426.469811535,277.5712954,30.39896434,36.032629749,4.430584436,,35.916268
1234,United Kingdom,1999,,,,,73.82996607,24.36354833,100.000000002,2.125488626,178.166411758,5.453149002,39.32535249,24.96940676,7.639871383,,6.073364402,,,99.999999998,219.476000772,21.74263763,0.625407238,,14.00513261,,,0.604745947,261.0084769,0.304337991,50.32493264,131.3523402,0.300407957,49.67506736,129.6561367,,,,54.84800461,,435.530285641,15.244546574,438.495546521,276.3710935,30.41686293,0.860757293,4.515667309,,35.70524076
1235,United Kingdom,2000,,,,,73.79595209,23.61822725,99.999999995,2.087661855,178.598768283,5.480561064,39.40365308,25.85883634,7.664311711,,6.078871077,,,100.000000003,223.468184374,21.9099054,0.619603368,,14.1301143,,,0.577968516,235.3032805,0.269906391,46.69915121,109.8846348,0.308062125,53.30084879,125.4186457,,,,54.88891845,,439.30454452,15.75543759,445.557477842,280.4636013,30.37982126,36.103026912000004,4.53380455,,34.73751058
1236,United Kingdom,2001,,,,,73.93341086,22.77192212,100.0,2.0618997,178.92241554400002,5.525684283,37.58234361,25.0324566,7.584317032,,6.08596059,,,99.999999999,224.69488461699999,22.23163102,0.620448746,,14.28008383,,,0.640587714,260.6220462,0.318810611,49.76845546,129.707567,0.321777103,50.23154454,130.9144792,,,,53.87116948,,451.823134159,16.389745111,457.41119038,287.5266282,30.41916873,36.152889886000004,4.542937416,,37.38519979
1237,United Kingdom,2002,,,,,68.97259647,23.63302656,100.000000003,2.074599701,179.282850395,5.570963355,38.18961356,24.75936284,7.359227291,,6.031617161,,,100.0,208.623372913,21.06288483,0.633502165,,14.05160915,,,0.685893277,286.6153585,0.356207913,51.93343123,148.8491901,0.329685364,48.06656877,137.7661684,,,,54.34681543,,429.914395932,15.557760123000001,467.926155693,272.5030084,30.35840188,36.209772056,4.366244869,,37.0510236
1238,United Kingdom,2003,,,,,60.5692027,23.35137402,99.999999994,2.088483108,179.549869806,5.496403642,38.45620248,24.11076934,7.457696228,,6.13268834,,,100.000000001,184.003687543,18.31622235,0.630887734,,13.94315632,,,0.697747975,311.3467001,0.412052762,59.0546697,183.8647654,0.285695213,40.9453303,127.4819347,,,,57.82991202,,371.697295171,13.800347894,475.342024353,238.7426601,30.48377581,36.24492436,4.370231231,,37.43302818
1239,United Kingdom,2004,0.616791001,15.29367999,0.037030187,1494.848153,51.99084209,23.6179989,100.000000002,2.100027864,177.446368797,5.343765607,38.81849119,25.00373728,6.753559254,,5.614465116,,,100.000000003,162.85093134800002,15.6913487,0.63343412,,13.81281839,,,0.533630921,246.9145897,0.279668571,52.40861434,129.404515,0.253962349,47.59138566,117.5100746,,,,59.88774779,,315.322949692,12.068398586,487.18154102299997,205.937053,31.59557662,36.28323943,4.357359471,,36.17777152
1240,United Kingdom,2005,0.645682472,16.12036539,0.038945684,1639.805768,49.98485299,23.92597206,99.99999921599999,2.105953182,177.341793125,5.425731937,40.73195723,25.46067527,6.681353895,,5.523068529,,,100.00000001,159.003508031,15.00777654,0.631901554,,14.03517318,,,0.55678324,260.0849395,0.281465796,50.55213148,131.4784806,0.275317444,49.44786852,128.6064589,,,,57.52729679,,299.086201544,11.702628898999999,492.73850594000004,196.3282915,33.20683112,36.311475613,4.19975776,,33.8073675
1241,United Kingdom,2006,0.673823217,16.9470508,0.03855397,1716.173072,47.54797202,24.17977013,99.999999997,2.1176779,180.012813585,5.385928639,39.63435779,26.71510714,6.498522167,,5.420168219,,,99.999999996,150.003298731,14.136806,0.62927905,,13.83899574,,,0.661395969,300.5375099,0.367721485,55.59778143,167.0921879,0.293674484,44.40221857,133.4453221,,,,58.08203239,,283.145527108,11.032648972999999,491.10208228,187.3726443,33.23836657,35.910986155,4.081823509,,33.65053508
1242,United Kingdom,2007,0.635982283,16.12036539,0.035571549,1792.824189,41.88612898,24.83140697,99.99999923200001,2.11266219,180.257512496,5.324426669,40.30980807,27.30466979,5.962962963,,4.98838411,,,99.99999999600001,134.463158635,12.508387,0.630429072,,14.09598349,,,0.617337247,273.8545834,0.342587322,55.49435478,151.9738341,0.274749925,44.50564522,121.8807493,,0.0,,57.77178236,,249.555328728,9.741955605000001,490.99952171,165.9827105,33.19843177,35.933882649,4.031771928,,32.38552214
1243,United Kingdom,2008,0.663355337,16.9470508,0.038247782,1812.909785,41.86675088,24.18080742,100.000000816,1.985860532,180.091762096,5.42312528,43.47321232,26.73403395,5.283659608,,4.279450894,,,100.00000000400001,133.915309276,12.64418747,0.599322887,,14.07378523,,,0.678489332,305.0641739,0.37678012,55.53220994,169.4088775,0.301709212,44.46779006,135.6552964,,,,55.0442177,,262.88175513600004,10.346038071,490.39271362,170.8768697,34.665486279,35.960341238,4.097091378,,29.79275373
1244,United Kingdom,2009,0.690471668,17.7737362,0.042840767,1659.779206,48.94113592,25.73016214,99.999999999,1.89989561,180.06654813400002,5.144189955,42.31460639,26.50221972,4.713594191,,3.752633226,,,99.99999999699999,143.943385844,14.80651299,0.573648509,,13.52985591,,,0.740605738,332.3856675,0.362838986,48.9921922,162.8430251,0.377766751,51.0078078,169.5426425,,,,47.88516539,,317.736380227,13.965135799,541.05104563,205.4900757,34.810206935,36.045927294,3.917803284,,31.18317389
1245,United Kingdom,2010,0.653216098,16.9470508,0.041177658,1630.593169,46.9009302,24.49294149,100.000000852,1.861647715,179.962799185,4.981695008,44.74203137,26.96677164,3.904488625,,3.035065038,,,99.999999992,149.573117427,14.21932875,0.56307089,,13.94197035,,,0.686645016,323.3633692,0.340765955,49.62767481,160.4777213,0.34587906,50.37232519,162.8856479,,,,54.65149868,,305.346323593,13.621909471,539.4136971600001,196.2998012,34.500125911999994,36.103694871,4.046437447,,28.29119699
1246,United Kingdom,2011,0.648131067,16.9470508,0.040918057,1723.044284,43.2797082,26.33109682,100.00000086499999,1.824269916,173.4671186,4.898806788,44.8232825,28.63457932,4.008999795,,3.09838266,,,99.999999999,138.427199748,13.09614414,0.551473795,,14.16891337,,,0.683642329,316.4344657,0.393173964,57.51164706,181.9866731,0.290468366,42.48835294,134.4477926,,,,54.14772731,,286.244690241,12.744889840999999,536.68260594,183.5344462,,36.111316301,4.114805201,,26.54213818
1247,United Kingdom,2012,0.580845763,15.29367999,0.039432765,1675.787609,42.45994773,24.95890448,99.99999913299999,1.803935764,180.441036666,4.870471556,43.61117131,29.62130242,3.699445699,,2.828875852,,,99.99999999999999,138.42564222000001,12.84622533,0.545930402,,14.07767777,,,0.677923926,305.1550006,0.414887423,61.19970211,186.7539513,0.263036503,38.80029789,118.4010493,,,,54.9712028,,285.298038745,12.64454195,537.35939507,179.934933,33.856128436999995,36.129997667,4.030791128,,26.76752628
1248,United Kingdom,2013,0.639343586,16.9470508,0.039292335,1706.319536,40.97657737,25.54502571,100.000000005,1.780395068,180.69028226600003,4.998044388,40.63424893,30.24668077,3.621378233,,2.76009304,,,100.000000005,60.871473292000005,12.38823613,0.53797488,,14.19416362,,,0.689152283,308.1525699,0.401696063,58.28843242,179.6173024,0.28745622,41.71156758,128.5352674,,,,49.35899078,,276.605653863,12.468825703,541.47458486,175.5081596,33.874652667,36.16376331,4.07672262,,29.1190703
1249,United Kingdom,2014,0.619173021,16.5337081,0.037605995,1784.012869,37.72733972,28.35929978,99.999999136,1.790071307,180.766750665,4.801235672,38.28587991,30.01745201,3.696828185,,2.869866951,,,99.999999999,53.890875732,11.42078711,0.541797429,,14.12108013,,,0.785926173,348.2978655,0.446242444,56.77918101,197.7606755,0.339683729,43.22081899,150.53719,,,,44.98873412,,257.794230949,11.58080441,549.388583715,163.6407995,33.88470559,36.194307181999996,4.016370887,,31.69666809
1250,United Kingdom,2015,0.583571967,15.70702269,0.041033068,1845.028272,40.48583038,30.2391031,100.00000000099999,1.82473987,180.83784563,4.98241969,36.29388912,30.83600068,3.539270959,,2.770431127,1.085444716,48.806396448,100.000000002,60.346992727,12.20591658,0.548832009,,13.91510416,,,0.899086593,404.2688123,0.555571209,61.79284775,249.8092117,0.343515383,38.20715225,154.4596006,,0.0,,45.98227795,,272.40455189,12.407483583,557.8953532749999,174.0862662,34.16661536,36.207330389,4.042936637,,32.8701102
1251,United Kingdom,2016,0.579165941,15.70702269,0.049630041,2034.100163,45.05257157,32.61974996,100.00000082599999,1.853736595,181.276815643,5.085760186,35.06654305,30.63268707,3.417459174,,2.834864869,1.212562938,49.697208235000005,100.00000000000001,67.059602055,13.61032319,0.557822646,,13.81574734,,,0.907549839,412.0654018,0.555532336,61.21232269,252.2348035,0.352017503,38.78767731,159.8305983,,,,43.91221429,,301.147156036,13.803554766000001,565.742291866,202.3957198,34.405955819000006,36.25369989,4.026135025,,34.30076988
1252,United Kingdom,2017,,,,,45.49526168,33.87530505,100.000000822,1.848139884,181.462406504,4.911807364,37.32680458,30.60948901,3.341170202,,2.809615588,1.141826167,46.327836215,100.00000000099999,66.876863562,13.69282227,0.555565151,,13.7833359,,,0.935894908,430.5585773,0.55376786,59.16987633,254.7609777,0.382127048,40.83012367,175.7975996,,,,40.26953341,,307.809472283,14.025295929999999,569.054757702,207.2556025,36.666666666999994,37.669745351,3.949559556,,32.06370641
1253,United Kingdom,2018,,,,,41.88618987,34.18223382,99.99999917599999,1.814057493,181.46736658,4.952532133,37.86138107,31.75728626,3.418851088,,2.767063619,1.006199307,43.47452671,100.000000002,64.270394364,12.57169303,0.543181058,,14.17078768,,,0.913293522,419.5617366,0.556742914,60.95991052,255.7644592,0.356550608,39.04008948,163.7972774,,,,41.69119295,,287.552875809,13.249560460000001,572.469456383,187.3217086,38.234391309,37.713697703,3.92133684,,30.38133267
1254,United Kingdom,2019,,,,,41.50767024,35.08164908,99.999999161,1.774331719,181.938163936,4.800347619,36.68253623,31.75519391,3.318040007,,2.705115737,0.999610871,42.64594013200001,99.999999998,65.439235647,12.52013231,0.534140663,,14.20924409,,,0.900930293,415.4715574,0.522249981,57.96785672,240.8399571,0.378680311,42.03214328,174.6316003,,,,39.7194725,,295.045465697,13.523669667,576.95411653,191.0986022,38.027912617,37.707436932,4.057357088,,31.56226987
1255,United Kingdom,2020,,,,,34.95172922,31.4526786,99.999998937,1.409198391,182.283718402,4.834852155,41.63877153,16.91013975,3.542883851,,2.2599465,0.770329175,30.980318582000002,99.99999999799999,60.507631483,10.71241199,0.430820936,,10.27414127,,,,,,,,,,,,,,,,201.57936675,14.265347999000001,573.709317851,158.6104183,37.913917308,37.695768946,3.187246166,,41.45108872
1256,United Kingdom,2021,,,,,33.41032142,32.51873131,99.999999997,1.556449811,182.32091925400002,4.689537063,47.51487239,16.98741673,3.35839599,,2.399058566,0.691562918,32.413384886,,6.642384433,10.15022758,0.475738685,,11.05838644,,,,,,,,,,,,,,,,195.79046239,12.388221137,580.632895503,152.4109814,38.038524638,38.377936658,3.200203913,,35.49771089
1257,United Kingdom,2022,,,,,,,,,180.490224401,4.910459461,42.1673604,27.75884257,3.388334612,,2.605065569,0.671651134,30.603206913,,5.160839279999999,11.07535988,0.504639259,,13.08764771,,,,,,,,,,,,,,,,230.80165019,12.728817216,579.977622363,168.7365556,38.241022522,38.208124122,3.604856311,,30.07379703
1258,United Kingdom,2023,,,,,,,,,180.93911462900002,4.884190844,37.90673605,32.76667569,,,2.479882955,0.725745145,35.464696413,,4.794564851,10.37115814,0.506803219,,12.74408107,,,,,,,,,,,,,,,,17.95581603,11.911706555999999,582.084579355,,38.629586808,38.380966168,,,29.32658825
1259,United States,1994,,,,,206.7856479,29.99355742,99.64241601799999,5.726898208,70.564867626,,49.70216478,9.314533335,10.73120076,,15.47395544,,,100.0,1547.2797493159999,,,,11.36241449,,,,,,,,,,,,,,,,641.8748496320001,,,520.659685,,21.661890981,,,40.98311224
1260,United States,1995,,,,,201.2835685,30.30753573,99.75489926899999,5.775001844,70.64504048900001,,50.38137265,9.735953287,10.72462861,,15.70426396,,,100.0,1457.879562764,,,,11.31622689,,,0.607079735,332.017713,0.078462892,12.92464356,42.91210597,0.508485292,83.75922673,278.095469,0.020131551,3.316129707,11.01013801,38.50005291,,513.372701387,,,510.3775006,,21.785205075,,,39.88267406
1261,United States,1996,,,,,195.3635503,30.15390185,99.760427465,5.854598751,70.729067488,,50.53379948,9.940066972,10.52219767,,15.6146759,,,100.0,1433.8516597110001,,,,11.56391311,,,0.599284837,331.9016046,0.075571706,12.61031501,41.85383786,0.502804244,83.90071176,278.4678086,0.020908888,3.488973232,11.57995814,38.64144307,,496.400406774,,,495.1912036,,21.928968884,,,39.52596595
1262,United States,1997,,,,,186.7816051,29.13581854,99.786420556,5.875988473,71.106763215,,49.79532717,10.48234589,10.22855948,,15.40873698,,,100.0,1429.509223106,,,,11.7224586,,,0.594031141,338.5453418,0.073054993,12.29817561,41.63490063,0.501471749,84.41842761,285.7946542,0.019504399,3.283396787,11.11578687,38.36719403,,478.180179161,,,478.8570212,,22.028305913,3.575245493,,39.72217052
1263,United States,1998,,,,,180.9988846,29.58061675,99.829500835,5.946478884,70.40630158500001,,46.8789545,10.98051401,9.812052883,,15.04455255,,,100.0,1407.130267571,,,,11.54403212,,,0.609191314,365.7560671,0.079400191,13.03370371,47.67156206,0.508870476,83.53212922,305.5238306,0.020920648,3.434167072,12.56067442,37.9219876,,466.55549226,,,466.6974959,,22.385695977,3.656554206,,42.14053149
1264,United States,1999,,,,,175.0749438,30.30611393,99.828704617,6.042780003,70.57869016000001,,46.65989227,10.70271967,9.635472545,,14.95018635,,,100.0,1350.807665009,,,,11.77707772,,,0.610226595,375.5072852,0.068828311,11.2791398,42.35399167,0.520082083,85.22769858,320.0362172,0.021316201,3.493161613,13.11707634,37.45590213,,446.627691267,,,449.5323103,,22.440750536,3.521030708,,42.63752575
1265,United States,2000,,,,,167.5794985,29.98084797,99.863652604,6.088155817,70.886222535,,48.51345831,10.9577918,9.488215453,,14.86555202,,,100.00000001000001,1282.9758072660002,,,,11.96209551,,,0.62632099,376.289448,0.059085868,9.43379981,35.49839323,0.527355898,84.19898217,316.8318852,0.039879223,6.367218023,23.95916955,36.17262792,,427.32838691899997,,,431.2523364,,22.490795603000002,3.508627448,,40.52862381
1266,United States,2001,,,,,162.544753,30.16494659,99.795372152,6.035875596,71.07368324400001,,47.52605282,10.01619961,9.378768811,,14.80722698,,,100.000000005,1267.271529041,,,,11.66426549,,,0.639990544,391.3894257,0.051354956,8.024330458,31.4063809,0.554038871,86.56985269,338.8252493,0.034596717,5.405816857,21.15779555,35.07773298,,414.05948086899997,,,425.1680388,,23.049326677,3.444769305,,42.45774757
1267,United States,2002,,,,,159.3580224,31.40688621,99.807697771,6.055247834,71.433062068,,45.98806937,9.433450128,9.358077857,,14.95175007,,,100.00000000099999,1275.337606798,,,,11.27431,,,0.637612759,409.1850256,0.051846747,8.131384848,33.27240918,0.552085312,86.58630252,354.2981842,0.033680699,5.282312632,21.6144323,35.96804693,,409.518253392,,,420.4821656,,23.388866098,3.272424716,,44.5784805
1268,United States,2003,,,,,154.2149651,31.48909848,99.84277048400001,6.089991372,71.549391392,,47.77845361,9.680007332,9.219669086,,14.78208457,,,99.999999996,1221.173390126,,,,11.15133902,,,0.592451396,386.4566368,0.051158064,8.634980711,33.37045605,0.518101157,87.45040693,337.9579015,0.023192176,3.91461236,15.12827927,37.40307157,,393.556467386,,,406.003605,,24.483915376000002,3.286495963,,42.54153905
1269,United States,2004,0.348354353,1.113303762,0.007724371,322.2966171,146.405717,31.44242867,99.797046616,6.108724611,71.650123553,,49.73664073,9.742838731,8.918982508,,14.62951671,,,99.999999996,1176.626211317,41.41703219,1.728110808,,11.14098929,28.25861674,37.62668247,,,0.051094875,,32.45912482,0.510485385,,324.2968866,,,,36.80782457,95.52450046,374.875108949,,,393.1172095,,25.43553599,3.342540875,,40.52052054
1270,United States,2005,0.345158277,1.113303762,0.007565319,333.8075977,138.6375157,31.69688264,99.846857503,6.117159541,71.86601716700001,,52.93582534,9.446982417,9.04392362,,14.72336923,,,99.999999996,1103.526067428,38.33594968,1.691512428,,11.16265526,,,,,0.049007098,,29.26457914,0.522194733,,311.8284871,,,,35.74731735,,353.426201778,,,368.9617543,,26.047022937,3.306744004,,37.61719224
1271,United States,2006,0.328440341,1.069644791,0.007307106,338.3335136,130.7232165,32.23652699,99.79410248699999,6.052746483,72.224075305,,55.82910143,9.60299859,8.803776463,,14.313296,,,100.0,1052.751961094,36.33795259,1.682519432,,10.93885032,,,,,0.06117875,,34.59994787,0.537009549,,303.7084343,,,,35.27046514,,329.924547509,,,351.1324857,,26.388367649,3.397337668,,34.56789998
1272,United States,2007,0.341930044,1.124218504,0.007249323,348.3316355,124.7988096,31.76493572,99.789598705,5.996610726,72.485505223,,56.9677816,9.538386415,8.461494448,,13.69678806,,,100.00000000499999,998.845290921,33.97625075,1.632566575,,10.82594585,,,,,0.063264079,,35.09412804,0.541984001,,300.6517489,,,,36.84098337,,406.06061986400005,,,336.8807649,,26.65412559,3.251368422,,33.49373472
1273,United States,2008,0.322268808,1.071340334,0.007216251,350.4937615,115.6595032,30.98939074,99.839790143,5.617587387,72.783757605,,61.55641059,10.13234269,7.927696392,,12.30639348,,,99.999999997,896.951426851,32.26841253,1.567278714,,10.4134685,31.94395266,31.51024639,0.612742861,301.9884036,0.069203592,11.2940674,34.10677386,0.540790429,88.25732013,266.5268721,0.002748841,0.448612464,1.354757619,36.02202776,67.13204351,385.047966329,,,319.6061683,,27.103920998,3.256712499,,28.31134505
1274,United States,2009,0.316196227,1.06040829,0.006926729,326.9066081,112.0693471,31.68650112,99.85136408399998,5.289106487,72.920594006,,58.58241402,11.21246739,7.066515088,,11.04502758,,,100.00000000200001,899.175900313,33.38498157,1.575602539,,9.16192403,,,0.638937967,331.5154516,0.068716818,10.75484974,35.6539887,0.5681007,88.91327941,294.7612598,0.002120449,0.331870842,1.100203122,37.53910783,,415.56363235199996,,,331.1814346,,27.461831931,3.119774481,,30.20500492
1275,United States,2010,0.349144918,1.180660776,0.006847118,333.1168355,111.6205202,31.3856059,99.84834714899999,5.430410092,73.23748117000001,,59.23756288,10.8299593,6.910982177,,10.66799366,,,100.000000004,855.14323521,25.56719659,1.243861099,,9.638897385,31.56162615,34.50955197,0.613575666,312.7054656,0.064926858,10.58171981,33.08961621,0.547519163,89.23417162,279.0401319,0.001129645,0.184108563,0.57571754,37.18332382,74.83066961,400.188496195,,,317.2884046,,27.536214388,3.201004771,,29.93237384
1276,United States,2011,0.353035404,1.202524865,0.006869034,343.9049293,104.71918,31.85563897,99.99999994000001,5.242866957,71.74167142,,60.83472874,10.98445193,6.850908628,,10.42385171,,,100.00000000399999,809.3480774760001,24.00653114,1.201910483,,10.38307026,,,0.605728951,294.3083267,0.074367258,12.27731616,36.13316374,0.530233468,87.53642487,257.6269873,0.001128225,0.186258971,0.548175661,35.73476164,,389.73811062199997,,,303.904644,,27.604124762,3.191879117,,28.18091189
1277,United States,2012,0.321781421,1.104136467,0.006750709,349.5815003,98.28560289,32.5831349,100.000000003,5.0896628,73.683366454,,59.76289932,10.88327534,7.097319754,,10.76279203,,,100.00000000200001,790.502899184,22.91686277,1.186736251,,10.58411766,,,0.595316098,294.2566652,0.082875753,13.92130216,40.96435947,0.511450433,85.91241442,252.8030056,0.000989912,0.166283426,0.489300064,36.6093351,,378.767667936,,,292.8407644,,27.940791996999998,3.151301587,,29.35373727
1278,United States,2013,0.329051501,1.1369326,0.006730405,359.4692718,97.78059197,32.68689333,99.99999999900001,5.210838012,74.08056042,,58.55447811,11.3071214,6.839638784,,10.40720291,,,100.000000001,791.4482168279999,22.41750947,1.197313594,,10.6269698,34.32522204,34.94955926,0.560821058,284.4055958,0.077549735,13.82789292,39.32730125,0.482083574,85.96031971,244.4759594,0.001187748,0.211787367,0.602335122,35.82806315,66.86932838,367.247545433,,,284.892033,,29.344573028,3.136915982,,30.13840049
1279,United States,2014,0.310942999,1.082272378,0.006871664,380.0326772,93.43489698,32.49430414,100.000000001,5.150491226,75.149331721,,57.02554894,11.6449597,6.724551534,,10.28436117,,,99.99999999600001,777.79678672,21.68474764,1.199260126,,10.52644776,,,0.560940112,292.7995861,0.085637726,15.2668216,44.70119044,0.473769572,84.45992036,247.2982972,0.001532814,0.273258044,0.80009842,38.14372144,,353.188802616,,,276.5380985,,29.465954456,3.201743029,,31.32949135
1280,United States,2015,0.330486788,1.158796688,0.007013839,400.0708532,93.37827756,34.49342977,100.00000005400001,5.300405906,74.743096964,,52.83604245,11.98895762,7.123129938,,11.06320113,,,100.000000001,735.852905221,21.42113107,1.221865777,,9.859860081,,,0.583440613,332.7957405,0.095143771,16.30736171,54.27020514,0.486760905,83.42938319,277.6494335,0.001535937,0.263255103,0.876101769,36.76061624,,351.45893300800003,,,272.2882113,,29.802292269000002,3.355602144,,35.17499994
1281,United States,2016,0.321909911,1.1369326,0.0071945,418.7674933,91.53293224,35.3668847,100.000000004,5.296712843,74.480815354,,51.89605034,12.15127197,7.411056443,,11.70204433,,,99.99999999900001,701.146290332,21.27635475,1.238424572,,9.56347252,,,0.569377402,338.2479153,0.073400632,12.89138485,43.6048405,0.493823077,86.73036121,293.3636387,0.002153692,0.378253947,1.279436091,37.32915852,,348.251495877,,,271.2746929,,29.979597345000002,3.349873995,,35.95259325
1282,United States,2017,,,,,88.51402519,36.20895202,99.999999952,5.30267647,74.92155165,,52.40926364,12.16837295,7.248485277,,11.52582269,,,100.00000000200001,738.85799653,23.67573012,1.428173582,,9.754460125,,,0.560763538,331.3759414,0.066104679,11.78833397,39.06370268,0.492573412,87.83977183,291.0798708,0.002085447,0.371894194,1.232367885,34.74741407,,336.143166352,,,263.6010031,,29.985623885,3.349004339,,35.4224427
1283,United States,2018,,,,,85.82430435,35.88797642,99.999999992,5.39176683,75.119552832,,52.88931845,12.59767175,7.063553152,,11.27010249,,,99.999999998,723.196279656,22.48468381,1.421055532,,9.958151238,,,0.558402211,322.4155282,0.060089717,10.76100986,34.69516679,0.4963809,88.8930757,286.6050796,0.001931594,0.345914441,1.115281872,37.16140901,,322.432249775,,,252.4529111,,30.03925562,3.37665053,,34.5130098
1284,United States,2019,,,,,82.19198334,37.03717511,99.99999994000001,5.352374393,75.007903864,,52.42254339,13.89656275,6.925670041,,11.07270283,,,99.999999999,296.226105391,21.5354858,1.411609548,,9.692903683,,,0.563612782,336.8043332,0.06027738,10.6948213,36.02062155,0.501802973,89.03328485,299.8679613,0.001532429,0.271893859,0.9157503,36.29636661,,311.696467153,,,243.9113072,,30.39129123,3.396150743,,33.68089385
1285,United States,2020,,,,,71.59930378,35.41679491,100.000000002,4.548605986,75.02423634,,52.45807257,7.775712004,8.347448271,,11.76586157,,,99.999999999,280.440925123,18.84507024,1.2120659,,8.370763138,,,0.555331228,332.3296373,0.05070124,9.129909723,30.34139586,0.503058911,90.58718215,301.0480539,0.001571077,0.282908127,0.940187551,37.06340919,,268.075375455,,,219.1500254,,30.385722418,3.062730855,,39.76621543
1286,United States,2021,,,,,71.35631621,36.57030622,100.0,5.010602881,75.28383959899999,,51.20076434,9.967641485,8.496913979,,12.93152606,,,100.000000001,261.604742178,18.60188543,1.321773268,,9.744919596,,,0.50277886,277.8975108,0.043392331,8.630500279,23.98394545,0.458018386,91.09738354,253.1573613,0.001368143,0.272116184,0.756204101,36.3150978,,262.254227006,,,214.1847564,,30.594828844000002,3.196540408,,38.83159418
1287,United States,2022,,,,,,,,,75.453450265,,52.88943778,12.69515294,8.265142749,,12.75656975,,,,219.15498688,17.01632078,1.314454182,,10.39971844,,,,,,,,0.458881698,,232.3789491,,,,,,0.823517559,,,199.8038079,,30.546095674,,,34.41540929
1288,United States,2023,,,,,,,,,,,51.06041949,14.14942763,7.804845552,,12.23893013,,,,78.76708161,16.27649055,1.32971094,,9.918098367,,,,,,,,,,,,,,,,0.941049712,,,191.9475931,,,,,34.79020824
